o PRT0001
v -1016 0 1016
v -1016 0 -1016
v 1016 0 1016
v 1016 0 -1016
v 381 0 0
v 375.80364990234375 0 -62.710540771484375
v 360.35638427734375 0 -123.71049499511719
v 335.0794982910156 0 -181.33595275878906
v 300.66253662109375 0 -234.01504516601562
v 258.0442810058594 0 -280.3108215332031
v 208.3872528076172 0 -318.9604187011719
v 153.04595947265625 0 -348.9096374511719
v 93.52996826171875 0 -369.34149169921875
v 31.462730407714844 0 -379.6986999511719
v -31.462730407714844 0 -379.6986999511719
v -93.52996826171875 0 -369.34149169921875
v -153.04595947265625 0 -348.9096374511719
v -208.3872528076172 0 -318.9604187011719
v -258.0442810058594 0 -280.3108215332031
v -300.66253662109375 0 -234.01504516601562
v -335.0794982910156 0 -181.33595275878906
v -360.35638427734375 0 -123.71049499511719
v -375.80364990234375 0 -62.710540771484375
v -381 0 0
v -375.80364990234375 0 62.710540771484375
v -360.35638427734375 0 123.71049499511719
v -335.0794982910156 0 181.33595275878906
v -300.66253662109375 0 234.01504516601562
v -258.0442810058594 0 280.3108215332031
v -208.3872528076172 0 318.9604187011719
v -153.04595947265625 0 348.9096374511719
v -93.52996826171875 0 369.34149169921875
v -31.462730407714844 0 379.6986999511719
v 31.462730407714844 0 379.6986999511719
v 93.52996826171875 0 369.34149169921875
v 153.04595947265625 0 348.9096374511719
v 208.3872528076172 0 318.9604187011719
v 258.0442810058594 0 280.3108215332031
v 300.66253662109375 0 234.01504516601562
v 335.0794982910156 0 181.33595275878906
v 360.35638427734375 0 123.71049499511719
v 375.80364990234375 0 62.710540771484375
v 381 0 0
v 375.80364990234375 0 -62.710540771484375
v 360.35638427734375 0 -123.71049499511719
v 335.0794982910156 0 -181.33595275878906
v 300.66253662109375 0 -234.01504516601562
v 258.0442810058594 0 -280.3108215332031
v 208.3872528076172 0 -318.9604187011719
v 153.04595947265625 0 -348.9096374511719
v 93.52996826171875 0 -369.34149169921875
v 31.462730407714844 0 -379.6986999511719
v -31.462730407714844 0 -379.6986999511719
v -93.52996826171875 0 -369.34149169921875
v -153.04595947265625 0 -348.9096374511719
v -208.3872528076172 0 -318.9604187011719
v -258.0442810058594 0 -280.3108215332031
v -300.66253662109375 0 -234.01504516601562
v -335.0794982910156 0 -181.33595275878906
v -360.35638427734375 0 -123.71049499511719
v -375.80364990234375 0 -62.710540771484375
v -381 0 0
v -381 508 0
v 381 508 0
v 375.80364990234375 508 -62.710540771484375
v 360.35638427734375 508 -123.71049499511719
v 335.0794982910156 508 -181.33595275878906
v 300.66253662109375 508 -234.01504516601562
v 258.0442810058594 508 -280.3108215332031
v 208.3872528076172 508 -318.9604187011719
v 153.04595947265625 508 -348.9096374511719
v 93.52996826171875 508 -369.34149169921875
v 31.462730407714844 508 -379.6986999511719
v -31.462730407714844 508 -379.6986999511719
v -93.52996826171875 508 -369.34149169921875
v -153.04595947265625 508 -348.9096374511719
v -208.3872528076172 508 -318.9604187011719
v -258.0442810058594 508 -280.3108215332031
v -300.66253662109375 508 -234.01504516601562
v -335.0794982910156 508 -181.33595275878906
v -360.35638427734375 508 -123.71049499511719
v -375.80364990234375 508 -62.710540771484375
v -381 0 0
v -375.80364990234375 0 62.710540771484375
v -360.35638427734375 0 123.71049499511719
v -335.0794982910156 0 181.33595275878906
v -300.66253662109375 0 234.01504516601562
v -258.0442810058594 0 280.3108215332031
v -208.3872528076172 0 318.9604187011719
v -153.04595947265625 0 348.9096374511719
v -93.52996826171875 0 369.34149169921875
v -31.462730407714844 0 379.6986999511719
v 31.462730407714844 0 379.6986999511719
v 93.52996826171875 0 369.34149169921875
v 153.04595947265625 0 348.9096374511719
v 208.3872528076172 0 318.9604187011719
v 258.0442810058594 0 280.3108215332031
v 300.66253662109375 0 234.01504516601562
v 335.0794982910156 0 181.33595275878906
v 360.35638427734375 0 123.71049499511719
v 375.80364990234375 0 62.710540771484375
v 381 0 0
v 381 508 0
v -381 508 0
v -375.80364990234375 508 62.710540771484375
v -360.35638427734375 508 123.71049499511719
v -335.0794982910156 508 181.33595275878906
v -300.66253662109375 508 234.01504516601562
v -258.0442810058594 508 280.3108215332031
v -208.3872528076172 508 318.9604187011719
v -153.04595947265625 508 348.9096374511719
v -93.52996826171875 508 369.34149169921875
v -31.462730407714844 508 379.6986999511719
v 31.462730407714844 508 379.6986999511719
v 93.52996826171875 508 369.34149169921875
v 153.04595947265625 508 348.9096374511719
v 208.3872528076172 508 318.9604187011719
v 258.0442810058594 508 280.3108215332031
v 300.66253662109375 508 234.01504516601562
v 335.0794982910156 508 181.33595275878906
v 360.35638427734375 508 123.71049499511719
v 375.80364990234375 508 62.710540771484375
v -762 508 0
v -756.84765625 508 88.46279907226562
v -741.460205078125 508 175.7292938232422
v -716.0457763671875 508 260.6193542480469
v -680.9480590820312 508 341.9849853515625
v -636.6417236328125 508 418.725830078125
v -583.7258911132812 508 489.8041687011719
v -522.9161376953125 508 554.2587280273438
v -455.03485107421875 508 611.2178955078125
v -381 508 659.911376953125
v -301.8127746582031 508 699.6806640625
v -218.5440673828125 508 729.988037109375
v -132.31991577148438 508 750.4235229492188
v -44.306358337402344 508 760.7108154296875
v 44.306358337402344 508 760.7108154296875
v 132.31991577148438 508 750.4235229492188
v 218.5440673828125 508 729.988037109375
v 301.8127746582031 508 699.6806640625
v 381 508 659.911376953125
v 455.03485107421875 508 611.2178955078125
v 522.9161376953125 508 554.2587280273438
v 583.7258911132812 508 489.8041687011719
v 636.6417236328125 508 418.725830078125
v 680.9480590820312 508 341.9849853515625
v 716.0457763671875 508 260.6193542480469
v 741.460205078125 508 175.7292938232422
v 756.84765625 508 88.46279907226562
v 762 508 0
v 756.84765625 508 -88.46279907226562
v 741.460205078125 508 -175.7292938232422
v 716.0457763671875 508 -260.6193542480469
v 680.9480590820312 508 -341.9849853515625
v 636.6417236328125 508 -418.725830078125
v 583.7258911132812 508 -489.8041687011719
v 522.9161376953125 508 -554.2587280273438
v 455.03485107421875 508 -611.2178955078125
v 381 508 -659.911376953125
v 301.8127746582031 508 -699.6806640625
v 218.5440673828125 508 -729.988037109375
v 132.31991577148438 508 -750.4235229492188
v 44.306358337402344 508 -760.7108154296875
v -44.306358337402344 508 -760.7108154296875
v -132.31991577148438 508 -750.4235229492188
v -218.5440673828125 508 -729.988037109375
v -301.8127746582031 508 -699.6806640625
v -381 508 -659.911376953125
v -455.03485107421875 508 -611.2178955078125
v -522.9161376953125 508 -554.2587280273438
v -583.7258911132812 508 -489.8041687011719
v -636.6417236328125 508 -418.725830078125
v -680.9480590820312 508 -341.9849853515625
v -716.0457763671875 508 -260.6193542480469
v -741.460205078125 508 -175.7292938232422
v -756.84765625 508 -88.46279907226562
v -381 508 0
v -375.80364990234375 508 62.710540771484375
v -360.35638427734375 508 123.71049499511719
v -335.0794982910156 508 181.33595275878906
v -300.66253662109375 508 234.01504516601562
v -258.0442810058594 508 280.3108215332031
v -208.3872528076172 508 318.9604187011719
v -153.04595947265625 508 348.9096374511719
v -93.52996826171875 508 369.34149169921875
v -31.462730407714844 508 379.6986999511719
v 31.462730407714844 508 379.6986999511719
v 93.52996826171875 508 369.34149169921875
v 153.04595947265625 508 348.9096374511719
v 208.3872528076172 508 318.9604187011719
v 258.0442810058594 508 280.3108215332031
v 300.66253662109375 508 234.01504516601562
v 335.0794982910156 508 181.33595275878906
v 360.35638427734375 508 123.71049499511719
v 375.80364990234375 508 62.710540771484375
v 381 508 0
v 375.80364990234375 508 -62.710540771484375
v 360.35638427734375 508 -123.71049499511719
v 335.0794982910156 508 -181.33595275878906
v 300.66253662109375 508 -234.01504516601562
v 258.0442810058594 508 -280.3108215332031
v 208.3872528076172 508 -318.9604187011719
v 153.04595947265625 508 -348.9096374511719
v 93.52996826171875 508 -369.34149169921875
v 31.462730407714844 508 -379.6986999511719
v -31.462730407714844 508 -379.6986999511719
v -93.52996826171875 508 -369.34149169921875
v -153.04595947265625 508 -348.9096374511719
v -208.3872528076172 508 -318.9604187011719
v -258.0442810058594 508 -280.3108215332031
v -300.66253662109375 508 -234.01504516601562
v -335.0794982910156 508 -181.33595275878906
v -360.35638427734375 508 -123.71049499511719
v -375.80364990234375 508 -62.710540771484375
v 762 889 0
v 756.84765625 889 -88.46279907226562
v 741.460205078125 889 -175.7292938232422
v 716.0457763671875 889 -260.6193542480469
v 680.9480590820312 889 -341.9849853515625
v 636.6417236328125 889 -418.725830078125
v 583.7258911132812 889 -489.8041687011719
v 522.9161376953125 889 -554.2587280273438
v 455.03485107421875 889 -611.2178955078125
v 381 889 -659.911376953125
v 301.8127746582031 889 -699.6806640625
v 218.5440673828125 889 -729.988037109375
v 132.31991577148438 889 -750.4235229492188
v 44.306358337402344 889 -760.7108154296875
v -44.306358337402344 889 -760.7108154296875
v -132.31991577148438 889 -750.4235229492188
v -218.5440673828125 889 -729.988037109375
v -301.8127746582031 889 -699.6806640625
v -381 889 -659.911376953125
v -455.03485107421875 889 -611.2178955078125
v -522.9161376953125 889 -554.2587280273438
v -583.7258911132812 889 -489.8041687011719
v -636.6417236328125 889 -418.725830078125
v -680.9480590820312 889 -341.9849853515625
v -716.0457763671875 889 -260.6193542480469
v -741.460205078125 889 -175.7292938232422
v -756.84765625 889 -88.46279907226562
v -762 889 0
v 762 508 0
v 756.84765625 508 -88.46279907226562
v 741.460205078125 508 -175.7292938232422
v 716.0457763671875 508 -260.6193542480469
v 680.9480590820312 508 -341.9849853515625
v 636.6417236328125 508 -418.725830078125
v 583.7258911132812 508 -489.8041687011719
v 522.9161376953125 508 -554.2587280273438
v 455.03485107421875 508 -611.2178955078125
v 381 508 -659.911376953125
v 301.8127746582031 508 -699.6806640625
v 218.5440673828125 508 -729.988037109375
v 132.31991577148438 508 -750.4235229492188
v 44.306358337402344 508 -760.7108154296875
v -44.306358337402344 508 -760.7108154296875
v -132.31991577148438 508 -750.4235229492188
v -218.5440673828125 508 -729.988037109375
v -301.8127746582031 508 -699.6806640625
v -381 508 -659.911376953125
v -455.03485107421875 508 -611.2178955078125
v -522.9161376953125 508 -554.2587280273438
v -583.7258911132812 508 -489.8041687011719
v -636.6417236328125 508 -418.725830078125
v -680.9480590820312 508 -341.9849853515625
v -716.0457763671875 508 -260.6193542480469
v -741.460205078125 508 -175.7292938232422
v -756.84765625 508 -88.46279907226562
v -762 508 0
v -1016 889 0
v -1010.7872314453125 889 102.78701782226562
v -995.202392578125 889 204.51930236816406
v -969.4054565429688 889 304.1529235839844
v -933.6611328125 889 400.6655578613281
v -888.336181640625 889 493.0668029785156
v -833.8956298828125 889 580.4085083007812
v -770.8982543945312 889 661.79443359375
v -699.9904174804688 889 736.3894653320312
v -621.899658203125 889 803.4281616210938
v -537.4274291992188 889 862.2225952148438
v -447.4404602050781 889 912.16943359375
v -352.8621520996094 889 952.7561645507812
v -254.66297912597656 889 983.5663452148438
v -153.85061645507812 889 1004.2838134765625
v -51.459556579589844 889 1014.6959838867188
v 51.459556579589844 889 1014.6959838867188
v 153.85061645507812 889 1004.2838134765625
v 254.66297912597656 889 983.5663452148438
v 352.8621520996094 889 952.7561645507812
v 447.4404602050781 889 912.16943359375
v 537.4274291992188 889 862.2225952148438
v 621.899658203125 889 803.4281616210938
v 699.9904174804688 889 736.3894653320312
v 770.8982543945312 889 661.79443359375
v 833.8956298828125 889 580.4085083007812
v 888.336181640625 889 493.0668029785156
v 933.6611328125 889 400.6655578613281
v 969.4054565429688 889 304.1529235839844
v 995.202392578125 889 204.51930236816406
v 1010.7872314453125 889 102.78701782226562
v 1016 889 0
v 1010.7872314453125 889 -102.78701782226562
v 995.202392578125 889 -204.51930236816406
v 969.4054565429688 889 -304.1529235839844
v 933.6611328125 889 -400.6655578613281
v 888.336181640625 889 -493.0668029785156
v 833.8956298828125 889 -580.4085083007812
v 770.8982543945312 889 -661.79443359375
v 699.9904174804688 889 -736.3894653320312
v 621.899658203125 889 -803.4281616210938
v 537.4274291992188 889 -862.2225952148438
v 447.4404602050781 889 -912.16943359375
v 352.8621520996094 889 -952.7561645507812
v 254.66297912597656 889 -983.5663452148438
v 153.85061645507812 889 -1004.2838134765625
v 51.459556579589844 889 -1014.6959838867188
v -51.459556579589844 889 -1014.6959838867188
v -153.85061645507812 889 -1004.2838134765625
v -254.66297912597656 889 -983.5663452148438
v -352.8621520996094 889 -952.7561645507812
v -447.4404602050781 889 -912.16943359375
v -537.4274291992188 889 -862.2225952148438
v -621.899658203125 889 -803.4281616210938
v -699.9904174804688 889 -736.3894653320312
v -770.8982543945312 889 -661.79443359375
v -833.8956298828125 889 -580.4085083007812
v -888.336181640625 889 -493.0668029785156
v -933.6611328125 889 -400.6655578613281
v -969.4054565429688 889 -304.1529235839844
v -995.202392578125 889 -204.51930236816406
v -1010.7872314453125 889 -102.78701782226562
v -762 889 0
v -756.84765625 889 88.46279907226562
v -741.460205078125 889 175.7292938232422
v -716.0457763671875 889 260.6193542480469
v -680.9480590820312 889 341.9849853515625
v -636.6417236328125 889 418.725830078125
v -583.7258911132812 889 489.8041687011719
v -522.9161376953125 889 554.2587280273438
v -455.03485107421875 889 611.2178955078125
v -381 889 659.911376953125
v -301.8127746582031 889 699.6806640625
v -218.5440673828125 889 729.988037109375
v -132.31991577148438 889 750.4235229492188
v -44.306358337402344 889 760.7108154296875
v 44.306358337402344 889 760.7108154296875
v 132.31991577148438 889 750.4235229492188
v 218.5440673828125 889 729.988037109375
v 301.8127746582031 889 699.6806640625
v 381 889 659.911376953125
v 455.03485107421875 889 611.2178955078125
v 522.9161376953125 889 554.2587280273438
v 583.7258911132812 889 489.8041687011719
v 636.6417236328125 889 418.725830078125
v 680.9480590820312 889 341.9849853515625
v 716.0457763671875 889 260.6193542480469
v 741.460205078125 889 175.7292938232422
v 756.84765625 889 88.46279907226562
v 762 889 0
v 756.84765625 889 -88.46279907226562
v 741.460205078125 889 -175.7292938232422
v 716.0457763671875 889 -260.6193542480469
v 680.9480590820312 889 -341.9849853515625
v 636.6417236328125 889 -418.725830078125
v 583.7258911132812 889 -489.8041687011719
v 522.9161376953125 889 -554.2587280273438
v 455.03485107421875 889 -611.2178955078125
v 381 889 -659.911376953125
v 301.8127746582031 889 -699.6806640625
v 218.5440673828125 889 -729.988037109375
v 132.31991577148438 889 -750.4235229492188
v 44.306358337402344 889 -760.7108154296875
v -44.306358337402344 889 -760.7108154296875
v -132.31991577148438 889 -750.4235229492188
v -218.5440673828125 889 -729.988037109375
v -301.8127746582031 889 -699.6806640625
v -381 889 -659.911376953125
v -455.03485107421875 889 -611.2178955078125
v -522.9161376953125 889 -554.2587280273438
v -583.7258911132812 889 -489.8041687011719
v -636.6417236328125 889 -418.725830078125
v -680.9480590820312 889 -341.9849853515625
v -716.0457763671875 889 -260.6193542480469
v -741.460205078125 889 -175.7292938232422
v -756.84765625 889 -88.46279907226562
v 0 381 -1016
v -99.58541107177734 381 -1011.107666015625
v -198.21176147460938 381 -996.4778442382812
v -294.9292297363281 381 -972.2514038085938
v -388.8063659667969 381 -938.66162109375
v -478.9390869140625 381 -896.031982421875
v -564.4593505859375 381 -844.7731323242188
v -644.5435791015625 381 -785.3786010742188
v -718.4204711914062 381 -718.4204711914062
v -785.3786010742188 381 -644.5435791015625
v -844.7731323242188 381 -564.4593505859375
v -896.031982421875 381 -478.9390869140625
v -938.66162109375 381 -388.8063659667969
v -972.2514038085938 381 -294.9292297363281
v -996.4778442382812 381 -198.21176147460938
v -1011.107666015625 381 -99.58541107177734
v -1016 381 0
v -1016 889 0
v 1016 889 0
v 1010.7872314453125 889 -102.78701782226562
v 995.202392578125 889 -204.51930236816406
v 969.4054565429688 889 -304.1529235839844
v 933.6611328125 889 -400.6655578613281
v 888.336181640625 889 -493.0668029785156
v 833.8956298828125 889 -580.4085083007812
v 770.8982543945312 889 -661.79443359375
v 699.9904174804688 889 -736.3894653320312
v 621.899658203125 889 -803.4281616210938
v 537.4274291992188 889 -862.2225952148438
v 447.4404602050781 889 -912.16943359375
v 352.8621520996094 889 -952.7561645507812
v 254.66297912597656 889 -983.5663452148438
v 153.85061645507812 889 -1004.2838134765625
v 51.459556579589844 889 -1014.6959838867188
v -51.459556579589844 889 -1014.6959838867188
v -153.85061645507812 889 -1004.2838134765625
v -254.66297912597656 889 -983.5663452148438
v -352.8621520996094 889 -952.7561645507812
v -447.4404602050781 889 -912.16943359375
v -537.4274291992188 889 -862.2225952148438
v -621.899658203125 889 -803.4281616210938
v -699.9904174804688 889 -736.3894653320312
v -770.8982543945312 889 -661.79443359375
v -833.8956298828125 889 -580.4085083007812
v -888.336181640625 889 -493.0668029785156
v -933.6611328125 889 -400.6655578613281
v -969.4054565429688 889 -304.1529235839844
v -995.202392578125 889 -204.51930236816406
v -1010.7872314453125 889 -102.78701782226562
v 1016 381 0
v 1011.107666015625 381 -99.58541107177734
v 996.4778442382812 381 -198.21176147460938
v 972.2514038085938 381 -294.9292297363281
v 938.66162109375 381 -388.8063659667969
v 896.031982421875 381 -478.9390869140625
v 844.7731323242188 381 -564.4593505859375
v 785.3786010742188 381 -644.5435791015625
v 718.4204711914062 381 -718.4204711914062
v 644.5435791015625 381 -785.3786010742188
v 564.4593505859375 381 -844.7731323242188
v 478.9390869140625 381 -896.031982421875
v 388.8063659667969 381 -938.66162109375
v 294.9292297363281 381 -972.2514038085938
v 198.21176147460938 381 -996.4778442382812
v 99.58541107177734 381 -1011.107666015625
v 0 381 1016
v 99.58541107177734 381 1011.107666015625
v 198.21176147460938 381 996.4778442382812
v 294.9292297363281 381 972.2514038085938
v 388.8063659667969 381 938.66162109375
v 478.9390869140625 381 896.031982421875
v 564.4593505859375 381 844.7731323242188
v 644.5435791015625 381 785.3786010742188
v 718.4204711914062 381 718.4204711914062
v 785.3786010742188 381 644.5435791015625
v 844.7731323242188 381 564.4593505859375
v 896.031982421875 381 478.9390869140625
v 938.66162109375 381 388.8063659667969
v 972.2514038085938 381 294.9292297363281
v 996.4778442382812 381 198.21176147460938
v 1011.107666015625 381 99.58541107177734
v 1016 381 0
v 1524 381 1016
v 1524 381 -1016
v 0 381 -1016
v 1011.107666015625 381 -99.58541107177734
v 996.4778442382812 381 -198.21176147460938
v 972.2514038085938 381 -294.9292297363281
v 938.66162109375 381 -388.8063659667969
v 896.031982421875 381 -478.9390869140625
v 844.7731323242188 381 -564.4593505859375
v 785.3786010742188 381 -644.5435791015625
v 718.4204711914062 381 -718.4204711914062
v 644.5435791015625 381 -785.3786010742188
v 564.4593505859375 381 -844.7731323242188
v 478.9390869140625 381 -896.031982421875
v 388.8063659667969 381 -938.66162109375
v 294.9292297363281 381 -972.2514038085938
v 198.21176147460938 381 -996.4778442382812
v 99.58541107177734 381 -1011.107666015625
v 0 381 -1016
v -1524 381 -1016
v -1524 381 1016
v 0 381 1016
v -1016 381 0
v -1011.107666015625 381 99.58541107177734
v -996.4778442382812 381 198.21176147460938
v -972.2514038085938 381 294.9292297363281
v -938.66162109375 381 388.8063659667969
v -896.031982421875 381 478.9390869140625
v -844.7731323242188 381 564.4593505859375
v -785.3786010742188 381 644.5435791015625
v -718.4204711914062 381 718.4204711914062
v -644.5435791015625 381 785.3786010742188
v -564.4593505859375 381 844.7731323242188
v -478.9390869140625 381 896.031982421875
v -388.8063659667969 381 938.66162109375
v -294.9292297363281 381 972.2514038085938
v -198.21176147460938 381 996.4778442382812
v -99.58541107177734 381 1011.107666015625
v -99.58541107177734 381 -1011.107666015625
v -198.21176147460938 381 -996.4778442382812
v -294.9292297363281 381 -972.2514038085938
v -388.8063659667969 381 -938.66162109375
v -478.9390869140625 381 -896.031982421875
v -564.4593505859375 381 -844.7731323242188
v -644.5435791015625 381 -785.3786010742188
v -718.4204711914062 381 -718.4204711914062
v -785.3786010742188 381 -644.5435791015625
v -844.7731323242188 381 -564.4593505859375
v -896.031982421875 381 -478.9390869140625
v -938.66162109375 381 -388.8063659667969
v -972.2514038085938 381 -294.9292297363281
v -996.4778442382812 381 -198.21176147460938
v -1011.107666015625 381 -99.58541107177734
v 0 381 -1016
v -1524 381 -1016
v 1524 381 -1016
v 1524 -889 -1016
v 1016 -889 -1016
v 1016 0 -1016
v -1016 0 -1016
v -1016 -889 -1016
v -1524 -889 -1016
v -1524 381 -1016
v -1524 381 1016
v -1524 -889 -1016
v -1524 -889 1016
v -1524 -991.7869873046875 1010.7872314453125
v -1524 -1093.519287109375 995.202392578125
v -1524 -1193.1529541015625 969.4054565429688
v -1524 -1289.66552734375 933.6611328125
v -1524 -1382.0667724609375 888.336181640625
v -1524 -1469.408447265625 833.8956298828125
v -1524 -1550.79443359375 770.8982543945312
v -1524 -1625.3895263671875 699.9904174804688
v -1524 -1692.4281005859375 621.899658203125
v -1524 -1751.2225341796875 537.4274291992188
v -1524 -1801.16943359375 447.4404602050781
v -1524 -1841.7562255859375 352.8621520996094
v -1524 -1872.56640625 254.66297912597656
v -1524 -1893.2838134765625 153.85061645507812
v -1524 -1903.6959228515625 51.459556579589844
v -1524 -1903.6959228515625 -51.459556579589844
v -1524 -1893.2838134765625 -153.85061645507812
v -1524 -1872.56640625 -254.66297912597656
v -1524 -1841.7562255859375 -352.8621520996094
v -1524 -1801.16943359375 -447.4404602050781
v -1524 -1751.2225341796875 -537.4274291992188
v -1524 -1692.4281005859375 -621.899658203125
v -1524 -1625.3895263671875 -699.9904174804688
v -1524 -1550.79443359375 -770.8982543945312
v -1524 -1469.408447265625 -833.8956298828125
v -1524 -1382.0667724609375 -888.336181640625
v -1524 -1289.66552734375 -933.6611328125
v -1524 -1193.1529541015625 -969.4054565429688
v -1524 -1093.519287109375 -995.202392578125
v -1524 -991.7869873046875 -1010.7872314453125
v -1524 -482.6000061035156 0
v -1524 -487.60345458984375 -63.57496643066406
v -1524 -502.4906311035156 -125.58450317382812
v -1524 -526.8949584960938 -184.50173950195312
v -1524 -560.2155151367188 -238.8759307861328
v -1524 -601.6317749023438 -287.3681945800781
v -1524 -650.1240844726562 -328.7845153808594
v -1524 -704.498291015625 -362.10504150390625
v -1524 -763.4154663085938 -386.5093688964844
v -1524 -825.425048828125 -401.39654541015625
v -1524 -889 -406.3999938964844
v -1524 -952.574951171875 -401.39654541015625
v -1524 -1014.5845336914062 -386.5093688964844
v -1524 -1073.501708984375 -362.10504150390625
v -1524 -1127.8759765625 -328.7845153808594
v -1524 -1176.3681640625 -287.3681945800781
v -1524 -1217.7845458984375 -238.8759307861328
v -1524 -1251.1051025390625 -184.50173950195312
v -1524 -1275.5093994140625 -125.58450317382812
v -1524 -1290.396484375 -63.57496643066406
v -1524 -1295.4000244140625 0
v -1524 -1290.396484375 63.57496643066406
v -1524 -1275.5093994140625 125.58450317382812
v -1524 -1251.1051025390625 184.50173950195312
v -1524 -1217.7845458984375 238.8759307861328
v -1524 -1176.3681640625 287.3681945800781
v -1524 -1127.8759765625 328.7845153808594
v -1524 -1073.501708984375 362.10504150390625
v -1524 -1014.5845336914062 386.5093688964844
v -1524 -952.574951171875 401.39654541015625
v -1524 -889 406.3999938964844
v -1524 -825.425048828125 401.39654541015625
v -1524 -763.4154663085938 386.5093688964844
v -1524 -704.498291015625 362.10504150390625
v -1524 -650.1240844726562 328.7845153808594
v -1524 -601.6317749023438 287.3681945800781
v -1524 -560.2155151367188 238.8759307861328
v -1524 -526.8949584960938 184.50173950195312
v -1524 -502.4906311035156 125.58450317382812
v -1524 -487.60345458984375 63.57496643066406
v -1524 -1295.4000244140625 0
v -1524 -1290.396484375 63.57496643066406
v -1524 -1275.5093994140625 125.58450317382812
v -1524 -1251.1051025390625 184.50173950195312
v -1524 -1217.7845458984375 238.8759307861328
v -1524 -1176.3681640625 287.3681945800781
v -1524 -1127.8759765625 328.7845153808594
v -1524 -1073.501708984375 362.10504150390625
v -1524 -1014.5845336914062 386.5093688964844
v -1524 -952.574951171875 401.39654541015625
v -1524 -889 406.3999938964844
v -1524 -825.425048828125 401.39654541015625
v -1524 -763.4154663085938 386.5093688964844
v -1524 -704.498291015625 362.10504150390625
v -1524 -650.1240844726562 328.7845153808594
v -1524 -601.6317749023438 287.3681945800781
v -1524 -560.2155151367188 238.8759307861328
v -1524 -526.8949584960938 184.50173950195312
v -1524 -502.4906311035156 125.58450317382812
v -1524 -487.60345458984375 63.57496643066406
v -1524 -482.6000061035156 0
v -1016 -1295.4000244140625 0
v -1016 -1290.396484375 63.57496643066406
v -1016 -1275.5093994140625 125.58450317382812
v -1016 -1251.1051025390625 184.50173950195312
v -1016 -1217.7845458984375 238.8759307861328
v -1016 -1176.3681640625 287.3681945800781
v -1016 -1127.8759765625 328.7845153808594
v -1016 -1073.501708984375 362.10504150390625
v -1016 -1014.5845336914062 386.5093688964844
v -1016 -952.574951171875 401.39654541015625
v -1016 -889 406.3999938964844
v -1016 -825.425048828125 401.39654541015625
v -1016 -763.4154663085938 386.5093688964844
v -1016 -704.498291015625 362.10504150390625
v -1016 -650.1240844726562 328.7845153808594
v -1016 -601.6317749023438 287.3681945800781
v -1016 -560.2155151367188 238.8759307861328
v -1016 -526.8949584960938 184.50173950195312
v -1016 -502.4906311035156 125.58450317382812
v -1016 -487.60345458984375 63.57496643066406
v -1016 -482.6000061035156 0
v -1524 -482.6000061035156 0
v -1524 -487.60345458984375 -63.57496643066406
v -1524 -502.4906311035156 -125.58450317382812
v -1524 -526.8949584960938 -184.50173950195312
v -1524 -560.2155151367188 -238.8759307861328
v -1524 -601.6317749023438 -287.3681945800781
v -1524 -650.1240844726562 -328.7845153808594
v -1524 -704.498291015625 -362.10504150390625
v -1524 -763.4154663085938 -386.5093688964844
v -1524 -825.425048828125 -401.39654541015625
v -1524 -889 -406.3999938964844
v -1524 -952.574951171875 -401.39654541015625
v -1524 -1014.5845336914062 -386.5093688964844
v -1524 -1073.501708984375 -362.10504150390625
v -1524 -1127.8759765625 -328.7845153808594
v -1524 -1176.3681640625 -287.3681945800781
v -1524 -1217.7845458984375 -238.8759307861328
v -1524 -1251.1051025390625 -184.50173950195312
v -1524 -1275.5093994140625 -125.58450317382812
v -1524 -1290.396484375 -63.57496643066406
v -1524 -1295.4000244140625 0
v -1016 -482.6000061035156 0
v -1016 -487.60345458984375 -63.57496643066406
v -1016 -502.4906311035156 -125.58450317382812
v -1016 -526.8949584960938 -184.50173950195312
v -1016 -560.2155151367188 -238.8759307861328
v -1016 -601.6317749023438 -287.3681945800781
v -1016 -650.1240844726562 -328.7845153808594
v -1016 -704.498291015625 -362.10504150390625
v -1016 -763.4154663085938 -386.5093688964844
v -1016 -825.425048828125 -401.39654541015625
v -1016 -889 -406.3999938964844
v -1016 -952.574951171875 -401.39654541015625
v -1016 -1014.5845336914062 -386.5093688964844
v -1016 -1073.501708984375 -362.10504150390625
v -1016 -1127.8759765625 -328.7845153808594
v -1016 -1176.3681640625 -287.3681945800781
v -1016 -1217.7845458984375 -238.8759307861328
v -1016 -1251.1051025390625 -184.50173950195312
v -1016 -1275.5093994140625 -125.58450317382812
v -1016 -1290.396484375 -63.57496643066406
v -1016 -1295.4000244140625 0
v -1016 -889 1016
v -1016 -991.7869873046875 1010.7872314453125
v -1016 -1093.519287109375 995.202392578125
v -1016 -1193.1529541015625 969.4054565429688
v -1016 -1289.66552734375 933.6611328125
v -1016 -1382.0667724609375 888.336181640625
v -1016 -1469.408447265625 833.8956298828125
v -1016 -1550.79443359375 770.8982543945312
v -1016 -1625.3895263671875 699.9904174804688
v -1016 -1692.4281005859375 621.899658203125
v -1016 -1751.2225341796875 537.4274291992188
v -1016 -1801.16943359375 447.4404602050781
v -1016 -1841.7562255859375 352.8621520996094
v -1016 -1872.56640625 254.66297912597656
v -1016 -1893.2838134765625 153.85061645507812
v -1016 -1903.6959228515625 51.459556579589844
v -1016 -1903.6959228515625 -51.459556579589844
v -1016 -1893.2838134765625 -153.85061645507812
v -1016 -1872.56640625 -254.66297912597656
v -1016 -1841.7562255859375 -352.8621520996094
v -1016 -1801.16943359375 -447.4404602050781
v -1016 -1751.2225341796875 -537.4274291992188
v -1016 -1692.4281005859375 -621.899658203125
v -1016 -1625.3895263671875 -699.9904174804688
v -1016 -1550.79443359375 -770.8982543945312
v -1016 -1469.408447265625 -833.8956298828125
v -1016 -1382.0667724609375 -888.336181640625
v -1016 -1289.66552734375 -933.6611328125
v -1016 -1193.1529541015625 -969.4054565429688
v -1016 -1093.519287109375 -995.202392578125
v -1016 -991.7869873046875 -1010.7872314453125
v -1016 -889 -1016
v -1016 0 -1016
v -1016 0 1016
v -1016 -482.6000061035156 0
v -1016 -487.60345458984375 -63.57496643066406
v -1016 -502.4906311035156 -125.58450317382812
v -1016 -526.8949584960938 -184.50173950195312
v -1016 -560.2155151367188 -238.8759307861328
v -1016 -601.6317749023438 -287.3681945800781
v -1016 -650.1240844726562 -328.7845153808594
v -1016 -704.498291015625 -362.10504150390625
v -1016 -763.4154663085938 -386.5093688964844
v -1016 -825.425048828125 -401.39654541015625
v -1016 -889 -406.3999938964844
v -1016 -952.574951171875 -401.39654541015625
v -1016 -1014.5845336914062 -386.5093688964844
v -1016 -1073.501708984375 -362.10504150390625
v -1016 -1127.8759765625 -328.7845153808594
v -1016 -1176.3681640625 -287.3681945800781
v -1016 -1217.7845458984375 -238.8759307861328
v -1016 -1251.1051025390625 -184.50173950195312
v -1016 -1275.5093994140625 -125.58450317382812
v -1016 -1290.396484375 -63.57496643066406
v -1016 -1295.4000244140625 0
v -1016 -1290.396484375 63.57496643066406
v -1016 -1275.5093994140625 125.58450317382812
v -1016 -1251.1051025390625 184.50173950195312
v -1016 -1217.7845458984375 238.8759307861328
v -1016 -1176.3681640625 287.3681945800781
v -1016 -1127.8759765625 328.7845153808594
v -1016 -1073.501708984375 362.10504150390625
v -1016 -1014.5845336914062 386.5093688964844
v -1016 -952.574951171875 401.39654541015625
v -1016 -889 406.3999938964844
v -1016 -825.425048828125 401.39654541015625
v -1016 -763.4154663085938 386.5093688964844
v -1016 -704.498291015625 362.10504150390625
v -1016 -650.1240844726562 328.7845153808594
v -1016 -601.6317749023438 287.3681945800781
v -1016 -560.2155151367188 238.8759307861328
v -1016 -526.8949584960938 184.50173950195312
v -1016 -502.4906311035156 125.58450317382812
v -1016 -487.60345458984375 63.57496643066406
v 1016 0 1016
v 1016 -889 1016
v 1524 -889 1016
v 1524 381 1016
v 0 381 1016
v -1524 381 1016
v -1524 -889 1016
v -1016 -889 1016
v -1016 0 1016
v -1524 -889 -1016
v -1016 -889 -1016
v -1016 -889 1016
v -1016 -991.7869873046875 1010.7872314453125
v -1016 -1093.519287109375 995.202392578125
v -1016 -1193.1529541015625 969.4054565429688
v -1016 -1289.66552734375 933.6611328125
v -1016 -1382.0667724609375 888.336181640625
v -1016 -1469.408447265625 833.8956298828125
v -1016 -1550.79443359375 770.8982543945312
v -1016 -1625.3895263671875 699.9904174804688
v -1016 -1692.4281005859375 621.899658203125
v -1016 -1751.2225341796875 537.4274291992188
v -1016 -1801.16943359375 447.4404602050781
v -1016 -1841.7562255859375 352.8621520996094
v -1016 -1872.56640625 254.66297912597656
v -1016 -1893.2838134765625 153.85061645507812
v -1016 -1903.6959228515625 51.459556579589844
v -1016 -1903.6959228515625 -51.459556579589844
v -1016 -1893.2838134765625 -153.85061645507812
v -1016 -1872.56640625 -254.66297912597656
v -1016 -1841.7562255859375 -352.8621520996094
v -1016 -1801.16943359375 -447.4404602050781
v -1016 -1751.2225341796875 -537.4274291992188
v -1016 -1692.4281005859375 -621.899658203125
v -1016 -1625.3895263671875 -699.9904174804688
v -1016 -1550.79443359375 -770.8982543945312
v -1016 -1469.408447265625 -833.8956298828125
v -1016 -1382.0667724609375 -888.336181640625
v -1016 -1289.66552734375 -933.6611328125
v -1016 -1193.1529541015625 -969.4054565429688
v -1016 -1093.519287109375 -995.202392578125
v -1016 -991.7869873046875 -1010.7872314453125
v -1524 -889 1016
v -1524 -991.7869873046875 1010.7872314453125
v -1524 -1093.519287109375 995.202392578125
v -1524 -1193.1529541015625 969.4054565429688
v -1524 -1289.66552734375 933.6611328125
v -1524 -1382.0667724609375 888.336181640625
v -1524 -1469.408447265625 833.8956298828125
v -1524 -1550.79443359375 770.8982543945312
v -1524 -1625.3895263671875 699.9904174804688
v -1524 -1692.4281005859375 621.899658203125
v -1524 -1751.2225341796875 537.4274291992188
v -1524 -1801.16943359375 447.4404602050781
v -1524 -1841.7562255859375 352.8621520996094
v -1524 -1872.56640625 254.66297912597656
v -1524 -1893.2838134765625 153.85061645507812
v -1524 -1903.6959228515625 51.459556579589844
v -1524 -1903.6959228515625 -51.459556579589844
v -1524 -1893.2838134765625 -153.85061645507812
v -1524 -1872.56640625 -254.66297912597656
v -1524 -1841.7562255859375 -352.8621520996094
v -1524 -1801.16943359375 -447.4404602050781
v -1524 -1751.2225341796875 -537.4274291992188
v -1524 -1692.4281005859375 -621.899658203125
v -1524 -1625.3895263671875 -699.9904174804688
v -1524 -1550.79443359375 -770.8982543945312
v -1524 -1469.408447265625 -833.8956298828125
v -1524 -1382.0667724609375 -888.336181640625
v -1524 -1289.66552734375 -933.6611328125
v -1524 -1193.1529541015625 -969.4054565429688
v -1524 -1093.519287109375 -995.202392578125
v -1524 -991.7869873046875 -1010.7872314453125
v 1524 381 1016
v 1524 381 -1016
v 1524 -889 1016
v 1524 -991.7869873046875 1010.7872314453125
v 1524 -1093.519287109375 995.202392578125
v 1524 -1193.1529541015625 969.4054565429688
v 1524 -1289.66552734375 933.6611328125
v 1524 -1382.0667724609375 888.336181640625
v 1524 -1469.408447265625 833.8956298828125
v 1524 -1550.79443359375 770.8982543945312
v 1524 -1625.3895263671875 699.9904174804688
v 1524 -1692.4281005859375 621.899658203125
v 1524 -1751.2225341796875 537.4274291992188
v 1524 -1801.16943359375 447.4404602050781
v 1524 -1841.7562255859375 352.8621520996094
v 1524 -1872.56640625 254.66297912597656
v 1524 -1893.2838134765625 153.85061645507812
v 1524 -1903.6959228515625 51.459556579589844
v 1524 -1903.6959228515625 -51.459556579589844
v 1524 -1893.2838134765625 -153.85061645507812
v 1524 -1872.56640625 -254.66297912597656
v 1524 -1841.7562255859375 -352.8621520996094
v 1524 -1801.16943359375 -447.4404602050781
v 1524 -1751.2225341796875 -537.4274291992188
v 1524 -1692.4281005859375 -621.899658203125
v 1524 -1625.3895263671875 -699.9904174804688
v 1524 -1550.79443359375 -770.8982543945312
v 1524 -1469.408447265625 -833.8956298828125
v 1524 -1382.0667724609375 -888.336181640625
v 1524 -1289.66552734375 -933.6611328125
v 1524 -1193.1529541015625 -969.4054565429688
v 1524 -1093.519287109375 -995.202392578125
v 1524 -991.7869873046875 -1010.7872314453125
v 1524 -889 -1016
v 1524 -482.6000061035156 0
v 1524 -487.60345458984375 -63.57496643066406
v 1524 -502.4906311035156 -125.58450317382812
v 1524 -526.8949584960938 -184.50173950195312
v 1524 -560.2155151367188 -238.8759307861328
v 1524 -601.6317749023438 -287.3681945800781
v 1524 -650.1240844726562 -328.7845153808594
v 1524 -704.498291015625 -362.10504150390625
v 1524 -763.4154663085938 -386.5093688964844
v 1524 -825.425048828125 -401.39654541015625
v 1524 -889 -406.3999938964844
v 1524 -952.574951171875 -401.39654541015625
v 1524 -1014.5845336914062 -386.5093688964844
v 1524 -1073.501708984375 -362.10504150390625
v 1524 -1127.8759765625 -328.7845153808594
v 1524 -1176.3681640625 -287.3681945800781
v 1524 -1217.7845458984375 -238.8759307861328
v 1524 -1251.1051025390625 -184.50173950195312
v 1524 -1275.5093994140625 -125.58450317382812
v 1524 -1290.396484375 -63.57496643066406
v 1524 -1295.4000244140625 0
v 1524 -1290.396484375 63.57496643066406
v 1524 -1275.5093994140625 125.58450317382812
v 1524 -1251.1051025390625 184.50173950195312
v 1524 -1217.7845458984375 238.8759307861328
v 1524 -1176.3681640625 287.3681945800781
v 1524 -1127.8759765625 328.7845153808594
v 1524 -1073.501708984375 362.10504150390625
v 1524 -1014.5845336914062 386.5093688964844
v 1524 -952.574951171875 401.39654541015625
v 1524 -889 406.3999938964844
v 1524 -825.425048828125 401.39654541015625
v 1524 -763.4154663085938 386.5093688964844
v 1524 -704.498291015625 362.10504150390625
v 1524 -650.1240844726562 328.7845153808594
v 1524 -601.6317749023438 287.3681945800781
v 1524 -560.2155151367188 238.8759307861328
v 1524 -526.8949584960938 184.50173950195312
v 1524 -502.4906311035156 125.58450317382812
v 1524 -487.60345458984375 63.57496643066406
v 1524 -1295.4000244140625 0
v 1524 -1290.396484375 63.57496643066406
v 1524 -1275.5093994140625 125.58450317382812
v 1524 -1251.1051025390625 184.50173950195312
v 1524 -1217.7845458984375 238.8759307861328
v 1524 -1176.3681640625 287.3681945800781
v 1524 -1127.8759765625 328.7845153808594
v 1524 -1073.501708984375 362.10504150390625
v 1524 -1014.5845336914062 386.5093688964844
v 1524 -952.574951171875 401.39654541015625
v 1524 -889 406.3999938964844
v 1524 -825.425048828125 401.39654541015625
v 1524 -763.4154663085938 386.5093688964844
v 1524 -704.498291015625 362.10504150390625
v 1524 -650.1240844726562 328.7845153808594
v 1524 -601.6317749023438 287.3681945800781
v 1524 -560.2155151367188 238.8759307861328
v 1524 -526.8949584960938 184.50173950195312
v 1524 -502.4906311035156 125.58450317382812
v 1524 -487.60345458984375 63.57496643066406
v 1524 -482.6000061035156 0
v 1016 -482.6000061035156 0
v 1016 -1295.4000244140625 0
v 1016 -1290.396484375 63.57496643066406
v 1016 -1275.5093994140625 125.58450317382812
v 1016 -1251.1051025390625 184.50173950195312
v 1016 -1217.7845458984375 238.8759307861328
v 1016 -1176.3681640625 287.3681945800781
v 1016 -1127.8759765625 328.7845153808594
v 1016 -1073.501708984375 362.10504150390625
v 1016 -1014.5845336914062 386.5093688964844
v 1016 -952.574951171875 401.39654541015625
v 1016 -889 406.3999938964844
v 1016 -825.425048828125 401.39654541015625
v 1016 -763.4154663085938 386.5093688964844
v 1016 -704.498291015625 362.10504150390625
v 1016 -650.1240844726562 328.7845153808594
v 1016 -601.6317749023438 287.3681945800781
v 1016 -560.2155151367188 238.8759307861328
v 1016 -526.8949584960938 184.50173950195312
v 1016 -502.4906311035156 125.58450317382812
v 1016 -487.60345458984375 63.57496643066406
v 1524 -482.6000061035156 0
v 1524 -487.60345458984375 -63.57496643066406
v 1524 -502.4906311035156 -125.58450317382812
v 1524 -526.8949584960938 -184.50173950195312
v 1524 -560.2155151367188 -238.8759307861328
v 1524 -601.6317749023438 -287.3681945800781
v 1524 -650.1240844726562 -328.7845153808594
v 1524 -704.498291015625 -362.10504150390625
v 1524 -763.4154663085938 -386.5093688964844
v 1524 -825.425048828125 -401.39654541015625
v 1524 -889 -406.3999938964844
v 1524 -952.574951171875 -401.39654541015625
v 1524 -1014.5845336914062 -386.5093688964844
v 1524 -1073.501708984375 -362.10504150390625
v 1524 -1127.8759765625 -328.7845153808594
v 1524 -1176.3681640625 -287.3681945800781
v 1524 -1217.7845458984375 -238.8759307861328
v 1524 -1251.1051025390625 -184.50173950195312
v 1524 -1275.5093994140625 -125.58450317382812
v 1524 -1290.396484375 -63.57496643066406
v 1524 -1295.4000244140625 0
v 1016 -1295.4000244140625 0
v 1016 -482.6000061035156 0
v 1016 -487.60345458984375 -63.57496643066406
v 1016 -502.4906311035156 -125.58450317382812
v 1016 -526.8949584960938 -184.50173950195312
v 1016 -560.2155151367188 -238.8759307861328
v 1016 -601.6317749023438 -287.3681945800781
v 1016 -650.1240844726562 -328.7845153808594
v 1016 -704.498291015625 -362.10504150390625
v 1016 -763.4154663085938 -386.5093688964844
v 1016 -825.425048828125 -401.39654541015625
v 1016 -889 -406.3999938964844
v 1016 -952.574951171875 -401.39654541015625
v 1016 -1014.5845336914062 -386.5093688964844
v 1016 -1073.501708984375 -362.10504150390625
v 1016 -1127.8759765625 -328.7845153808594
v 1016 -1176.3681640625 -287.3681945800781
v 1016 -1217.7845458984375 -238.8759307861328
v 1016 -1251.1051025390625 -184.50173950195312
v 1016 -1275.5093994140625 -125.58450317382812
v 1016 -1290.396484375 -63.57496643066406
v 1016 0 1016
v 1016 -889 1016
v 1016 -991.7869873046875 1010.7872314453125
v 1016 -1093.519287109375 995.202392578125
v 1016 -1193.1529541015625 969.4054565429688
v 1016 -1289.66552734375 933.6611328125
v 1016 -1382.0667724609375 888.336181640625
v 1016 -1469.408447265625 833.8956298828125
v 1016 -1550.79443359375 770.8982543945312
v 1016 -1625.3895263671875 699.9904174804688
v 1016 -1692.4281005859375 621.899658203125
v 1016 -1751.2225341796875 537.4274291992188
v 1016 -1801.16943359375 447.4404602050781
v 1016 -1841.7562255859375 352.8621520996094
v 1016 -1872.56640625 254.66297912597656
v 1016 -1893.2838134765625 153.85061645507812
v 1016 -1903.6959228515625 51.459556579589844
v 1016 -1903.6959228515625 -51.459556579589844
v 1016 -1893.2838134765625 -153.85061645507812
v 1016 -1872.56640625 -254.66297912597656
v 1016 -1841.7562255859375 -352.8621520996094
v 1016 -1801.16943359375 -447.4404602050781
v 1016 -1751.2225341796875 -537.4274291992188
v 1016 -1692.4281005859375 -621.899658203125
v 1016 -1625.3895263671875 -699.9904174804688
v 1016 -1550.79443359375 -770.8982543945312
v 1016 -1469.408447265625 -833.8956298828125
v 1016 -1382.0667724609375 -888.336181640625
v 1016 -1289.66552734375 -933.6611328125
v 1016 -1193.1529541015625 -969.4054565429688
v 1016 -1093.519287109375 -995.202392578125
v 1016 -991.7869873046875 -1010.7872314453125
v 1016 -889 -1016
v 1016 0 -1016
v 1016 -1295.4000244140625 0
v 1016 -1290.396484375 63.57496643066406
v 1016 -1275.5093994140625 125.58450317382812
v 1016 -1251.1051025390625 184.50173950195312
v 1016 -1217.7845458984375 238.8759307861328
v 1016 -1176.3681640625 287.3681945800781
v 1016 -1127.8759765625 328.7845153808594
v 1016 -1073.501708984375 362.10504150390625
v 1016 -1014.5845336914062 386.5093688964844
v 1016 -952.574951171875 401.39654541015625
v 1016 -889 406.3999938964844
v 1016 -825.425048828125 401.39654541015625
v 1016 -763.4154663085938 386.5093688964844
v 1016 -704.498291015625 362.10504150390625
v 1016 -650.1240844726562 328.7845153808594
v 1016 -601.6317749023438 287.3681945800781
v 1016 -560.2155151367188 238.8759307861328
v 1016 -526.8949584960938 184.50173950195312
v 1016 -502.4906311035156 125.58450317382812
v 1016 -487.60345458984375 63.57496643066406
v 1016 -482.6000061035156 0
v 1016 -487.60345458984375 -63.57496643066406
v 1016 -502.4906311035156 -125.58450317382812
v 1016 -526.8949584960938 -184.50173950195312
v 1016 -560.2155151367188 -238.8759307861328
v 1016 -601.6317749023438 -287.3681945800781
v 1016 -650.1240844726562 -328.7845153808594
v 1016 -704.498291015625 -362.10504150390625
v 1016 -763.4154663085938 -386.5093688964844
v 1016 -825.425048828125 -401.39654541015625
v 1016 -889 -406.3999938964844
v 1016 -952.574951171875 -401.39654541015625
v 1016 -1014.5845336914062 -386.5093688964844
v 1016 -1073.501708984375 -362.10504150390625
v 1016 -1127.8759765625 -328.7845153808594
v 1016 -1176.3681640625 -287.3681945800781
v 1016 -1217.7845458984375 -238.8759307861328
v 1016 -1251.1051025390625 -184.50173950195312
v 1016 -1275.5093994140625 -125.58450317382812
v 1016 -1290.396484375 -63.57496643066406
v 1524 -889 1016
v 1016 -889 1016
v 1016 -991.7869873046875 1010.7872314453125
v 1016 -1093.519287109375 995.202392578125
v 1016 -1193.1529541015625 969.4054565429688
v 1016 -1289.66552734375 933.6611328125
v 1016 -1382.0667724609375 888.336181640625
v 1016 -1469.408447265625 833.8956298828125
v 1016 -1550.79443359375 770.8982543945312
v 1016 -1625.3895263671875 699.9904174804688
v 1016 -1692.4281005859375 621.899658203125
v 1016 -1751.2225341796875 537.4274291992188
v 1016 -1801.16943359375 447.4404602050781
v 1016 -1841.7562255859375 352.8621520996094
v 1016 -1872.56640625 254.66297912597656
v 1016 -1893.2838134765625 153.85061645507812
v 1016 -1903.6959228515625 51.459556579589844
v 1016 -1903.6959228515625 -51.459556579589844
v 1016 -1893.2838134765625 -153.85061645507812
v 1016 -1872.56640625 -254.66297912597656
v 1016 -1841.7562255859375 -352.8621520996094
v 1016 -1801.16943359375 -447.4404602050781
v 1016 -1751.2225341796875 -537.4274291992188
v 1016 -1692.4281005859375 -621.899658203125
v 1016 -1625.3895263671875 -699.9904174804688
v 1016 -1550.79443359375 -770.8982543945312
v 1016 -1469.408447265625 -833.8956298828125
v 1016 -1382.0667724609375 -888.336181640625
v 1016 -1289.66552734375 -933.6611328125
v 1016 -1193.1529541015625 -969.4054565429688
v 1016 -1093.519287109375 -995.202392578125
v 1016 -991.7869873046875 -1010.7872314453125
v 1016 -889 -1016
v 1524 -889 -1016
v 1524 -991.7869873046875 1010.7872314453125
v 1524 -1093.519287109375 995.202392578125
v 1524 -1193.1529541015625 969.4054565429688
v 1524 -1289.66552734375 933.6611328125
v 1524 -1382.0667724609375 888.336181640625
v 1524 -1469.408447265625 833.8956298828125
v 1524 -1550.79443359375 770.8982543945312
v 1524 -1625.3895263671875 699.9904174804688
v 1524 -1692.4281005859375 621.899658203125
v 1524 -1751.2225341796875 537.4274291992188
v 1524 -1801.16943359375 447.4404602050781
v 1524 -1841.7562255859375 352.8621520996094
v 1524 -1872.56640625 254.66297912597656
v 1524 -1893.2838134765625 153.85061645507812
v 1524 -1903.6959228515625 51.459556579589844
v 1524 -1903.6959228515625 -51.459556579589844
v 1524 -1893.2838134765625 -153.85061645507812
v 1524 -1872.56640625 -254.66297912597656
v 1524 -1841.7562255859375 -352.8621520996094
v 1524 -1801.16943359375 -447.4404602050781
v 1524 -1751.2225341796875 -537.4274291992188
v 1524 -1692.4281005859375 -621.899658203125
v 1524 -1625.3895263671875 -699.9904174804688
v 1524 -1550.79443359375 -770.8982543945312
v 1524 -1469.408447265625 -833.8956298828125
v 1524 -1382.0667724609375 -888.336181640625
v 1524 -1289.66552734375 -933.6611328125
v 1524 -1193.1529541015625 -969.4054565429688
v 1524 -1093.519287109375 -995.202392578125
v 1524 -991.7869873046875 -1010.7872314453125
v 0 381 1016
v 99.58541107177734 381 1011.107666015625
v 198.21176147460938 381 996.4778442382812
v 294.9292297363281 381 972.2514038085938
v 388.8063659667969 381 938.66162109375
v 478.9390869140625 381 896.031982421875
v 564.4593505859375 381 844.7731323242188
v 644.5435791015625 381 785.3786010742188
v 718.4204711914062 381 718.4204711914062
v 785.3786010742188 381 644.5435791015625
v 844.7731323242188 381 564.4593505859375
v 896.031982421875 381 478.9390869140625
v 938.66162109375 381 388.8063659667969
v 972.2514038085938 381 294.9292297363281
v 996.4778442382812 381 198.21176147460938
v 1011.107666015625 381 99.58541107177734
v 1016 381 0
v 1016 889 0
v -1016 889 0
v -1010.7872314453125 889 102.78701782226562
v -995.202392578125 889 204.51930236816406
v -969.4054565429688 889 304.1529235839844
v -933.6611328125 889 400.6655578613281
v -888.336181640625 889 493.0668029785156
v -833.8956298828125 889 580.4085083007812
v -770.8982543945312 889 661.79443359375
v -699.9904174804688 889 736.3894653320312
v -621.899658203125 889 803.4281616210938
v -537.4274291992188 889 862.2225952148438
v -447.4404602050781 889 912.16943359375
v -352.8621520996094 889 952.7561645507812
v -254.66297912597656 889 983.5663452148438
v -153.85061645507812 889 1004.2838134765625
v -51.459556579589844 889 1014.6959838867188
v 51.459556579589844 889 1014.6959838867188
v 153.85061645507812 889 1004.2838134765625
v 254.66297912597656 889 983.5663452148438
v 352.8621520996094 889 952.7561645507812
v 447.4404602050781 889 912.16943359375
v 537.4274291992188 889 862.2225952148438
v 621.899658203125 889 803.4281616210938
v 699.9904174804688 889 736.3894653320312
v 770.8982543945312 889 661.79443359375
v 833.8956298828125 889 580.4085083007812
v 888.336181640625 889 493.0668029785156
v 933.6611328125 889 400.6655578613281
v 969.4054565429688 889 304.1529235839844
v 995.202392578125 889 204.51930236816406
v 1010.7872314453125 889 102.78701782226562
v -1016 381 0
v -1011.107666015625 381 99.58541107177734
v -996.4778442382812 381 198.21176147460938
v -972.2514038085938 381 294.9292297363281
v -938.66162109375 381 388.8063659667969
v -896.031982421875 381 478.9390869140625
v -844.7731323242188 381 564.4593505859375
v -785.3786010742188 381 644.5435791015625
v -718.4204711914062 381 718.4204711914062
v -644.5435791015625 381 785.3786010742188
v -564.4593505859375 381 844.7731323242188
v -478.9390869140625 381 896.031982421875
v -388.8063659667969 381 938.66162109375
v -294.9292297363281 381 972.2514038085938
v -198.21176147460938 381 996.4778442382812
v -99.58541107177734 381 1011.107666015625
v -762 889 0
v -756.84765625 889 88.46279907226562
v -741.460205078125 889 175.7292938232422
v -716.0457763671875 889 260.6193542480469
v -680.9480590820312 889 341.9849853515625
v -636.6417236328125 889 418.725830078125
v -583.7258911132812 889 489.8041687011719
v -522.9161376953125 889 554.2587280273438
v -455.03485107421875 889 611.2178955078125
v -381 889 659.911376953125
v -301.8127746582031 889 699.6806640625
v -218.5440673828125 889 729.988037109375
v -132.31991577148438 889 750.4235229492188
v -44.306358337402344 889 760.7108154296875
v 44.306358337402344 889 760.7108154296875
v 132.31991577148438 889 750.4235229492188
v 218.5440673828125 889 729.988037109375
v 301.8127746582031 889 699.6806640625
v 381 889 659.911376953125
v 455.03485107421875 889 611.2178955078125
v 522.9161376953125 889 554.2587280273438
v 583.7258911132812 889 489.8041687011719
v 636.6417236328125 889 418.725830078125
v 680.9480590820312 889 341.9849853515625
v 716.0457763671875 889 260.6193542480469
v 741.460205078125 889 175.7292938232422
v 756.84765625 889 88.46279907226562
v 762 889 0
v -762 508 0
v -756.84765625 508 88.46279907226562
v -741.460205078125 508 175.7292938232422
v -716.0457763671875 508 260.6193542480469
v -680.9480590820312 508 341.9849853515625
v -636.6417236328125 508 418.725830078125
v -583.7258911132812 508 489.8041687011719
v -522.9161376953125 508 554.2587280273438
v -455.03485107421875 508 611.2178955078125
v -381 508 659.911376953125
v -301.8127746582031 508 699.6806640625
v -218.5440673828125 508 729.988037109375
v -132.31991577148438 508 750.4235229492188
v -44.306358337402344 508 760.7108154296875
v 44.306358337402344 508 760.7108154296875
v 132.31991577148438 508 750.4235229492188
v 218.5440673828125 508 729.988037109375
v 301.8127746582031 508 699.6806640625
v 381 508 659.911376953125
v 455.03485107421875 508 611.2178955078125
v 522.9161376953125 508 554.2587280273438
v 583.7258911132812 508 489.8041687011719
v 636.6417236328125 508 418.725830078125
v 680.9480590820312 508 341.9849853515625
v 716.0457763671875 508 260.6193542480469
v 741.460205078125 508 175.7292938232422
v 756.84765625 508 88.46279907226562
v 762 508 0
vn 0 -1 0
vn 0 -1 0
vn 0 -1 0
vn 0 -1 0
vn 0 -1 0
vn 0 -1 0
vn 0 -1 0
vn 0 -1 0
vn 0 -1 0
vn 0 -1 0
vn 0 -1 0
vn 0 -1 0
vn 0 -1 0
vn 0 -1 0
vn 0 -1 0
vn 0 -1 0
vn 0 -1 0
vn 0 -1 0
vn 0 -1 0
vn 0 -1 0
vn 0 -1 0
vn 0 -1 0
vn 0 -1 0
vn 0 -1 0
vn 0 -1 0
vn 0 -1 0
vn 0 -1 0
vn 0 -1 0
vn 0 -1 0
vn 0 -1 0
vn 0 -1 0
vn 0 -1 0
vn 0 -1 0
vn 0 -1 0
vn 0 -1 0
vn 0 -1 0
vn 0 -1 0
vn 0 -1 0
vn 0 -1 0
vn 0 -1 0
vn 0 -1 0
vn 0 -1 0
vn -0.9965844929632642 0 0.08257934599616001
vn -0.9863613015006477 0 0.16459460167924256
vn -0.9364916313466393 0 0.3506899263134176
vn -0.8794737554164764 0 0.4759473852576983
vn -0.789140524465309 0 0.6142126933291244
vn -0.656709839919938 0 0.7541433458914356
vn -0.5469481373096541 0 0.8371664918601913
vn -0.4016954023675865 0 0.9157733364303323
vn -0.21862651228360785 0 0.9758086124474951
vn -0.08257934599616001 0 0.9965844929632642
vn 0.08257934599616001 0 0.9965844929632642
vn 0.27215727772174514 0 0.9622527818526111
vn 0.40169542736102976 0 0.9157733254671919
vn 0.5469481373096541 0 0.8371664918601913
vn 0.6973368929113412 0 0.716743509063568
vn 0.789140524465309 0 0.6142126933291244
vn 0.8794737678912289 0 0.4759473622063734
vn 0.9544216946937097 0 0.2984614358639774
vn 0.9863613015006477 0 0.16459460167924256
vn 0.9965844929632642 0 0.08257934599616001
vn 0.9965844929632642 0 0.08257934599616001
vn -0.9965844929632642 0 0.08257934599616001
vn -0.9863613015006477 0 0.16459460167924256
vn -0.9544216946937097 0 0.2984614358639774
vn -0.8794737554164764 0 0.4759473852576983
vn -0.789140524465309 0 0.6142126933291244
vn -0.6973368929113412 0 0.716743509063568
vn -0.5469481373096541 0 0.8371664918601913
vn -0.40169542736102976 0 0.9157733254671919
vn -0.27215727772174514 0 0.9622527818526111
vn -0.08257934599616001 0 0.9965844929632642
vn 0.08257934599616001 0 0.9965844929632642
vn 0.21862651228360785 0 0.9758086124474951
vn 0.40169542736102976 0 0.9157733254671919
vn 0.5469481373096541 0 0.8371664918601913
vn 0.656709839919938 0 0.7541433458914356
vn 0.7891404955749303 0 0.6142127304474839
vn 0.8794737554164764 0 0.4759473852576983
vn 0.9364916313466393 0 0.3506899263134176
vn 0.9863613015006477 0 0.16459460167924256
vn 0.9965844929632642 0 -0.08257934599616001
vn 0.9814407655752029 0 -0.1917655434825555
vn 0.9364916313466393 0 -0.3506899263134176
vn 0.8794737554164764 0 -0.4759473852576983
vn 0.789140524465309 0 -0.6142126933291244
vn 0.656709839919938 0 -0.7541433458914356
vn 0.5469481373096541 0 -0.8371664918601913
vn 0.4016954023675865 0 -0.9157733364303323
vn 0.21862651228360785 0 -0.9758086124474951
vn 0.08257934599616001 0 -0.9965844929632642
vn -0.08257934599616001 0 -0.9965844929632642
vn -0.27215727772174514 0 -0.9622527818526111
vn -0.4268270367840411 0 -0.9043332796431607
vn -0.5469481373096541 0 -0.8371664918601913
vn -0.6772815957737728 0 -0.7357238884433016
vn -0.789140524465309 0 -0.6142126933291244
vn -0.8659974525308078 0 -0.5000484098666359
vn -0.9458172430702182 0 -0.32469946521522297
vn -0.9863613015006477 0 -0.16459460167924256
vn -0.9965844929632642 0 -0.08257934599616001
vn -0.9965844929632642 0 -0.08257934599616001
vn 0.9965844929632642 0 -0.08257934599616001
vn 0.9905297662637311 0 -0.13729815055388858
vn 0.9544216946937097 0 -0.2984614358639774
vn 0.8794737554164764 0 -0.4759473852576983
vn 0.789140524465309 0 -0.6142126933291244
vn 0.6973368929113412 0 -0.716743509063568
vn 0.5469481373096541 0 -0.8371664918601913
vn 0.40169542736102976 0 -0.9157733254671919
vn 0.27215727772174514 0 -0.9622527818526111
vn 0.08257934599616001 0 -0.9965844929632642
vn -0.08257934599616001 0 -0.9965844929632642
vn -0.21862651228360785 0 -0.9758086124474951
vn -0.37625754435455505 0 -0.9265151160754367
vn -0.5469481373096541 0 -0.8371664918601913
vn -0.6772815957737728 0 -0.7357238884433016
vn -0.7891404955749303 0 -0.6142127304474839
vn -0.8922795045984163 0 -0.4514834279058366
vn -0.9458172430702182 0 -0.32469946521522297
vn -0.9863613015006477 0 -0.16459460167924256
vn 0 1 0
vn 0 1 0
vn 0 1 0
vn 0 1 0
vn 0 1 0
vn 0 1 0
vn 0 1 0
vn 0 1 0
vn 0 1 0
vn 0 1 0
vn 0 1 0
vn 0 1 0
vn 0 1 0
vn 0 1 0
vn 0 1 0
vn 0 1 0
vn 0 1 0
vn 0 1 0
vn 0 1 0
vn 0 1 0
vn 0 1 0
vn 0 1 0
vn 0 1 0
vn 0 1 0
vn 0 1 0
vn 0 1 0
vn 0 1 0
vn 0 1 0
vn 0 1 0
vn 0 1 0
vn 0 1 0
vn 0 1 0
vn 0 1 0
vn 0 1 0
vn 0 1 0
vn 0 1 0
vn 0 1 0
vn 0 1 0
vn 0 1 0
vn 0 1 0
vn 0 1 0
vn 0 1 0
vn 0 1 0
vn 0 1 0
vn 0 1 0
vn 0 1 0
vn 0 1 0
vn 0 1 0
vn 0 1 0
vn 0 1 0
vn 0 1 0
vn 0 1 0
vn 0 1 0
vn 0 1 0
vn 0 1 0
vn 0 1 0
vn 0 1 0
vn 0 1 0
vn 0 1 0
vn 0 1 0
vn 0 1 0
vn 0 1 0
vn 0 1 0
vn 0 1 0
vn 0 1 0
vn 0 1 0
vn 0 1 0
vn 0 1 0
vn 0 1 0
vn 0 1 0
vn 0 1 0
vn 0 1 0
vn 0 1 0
vn 0 1 0
vn 0 1 0
vn 0 1 0
vn 0 1 0
vn 0 1 0
vn 0 1 0
vn 0 1 0
vn 0 1 0
vn 0 1 0
vn 0 1 0
vn 0 1 0
vn 0 1 0
vn 0 1 0
vn 0 1 0
vn 0 1 0
vn 0 1 0
vn 0 1 0
vn 0 1 0
vn 0 1 0
vn -0.9983081582777347 0 0.058144828799450356
vn -0.9932383575132568 0 0.1160929160817649
vn -0.9683851003375743 0 0.24946001171367352
vn -0.9396926264280235 0 0.3420201278240845
vn -0.8936326253000437 0 0.4487992101144471
vn -0.8246639960405145 0 0.5656229253084517
vn -0.7660444576809406 0 0.6427875923322678
vn -0.7002312401748728 0 0.7139161087152746
vn -0.5971585674654338 0 0.8021232107990834
vn -0.4830955420562092 0 0.8755676428725638
vn -0.37818180798373574 0 0.9257313433767665
vn -0.2681538456435376 0 0.9633761026030185
vn -0.17364819698482423 0 0.9848077496059419
vn -0.07751183031325294 0 0.9969914323410656
vn 0.058144828799450356 0 0.9983081582777347
vn 0.17364819698482423 0 0.9848077496059419
vn 0.2868032167096903 0 0.9579895171059933
vn 0.3960797506913636 0 0.9182161135006656
vn 0.4830955420562092 0 0.8755676428725638
vn 0.581476211274865 0 0.8135634060854928
vn 0.6719934193568501 0 0.7405571175413067
vn 0.7534231537369536 0 0.65753596967243
vn 0.8246639960405145 0 0.5656229253084517
vn 0.884752724232922 0 0.46606074385472884
vn 0.9328766880326185 0 0.3601958979851001
vn 0.9683851039372978 0 0.24945999773981595
vn 0.9907977668462066 0 0.13535060107945585
vn 0.9983081582777347 0 0.058144828799450356
vn -0.9983081582777347 0 0.058144828799450356
vn -0.9932383575132568 0 0.1160929160817649
vn -0.977337983119748 0 0.21168482881733247
vn -0.9396926264280235 0 0.3420201278240845
vn -0.8936326253000437 0 0.4487992101144471
vn -0.8459968203864048 0 0.5331879405013706
vn -0.7660444823081417 0 0.64278756298271
vn -0.6719934193568501 0 0.7405571175413067
vn -0.5971585674654338 0 0.8021232107990834
vn -0.5167160628869731 0 0.8561568257945419
vn -0.41382842471600395 0 0.9103548950255997
vn -0.3053445456423415 0 0.952241937979247
vn -0.17364819698482423 0 0.9848077496059419
vn -0.038755916981188264 0 0.9992487072290599
vn 0.058144828799450356 0 0.9983081582777347
vn 0.17364816808115124 0 0.9848077547024395
vn 0.2868032167096903 0 0.9579895171059933
vn 0.3960797506913636 0 0.9182161135006656
vn 0.5167160628869731 0 0.8561568257945419
vn 0.6126159231920282 0 0.7903807504308153
vn 0.7002312401748728 0 0.7139161087152746
vn 0.7783771382411719 0 0.6277969661152272
vn 0.8459968203864048 0 0.5331879405013706
vn 0.9021758048902883 0 0.4313685397320489
vn 0.946154465242788 0 0.32371550457328074
vn 0.977337983119748 0 0.21168482881733247
vn 0.9953046808477239 0 0.09679148868888499
vn 0.9983081582777347 0 0.058144828799450356
vn 0 1 0
vn 0 1 0
vn 0 1 0
vn 0 1 0
vn 0 1 0
vn 0 1 0
vn 0 1 0
vn 0 1 0
vn 0 1 0
vn 0 1 0
vn 0 1 0
vn 0 1 0
vn 0 1 0
vn 0 1 0
vn 0 1 0
vn 0 1 0
vn 0 1 0
vn 0 1 0
vn 0 1 0
vn 0 1 0
vn 0 1 0
vn 0 1 0
vn 0 1 0
vn 0 1 0
vn 0 1 0
vn 0 1 0
vn 0 1 0
vn 0 1 0
vn 0 1 0
vn 0 1 0
vn 0 1 0
vn 0 1 0
vn 0 1 0
vn 0 1 0
vn 0 1 0
vn 0 1 0
vn 0 1 0
vn 0 1 0
vn 0 1 0
vn 0 1 0
vn 0 1 0
vn 0 1 0
vn 0 1 0
vn 0 1 0
vn 0 1 0
vn 0 1 0
vn 0 1 0
vn 0 1 0
vn 0 1 0
vn 0 1 0
vn 0 1 0
vn 0 1 0
vn 0 1 0
vn 0 1 0
vn 0 1 0
vn 0 1 0
vn 0 1 0
vn 0 1 0
vn 0 1 0
vn 0 1 0
vn 0 1 0
vn 0 1 0
vn 0 1 0
vn 0 1 0
vn 0 1 0
vn 0 1 0
vn 0 1 0
vn 0 1 0
vn 0 1 0
vn 0 1 0
vn 0 1 0
vn 0 1 0
vn 0 1 0
vn 0 1 0
vn 0 1 0
vn 0 1 0
vn 0 1 0
vn 0 1 0
vn 0 1 0
vn 0 1 0
vn 0 1 0
vn 0 1 0
vn 0 1 0
vn 0 1 0
vn 0 1 0
vn 0 1 0
vn 0 1 0
vn 0 1 0
vn 0 1 0
vn 0 1 0
vn 0 1 0
vn 0 1 0
vn 0 1 0
vn 0 1 0
vn 0 1 0
vn 0 1 0
vn 0 1 0
vn 0 1 0
vn 0 1 0
vn 0 1 0
vn 0 1 0
vn 0 1 0
vn 0 1 0
vn 0 1 0
vn 0 1 0
vn 0 1 0
vn 0 1 0
vn 0 1 0
vn 0 1 0
vn 0 1 0
vn 0 1 0
vn 0 1 0
vn 0 1 0
vn 0 1 0
vn 0 1 0
vn 0 1 0
vn 0 -0.0007140479747568108 -0.9999997450677124
vn -0.09909080659892258 -0.0007108452807490068 -0.9950781410253978
vn -0.1972062320984611 -0.0007012369571617169 -0.9803617752076311
vn -0.29338050140249383 -0.0006852232677030426 -0.9559955082875099
vn -0.38666698930598403 -0.000662803951122631 -0.9222191713860477
vn -0.476147453872217 -0.0006339792306193935 -0.8793652257403292
vn -0.560941045092328 -0.0005987483940507275 -0.8278555341550162
vn -0.640213138742373 -0.0005571117567727242 -0.7681971274406912
vn -0.7131835380516854 -0.0005090692542778031 -0.7009771621818891
vn -0.7791339195162651 -0.00045462051850271427 -0.6268573432443832
vn -0.837415082597578 -0.000393765301346677 -0.5465673100240986
vn -0.887453424755851 -0.0003265036749390139 -0.46089729038524535
vn -0.9287564117068793 -0.00025283504397674664 -0.37069052292687793
vn -0.9609174362415668 -0.00017275942495682066 -0.2768350607873139
vn -0.9836199635619861 -0.00008627647698319136 -0.18025470822890177
vn -0.9966405447619017 0.00000661417867999015 -0.08190008847951709
vn -0.9987954562868909 0 -0.04906767266399793
vn -0.9987556560139125 0.0001578583067885259 -0.04987098014852182
vn 0.9987556560139125 0.0001578583067885259 -0.04987098014852182
vn 0.9932403122875295 0.00020938912673997825 -0.11607600184002174
vn 0.9766238830354627 0.0003070006174589886 -0.21495510423192057
vn 0.9501892784009299 0.0003976385574282496 -0.3116731895680113
vn 0.9142022611976738 0.0004813031930376207 -0.4052579351083658
vn 0.8690246363591988 0.0005579948787367519 -0.49476850146556184
vn 0.8151105764190116 0.0006277136947748797 -0.5793050614187523
vn 0.7530021013427216 0.0006904600833439092 -0.6580177494857711
vn 0.6833235971139674 0.0007462341767847705 -0.7301152681335883
vn 0.6067755698922912 0.0007950359566096138 -0.7948728047302366
vn 0.524127604361911 0.0008368657464717867 -0.8516393332870238
vn 0.4362104395980293 0.0008717238392192218 -0.8998442601268524
vn 0.34390805148852926 0.0008996102516069821 -0.9390028981972093
vn 0.24814830439327293 0.0009205248102578685 -0.9687216172156051
vn 0.1498939393189439 0.0009344678826824905 -0.9887016403977618
vn 0.05013264077574728 0.0009414393772067649 -0.9987421248854726
vn -0.05013264077574728 0.0009414393772067649 -0.9987421248854726
vn -0.1498939393189439 0.0009344678826824905 -0.9887016403977618
vn -0.24814830439327293 0.0009205248102578685 -0.9687216172156051
vn -0.34390800596286075 0.0008996101522694801 -0.939002914870994
vn -0.4362104395980293 0.0008717238392192218 -0.8998442601268524
vn -0.524127604361911 0.0008368657464717867 -0.8516393332870238
vn -0.6067755986402 0.0007950359360692905 -0.7948727827851995
vn -0.6833235971139674 0.0007462341767847705 -0.7301152681335883
vn -0.7530021308761525 0.000690460110424385 -0.6580177156891821
vn -0.8151105964220161 0.0006277136642778019 -0.5793050332735776
vn -0.8690246363591988 0.0005579948787367519 -0.49476850146556184
vn -0.9142022611976738 0.0004813031930376207 -0.4052579351083658
vn -0.9501892784009409 0.0003976385283244242 -0.31167318956801493
vn -0.9766238830354627 0.0003070006174589886 -0.21495510423192057
vn -0.993240310569554 0.00020938912637780466 -0.11607601654041025
vn 0.9987954562868909 0 -0.04906767266399793
vn 0.9966405447619017 0.00000661417867999015 -0.08190008847951709
vn 0.9836199635619861 -0.00008627647698319136 -0.18025470822890177
vn 0.9609174362415668 -0.00017275942495682066 -0.2768350607873139
vn 0.9287564117068793 -0.00025283504397674664 -0.37069052292687793
vn 0.887453424755851 -0.0003265036749390139 -0.46089729038524535
vn 0.837415082597578 -0.000393765301346677 -0.5465673100240986
vn 0.7791339195162651 -0.00045462051850271427 -0.6268573432443832
vn 0.7131835971374475 -0.0005090692539074246 -0.70097710206724
vn 0.640213138742373 -0.0005571117567727242 -0.7681971274406912
vn 0.560941045092328 -0.0005987483940507275 -0.8278555341550162
vn 0.47614745387223456 -0.0006339791724117546 -0.8793652257403616
vn 0.38666696395944655 -0.0006628039587605013 -0.9222191820133088
vn 0.29338050140250554 -0.0006852232094954085 -0.9559955082875481
vn 0.1972062177768183 -0.0007012369010147396 -0.9803617780885641
vn 0.09909080659892258 -0.0007108452807490068 -0.9950781410253978
vn 0 1 0
vn 0 1 0
vn 0 1 0
vn 0 1 0
vn 0 1 0
vn 0 1 0
vn 0 1 0
vn 0 1 0
vn 0 1 0
vn 0 1 0
vn 0 1 0
vn 0 1 0
vn 0 1 0
vn 0 1 0
vn 0 1 0
vn 0 1 0
vn 0 1 0
vn 0 1 0
vn 0 1 0
vn 0 1 0
vn 0 1 0
vn 0 1 0
vn 0 1 0
vn 0 1 0
vn 0 1 0
vn 0 1 0
vn 0 1 0
vn 0 1 0
vn 0 1 0
vn 0 1 0
vn 0 1 0
vn 0 1 0
vn 0 1 0
vn 0 1 0
vn 0 1 0
vn 0 1 0
vn 0 1 0
vn 0 1 0
vn 0 1 0
vn 0 1 0
vn 0 1 0
vn 0 1 0
vn 0 1 0
vn 0 1 0
vn 0 1 0
vn 0 1 0
vn 0 1 0
vn 0 1 0
vn 0 1 0
vn 0 1 0
vn 0 1 0
vn 0 1 0
vn 0 1 0
vn 0 1 0
vn 0 1 0
vn 0 1 0
vn 0 1 0
vn 0 1 0
vn 0 1 0
vn 0 1 0
vn 0 1 0
vn 0 1 0
vn 0 1 0
vn 0 1 0
vn 0 1 0
vn 0 1 0
vn 0 1 0
vn 0 1 0
vn 0 1 0
vn 0 1 0
vn 0 0 -1
vn 0 0 -1
vn 0 0 -1
vn 0 0 -1
vn 0 0 -1
vn 0 0 -1
vn 0 0 -1
vn 0 0 -1
vn 0 0 -1
vn -1 0 0
vn -1 0 0
vn -1 0 0
vn -1 0 0
vn -1 0 0
vn -1 0 0
vn -1 0 0
vn -1 0 0
vn -1 0 0
vn -1 0 0
vn -1 0 0
vn -1 0 0
vn -1 0 0
vn -1 0 0
vn -1 0 0
vn -1 0 0
vn -1 0 0
vn -1 0 0
vn -1 0 0
vn -1 0 0
vn -1 0 0
vn -1 0 0
vn -1 0 0
vn -1 0 0
vn -1 0 0
vn -1 0 0
vn -1 0 0
vn -1 0 0
vn -1 0 0
vn -1 0 0
vn -1 0 0
vn -1 0 0
vn -1 0 0
vn -1 0 0
vn -1 0 0
vn -1 0 0
vn -1 0 0
vn -1 0 0
vn -1 0 0
vn -1 0 0
vn -1 0 0
vn -1 0 0
vn -1 0 0
vn -1 0 0
vn -1 0 0
vn -1 0 0
vn -1 0 0
vn -1 0 0
vn -1 0 0
vn -1 0 0
vn -1 0 0
vn -1 0 0
vn -1 0 0
vn -1 0 0
vn -1 0 0
vn -1 0 0
vn -1 0 0
vn -1 0 0
vn -1 0 0
vn -1 0 0
vn -1 0 0
vn -1 0 0
vn -1 0 0
vn -1 0 0
vn -1 0 0
vn -1 0 0
vn -1 0 0
vn -1 0 0
vn -1 0 0
vn -1 0 0
vn -1 0 0
vn -1 0 0
vn -1 0 0
vn -1 0 0
vn 0 0.9969173339027824 -0.07845909357218185
vn 0 0.9914511196481088 -0.1304786470979498
vn 0 0.9588333500902967 -0.28396937643805614
vn 0 0.8910065415489885 -0.4539904656674086
vn 0 0.7933241636984502 -0.6087994507981709
vn 0 0.7071067811865476 -0.7071067811865476
vn 0 0.6087994132851976 -0.7933241924860222
vn 0 0.45399048932725333 -0.8910065294936963
vn 0 0.30901696787202826 -0.9510565249064736
vn 0 0.15643445816198648 -0.9876883416845447
vn 0 0 -1
vn 0 -0.1304786470979498 -0.9914511196481088
vn 0 -0.28396937643805614 -0.9588333500902967
vn 0 -0.4539904656674086 -0.8910065415489885
vn 0 -0.587785203942453 -0.8090170295032909
vn 0 -0.68831980536875 -0.7254073652349595
vn 0 -0.8090170295032909 -0.587785203942453
vn 0 -0.8910065294936963 -0.45399048932725333
vn 0 -0.9426254994873021 -0.33385201469560427
vn 0 -0.9876883416845447 -0.15643445816198648
vn 0 -0.9969173339027824 -0.07845909357218185
vn 0 0.9969173339027824 -0.07845909357218185
vn 0 0.9832461650680832 -0.18228268946586157
vn 0 0.9426254994873021 -0.33385201469560427
vn 0 0.8910065294936963 -0.45399048932725333
vn 0 0.8241533741539413 -0.5663666796967081
vn 0 0.7071067811865476 -0.7071067811865476
vn 0 0.5663666796967081 -0.8241533741539413
vn 0 0.45399048932725333 -0.8910065294936963
vn 0 0.30901696787202826 -0.9510565249064736
vn 0 0.15643447269848995 -0.9876883393821886
vn 0 0 -1
vn 0 -0.18228268946586157 -0.9832461650680832
vn 0 -0.33385201469560427 -0.9426254994873021
vn 0 -0.45399048932725333 -0.8910065294936963
vn 0 -0.587785203942453 -0.8090170295032909
vn 0 -0.7254073652349595 -0.68831980536875
vn 0 -0.8090170295032909 -0.587785203942453
vn 0 -0.8910065294936963 -0.45399048932725333
vn 0 -0.9588333419757405 -0.2839694038371608
vn 0 -0.9876883393821886 -0.15643447269848995
vn 0 -0.9969173339027824 -0.07845909357218185
vn 0 -0.9969173339027824 0.07845909357218185
vn 0 -0.9914511196481088 0.1304786470979498
vn 0 -0.9588333500902967 0.28396937643805614
vn 0 -0.8910065415489885 0.4539904656674086
vn 0 -0.7933241636984502 0.6087994507981709
vn 0 -0.7071067811865476 0.7071067811865476
vn 0 -0.6087994132851976 0.7933241924860222
vn 0 -0.45399048932725333 0.8910065294936963
vn 0 -0.30901696787202826 0.9510565249064736
vn 0 -0.15643445816198648 0.9876883416845447
vn 0 0 1
vn 0 0.1304786470979498 0.9914511196481088
vn 0 0.28396937643805614 0.9588333500902967
vn 0 0.4539904656674086 0.8910065415489885
vn 0 0.587785203942453 0.8090170295032909
vn 0 0.68831980536875 0.7254073652349595
vn 0 0.8090170295032909 0.587785203942453
vn 0 0.8910065294936963 0.45399048932725333
vn 0 0.9426254994873021 0.33385201469560427
vn 0 0.9876883416845447 0.15643445816198648
vn 0 0.9969173339027824 0.07845909357218185
vn 0 -0.9969173339027824 0.07845909357218185
vn 0 -0.9832461650680832 0.18228268946586157
vn 0 -0.9426254994873021 0.33385201469560427
vn 0 -0.8910065294936963 0.45399048932725333
vn 0 -0.8241533741539413 0.5663666796967081
vn 0 -0.7071067811865476 0.7071067811865476
vn 0 -0.5663666796967081 0.8241533741539413
vn 0 -0.45399048932725333 0.8910065294936963
vn 0 -0.30901696787202826 0.9510565249064736
vn 0 -0.15643447269848995 0.9876883393821886
vn 0 0 1
vn 0 0.18228268946586157 0.9832461650680832
vn 0 0.33385201469560427 0.9426254994873021
vn 0 0.45399048932725333 0.8910065294936963
vn 0 0.587785203942453 0.8090170295032909
vn 0 0.7254073652349595 0.68831980536875
vn 0 0.8090170295032909 0.587785203942453
vn 0 0.8910065294936963 0.45399048932725333
vn 0 0.9588333419757405 0.2839694038371608
vn 0 0.9876883393821886 0.15643447269848995
vn 0 0.9969173339027824 0.07845909357218185
vn 1 0 0
vn 1 0 0
vn 1 0 0
vn 1 0 0
vn 1 0 0
vn 1 0 0
vn 1 0 0
vn 1 0 0
vn 1 0 0
vn 1 0 0
vn 1 0 0
vn 1 0 0
vn 1 0 0
vn 1 0 0
vn 1 0 0
vn 1 0 0
vn 1 0 0
vn 1 0 0
vn 1 0 0
vn 1 0 0
vn 1 0 0
vn 1 0 0
vn 1 0 0
vn 1 0 0
vn 1 0 0
vn 1 0 0
vn 1 0 0
vn 1 0 0
vn 1 0 0
vn 1 0 0
vn 1 0 0
vn 1 0 0
vn 1 0 0
vn 1 0 0
vn 1 0 0
vn 1 0 0
vn 1 0 0
vn 1 0 0
vn 1 0 0
vn 1 0 0
vn 1 0 0
vn 1 0 0
vn 1 0 0
vn 1 0 0
vn 1 0 0
vn 1 0 0
vn 1 0 0
vn 1 0 0
vn 1 0 0
vn 1 0 0
vn 1 0 0
vn 1 0 0
vn 1 0 0
vn 1 0 0
vn 1 0 0
vn 1 0 0
vn 1 0 0
vn 1 0 0
vn 1 0 0
vn 1 0 0
vn 1 0 0
vn 1 0 0
vn 1 0 0
vn 1 0 0
vn 1 0 0
vn 1 0 0
vn 1 0 0
vn 1 0 0
vn 1 0 0
vn 1 0 0
vn 1 0 0
vn 1 0 0
vn 1 0 0
vn 1 0 0
vn 0 0 1
vn 0 0 1
vn 0 0 1
vn 0 0 1
vn 0 0 1
vn 0 0 1
vn 0 0 1
vn 0 0 1
vn 0 0 1
vn 0 -0.05064916479833944 -0.9987165073759574
vn 0 -0.05064916479833944 -0.9987165073759574
vn 0 -0.05064916479833944 0.9987165073759574
vn 0 -0.0843382544328977 0.9964371825856418
vn 0 -0.18471340672551054 0.9827924284282293
vn 0 -0.2831931754126385 0.9590628891786538
vn 0 -0.37876696591420456 0.9254920775091202
vn 0 -0.4704541658137992 0.8824244318175027
vn 0 -0.5573137356959306 0.8303019932558554
vn 0 -0.6384546868864137 0.7696594135023435
vn 0 -0.7130441036316768 0.7011191812210664
vn 0 -0.7803167519480718 0.625384495034224
vn 0 -0.8486442427261233 0.5289640340210332
vn 0 -0.8978045386225391 0.4403941534906766
vn 0 -0.9377521363586606 0.3473052414732143
vn 0 -0.9680771216622984 0.2506525214595684
vn 0 -0.9884683251752618 0.15142777197467022
vn 0 -0.9987165073759574 0.05064916479833944
vn 0 -0.9987165073759574 -0.05064916479833944
vn 0 -0.9857676386929043 -0.16811354051894725
vn 0 -0.9680771216622984 -0.2506525214595684
vn 0 -0.9434884488432855 -0.3314054116928248
vn 0 -0.9051199742456192 -0.425156244481496
vn 0 -0.8574637198081456 -0.5145444288035562
vn 0 -0.8010087435375938 -0.5986526478487548
vn 0 -0.7363344206449985 -0.6766177805625524
vn 0 -0.6641042201241507 -0.7476400101742104
vn 0 -0.5850593981938396 -0.8109904442008317
vn 0 -0.4853019475142723 -0.8743466244795908
vn 0 -0.3943558807514084 -0.9189578006180593
vn 0 -0.29936314188592117 -0.9541392504661939
vn 0 -0.20129852470854165 -0.9795299403030846
vn 0 -0.10116830204121334 -0.9948693254202272
vn 0 -0.05064916479833944 0.9987165073759574
vn 0 -0.1179694712861307 0.9930172223302428
vn 0 -0.21782610911071557 0.9759875953052306
vn 0 -0.3154475654448012 0.9489430085389469
vn 0 -0.4098320615374725 0.9121609952941122
vn 0 -0.5000110831613198 0.8660190048237069
vn 0 -0.5850594656772081 0.8109903955174189
vn 0 -0.6641042201241507 0.7476400101742104
vn 0 -0.7363344206449985 0.6766177805625524
vn 0 -0.8010088220629517 0.5986525427803031
vn 0 -0.8486442427261233 0.5289640340210332
vn 0 -0.8978045504060155 0.44039412946842565
vn 0 -0.9377521460648668 0.3473052152656752
vn 0 -0.9680771216622984 0.2506525214595684
vn 0 -0.9884683251752618 0.15142777197467022
vn 0 -0.9987165073759574 0.05064916479833944
vn 0 -0.9987165073759574 -0.05064916479833944
vn 0 -0.9908866030521806 -0.1346987004083944
vn 0 -0.9680771216622984 -0.2506525214595684
vn 0 -0.9317479038587938 -0.36310582982753636
vn 0 -0.8902325991053434 -0.4555062233275689
vn 0 -0.8395823120734165 -0.543232492818182
vn 0 -0.7803167519480718 -0.625384495034224
vn 0 -0.7130441334297616 -0.7011191509161622
vn 0 -0.6384546575971292 -0.7696594377986491
vn 0 -0.5573137356959306 -0.8303019932558554
vn 0 -0.4853019930809502 -0.8743465991880209
vn 0 -0.3943558807514084 -0.9189578006180593
vn 0 -0.29936314188592117 -0.9541392504661939
vn 0 -0.20129852470854165 -0.9795299403030846
vn 0 -0.10116831678986035 -0.9948693239204365
vn 1 0 0
vn 1 0 0
vn 1 0 0
vn 1 0 0
vn 1 0 0
vn 1 0 0
vn 1 0 0
vn 1 0 0
vn 1 0 0
vn 1 0 0
vn 1 0 0
vn 1 0 0
vn 1 0 0
vn 1 0 0
vn 1 0 0
vn 1 0 0
vn 1 0 0
vn 1 0 0
vn 1 0 0
vn 1 0 0
vn 1 0 0
vn 1 0 0
vn 1 0 0
vn 1 0 0
vn 1 0 0
vn 1 0 0
vn 1 0 0
vn 1 0 0
vn 1 0 0
vn 1 0 0
vn 1 0 0
vn 1 0 0
vn 1 0 0
vn 1 0 0
vn 1 0 0
vn 1 0 0
vn 1 0 0
vn 1 0 0
vn 1 0 0
vn 1 0 0
vn 1 0 0
vn 1 0 0
vn 1 0 0
vn 1 0 0
vn 1 0 0
vn 1 0 0
vn 1 0 0
vn 1 0 0
vn 1 0 0
vn 1 0 0
vn 1 0 0
vn 1 0 0
vn 1 0 0
vn 1 0 0
vn 1 0 0
vn 1 0 0
vn 1 0 0
vn 1 0 0
vn 1 0 0
vn 1 0 0
vn 1 0 0
vn 1 0 0
vn 1 0 0
vn 1 0 0
vn 1 0 0
vn 1 0 0
vn 1 0 0
vn 1 0 0
vn 1 0 0
vn 1 0 0
vn 1 0 0
vn 1 0 0
vn 1 0 0
vn 1 0 0
vn 0 0.9969173339027824 -0.07845909357218185
vn 0 0.9832461650680832 -0.18228268946586157
vn 0 0.9426254994873021 -0.33385201469560427
vn 0 0.8910065294936963 -0.45399048932725333
vn 0 0.8241533741539413 -0.5663666796967081
vn 0 0.7071067811865476 -0.7071067811865476
vn 0 0.5663666796967081 -0.8241533741539413
vn 0 0.45399048932725333 -0.8910065294936963
vn 0 0.30901696787202826 -0.9510565249064736
vn 0 0.15643447269848995 -0.9876883393821886
vn 0 0 -1
vn 0 -0.18228268946586157 -0.9832461650680832
vn 0 -0.33385201469560427 -0.9426254994873021
vn 0 -0.45399048932725333 -0.8910065294936963
vn 0 -0.587785203942453 -0.8090170295032909
vn 0 -0.7254073652349595 -0.68831980536875
vn 0 -0.8090170295032909 -0.587785203942453
vn 0 -0.8910065294936963 -0.45399048932725333
vn 0 -0.9588333419757405 -0.2839694038371608
vn 0 -0.9876883393821886 -0.15643447269848995
vn 0 -0.9969173339027824 -0.07845909357218185
vn 0 -0.9969173339027824 -0.07845909357218185
vn 0 0.9969173339027824 -0.07845909357218185
vn 0 0.9914511196481088 -0.1304786470979498
vn 0 0.9588333500902967 -0.28396937643805614
vn 0 0.8910065415489885 -0.4539904656674086
vn 0 0.7933241636984502 -0.6087994507981709
vn 0 0.7071067811865476 -0.7071067811865476
vn 0 0.6087994132851976 -0.7933241924860222
vn 0 0.45399048932725333 -0.8910065294936963
vn 0 0.30901696787202826 -0.9510565249064736
vn 0 0.15643445816198648 -0.9876883416845447
vn 0 0 -1
vn 0 -0.1304786470979498 -0.9914511196481088
vn 0 -0.28396937643805614 -0.9588333500902967
vn 0 -0.4539904656674086 -0.8910065415489885
vn 0 -0.587785203942453 -0.8090170295032909
vn 0 -0.68831980536875 -0.7254073652349595
vn 0 -0.8090170295032909 -0.587785203942453
vn 0 -0.8910065294936963 -0.45399048932725333
vn 0 -0.9426254994873021 -0.33385201469560427
vn 0 -0.9876883416845447 -0.15643445816198648
vn 0 -0.9969173339027824 0.07845909357218185
vn 0 -0.9832461650680832 0.18228268946586157
vn 0 -0.9426254994873021 0.33385201469560427
vn 0 -0.8910065294936963 0.45399048932725333
vn 0 -0.8241533741539413 0.5663666796967081
vn 0 -0.7071067811865476 0.7071067811865476
vn 0 -0.5663666796967081 0.8241533741539413
vn 0 -0.45399048932725333 0.8910065294936963
vn 0 -0.30901696787202826 0.9510565249064736
vn 0 -0.15643447269848995 0.9876883393821886
vn 0 0 1
vn 0 0.18228268946586157 0.9832461650680832
vn 0 0.33385201469560427 0.9426254994873021
vn 0 0.45399048932725333 0.8910065294936963
vn 0 0.587785203942453 0.8090170295032909
vn 0 0.7254073652349595 0.68831980536875
vn 0 0.8090170295032909 0.587785203942453
vn 0 0.8910065294936963 0.45399048932725333
vn 0 0.9588333419757405 0.2839694038371608
vn 0 0.9876883393821886 0.15643447269848995
vn 0 0.9969173339027824 0.07845909357218185
vn 0 0.9969173339027824 0.07845909357218185
vn 0 -0.9969173339027824 0.07845909357218185
vn 0 -0.9914511196481088 0.1304786470979498
vn 0 -0.9588333500902967 0.28396937643805614
vn 0 -0.8910065415489885 0.4539904656674086
vn 0 -0.7933241636984502 0.6087994507981709
vn 0 -0.7071067811865476 0.7071067811865476
vn 0 -0.6087994132851976 0.7933241924860222
vn 0 -0.45399048932725333 0.8910065294936963
vn 0 -0.30901696787202826 0.9510565249064736
vn 0 -0.15643445816198648 0.9876883416845447
vn 0 0 1
vn 0 0.1304786470979498 0.9914511196481088
vn 0 0.28396937643805614 0.9588333500902967
vn 0 0.4539904656674086 0.8910065415489885
vn 0 0.587785203942453 0.8090170295032909
vn 0 0.68831980536875 0.7254073652349595
vn 0 0.8090170295032909 0.587785203942453
vn 0 0.8910065294936963 0.45399048932725333
vn 0 0.9426254994873021 0.33385201469560427
vn 0 0.9876883416845447 0.15643445816198648
vn -1 0 0
vn -1 0 0
vn -1 0 0
vn -1 0 0
vn -1 0 0
vn -1 0 0
vn -1 0 0
vn -1 0 0
vn -1 0 0
vn -1 0 0
vn -1 0 0
vn -1 0 0
vn -1 0 0
vn -1 0 0
vn -1 0 0
vn -1 0 0
vn -1 0 0
vn -1 0 0
vn -1 0 0
vn -1 0 0
vn -1 0 0
vn -1 0 0
vn -1 0 0
vn -1 0 0
vn -1 0 0
vn -1 0 0
vn -1 0 0
vn -1 0 0
vn -1 0 0
vn -1 0 0
vn -1 0 0
vn -1 0 0
vn -1 0 0
vn -1 0 0
vn -1 0 0
vn -1 0 0
vn -1 0 0
vn -1 0 0
vn -1 0 0
vn -1 0 0
vn -1 0 0
vn -1 0 0
vn -1 0 0
vn -1 0 0
vn -1 0 0
vn -1 0 0
vn -1 0 0
vn -1 0 0
vn -1 0 0
vn -1 0 0
vn -1 0 0
vn -1 0 0
vn -1 0 0
vn -1 0 0
vn -1 0 0
vn -1 0 0
vn -1 0 0
vn -1 0 0
vn -1 0 0
vn -1 0 0
vn -1 0 0
vn -1 0 0
vn -1 0 0
vn -1 0 0
vn -1 0 0
vn -1 0 0
vn -1 0 0
vn -1 0 0
vn -1 0 0
vn -1 0 0
vn -1 0 0
vn -1 0 0
vn -1 0 0
vn -1 0 0
vn 0 -0.05064916479833944 0.9987165073759574
vn 0 -0.05064916479833944 0.9987165073759574
vn 0 -0.1179694712861307 0.9930172223302428
vn 0 -0.21782610911071557 0.9759875953052306
vn 0 -0.3154475654448012 0.9489430085389469
vn 0 -0.4098320615374725 0.9121609952941122
vn 0 -0.5000110831613198 0.8660190048237069
vn 0 -0.5850594656772081 0.8109903955174189
vn 0 -0.6641042201241507 0.7476400101742104
vn 0 -0.7363344206449985 0.6766177805625524
vn 0 -0.7907757597357709 0.6121059530949805
vn 0 -0.8395823120734165 0.543232492818182
vn 0 -0.8978045504060155 0.44039412946842565
vn 0 -0.9434884488432855 0.3314054116928248
vn 0 -0.9721754374484145 0.23425396223326503
vn 0 -0.9884683251752618 0.15142777197467022
vn 0 -0.9987165073759574 0.05064916479833944
vn 0 -0.9977177468576676 -0.06752257108004123
vn 0 -0.9857676386929043 -0.16811354051894725
vn 0 -0.9637022116494177 -0.2669794884668493
vn 0 -0.9317479038587938 -0.36310582982753636
vn 0 -0.8902325991053434 -0.4555062233275689
vn 0 -0.8395823120734165 -0.543232492818182
vn 0 -0.7803167519480718 -0.625384495034224
vn 0 -0.7130441334297616 -0.7011191509161622
vn 0 -0.6384546575971292 -0.7696594377986491
vn 0 -0.5712682607046089 -0.8207634094619052
vn 0 -0.5000110831613198 -0.8660190048237069
vn 0 -0.3943558807514084 -0.9189578006180593
vn 0 -0.2831931754126385 -0.9590628891786538
vn 0 -0.18471340672551054 -0.9827924284282293
vn 0 -0.10116831678986035 -0.9948693239204365
vn 0 -0.05064916479833944 -0.9987165073759574
vn 0 -0.05064916479833944 -0.9987165073759574
vn 0 -0.0843382544328977 0.9964371825856418
vn 0 -0.18471340672551054 0.9827924284282293
vn 0 -0.2831931754126385 0.9590628891786538
vn 0 -0.37876696591420456 0.9254920775091202
vn 0 -0.4704541658137992 0.8824244318175027
vn 0 -0.5573137356959306 0.8303019932558554
vn 0 -0.6384546868864137 0.7696594135023435
vn 0 -0.7130441036316768 0.7011191812210664
vn 0 -0.7907757597357709 0.6121059530949805
vn 0 -0.8574637198081456 0.5145444288035562
vn 0 -0.8978045386225391 0.4403941534906766
vn 0 -0.9317479038587938 0.36310582982753636
vn 0 -0.9637022116494177 0.2669794884668493
vn 0 -0.9884683251752618 0.15142777197467022
vn 0 -0.9987165073759574 0.05064916479833944
vn 0 -0.9994299253347949 -0.033761284710247835
vn 0 -0.9908866030521806 -0.1346987004083944
vn 0 -0.9721754374484145 -0.23425396223326503
vn 0 -0.9434884488432855 -0.3314054116928248
vn 0 -0.9051199742456192 -0.425156244481496
vn 0 -0.8574637198081456 -0.5145444288035562
vn 0 -0.8010087435375938 -0.5986526478487548
vn 0 -0.7363344206449985 -0.6766177805625524
vn 0 -0.6641042201241507 -0.7476400101742104
vn 0 -0.5712682607046089 -0.8207634094619052
vn 0 -0.4704541658137992 -0.8824244318175027
vn 0 -0.3943558807514084 -0.9189578006180593
vn 0 -0.3154475654448012 -0.9489430085389469
vn 0 -0.21782610911071557 -0.9759875953052306
vn 0 -0.10116830204121334 -0.9948693254202272
vn 0 -0.0007140479747568108 0.9999997450677124
vn 0.09909080659892258 -0.0007108452807490068 0.9950781410253978
vn 0.1972062320984611 -0.0007012369571617169 0.9803617752076311
vn 0.29338050140249383 -0.0006852232677030426 0.9559955082875099
vn 0.38666698930598403 -0.000662803951122631 0.9222191713860477
vn 0.476147453872217 -0.0006339792306193935 0.8793652257403292
vn 0.560941045092328 -0.0005987483940507275 0.8278555341550162
vn 0.640213138742373 -0.0005571117567727242 0.7681971274406912
vn 0.7131835380516854 -0.0005090692542778031 0.7009771621818891
vn 0.7791339195162651 -0.00045462051850271427 0.6268573432443832
vn 0.837415082597578 -0.000393765301346677 0.5465673100240986
vn 0.887453424755851 -0.0003265036749390139 0.46089729038524535
vn 0.9287564117068793 -0.00025283504397674664 0.37069052292687793
vn 0.9609174362415668 -0.00017275942495682066 0.2768350607873139
vn 0.9836199635619861 -0.00008627647698319136 0.18025470822890177
vn 0.9966405447619017 0.00000661417867999015 0.08190008847951709
vn 0.9987954562868909 0 0.04906767266399793
vn 0.9987556560139125 0.0001578583067885259 0.04987098014852182
vn -0.9987556560139125 0.0001578583067885259 0.04987098014852182
vn -0.9932403122875295 0.00020938912673997825 0.11607600184002174
vn -0.9766238830354627 0.0003070006174589886 0.21495510423192057
vn -0.9501892784009299 0.0003976385574282496 0.3116731895680113
vn -0.9142022611976738 0.0004813031930376207 0.4052579351083658
vn -0.8690246363591988 0.0005579948787367519 0.49476850146556184
vn -0.8151105764190116 0.0006277136947748797 0.5793050614187523
vn -0.7530021013427216 0.0006904600833439092 0.6580177494857711
vn -0.6833235971139674 0.0007462341767847705 0.7301152681335883
vn -0.6067755698922912 0.0007950359566096138 0.7948728047302366
vn -0.524127604361911 0.0008368657464717867 0.8516393332870238
vn -0.4362104395980293 0.0008717238392192218 0.8998442601268524
vn -0.34390805148852926 0.0008996102516069821 0.9390028981972093
vn -0.24814830439327293 0.0009205248102578685 0.9687216172156051
vn -0.1498939393189439 0.0009344678826824905 0.9887016403977618
vn -0.05013264077574728 0.0009414393772067649 0.9987421248854726
vn 0.05013264077574728 0.0009414393772067649 0.9987421248854726
vn 0.1498939393189439 0.0009344678826824905 0.9887016403977618
vn 0.24814830439327293 0.0009205248102578685 0.9687216172156051
vn 0.34390800596286075 0.0008996101522694801 0.939002914870994
vn 0.4362104395980293 0.0008717238392192218 0.8998442601268524
vn 0.524127604361911 0.0008368657464717867 0.8516393332870238
vn 0.6067755986402 0.0007950359360692905 0.7948727827851995
vn 0.6833235971139674 0.0007462341767847705 0.7301152681335883
vn 0.7530021308761525 0.000690460110424385 0.6580177156891821
vn 0.8151105964220161 0.0006277136642778019 0.5793050332735776
vn 0.8690246363591988 0.0005579948787367519 0.49476850146556184
vn 0.9142022611976738 0.0004813031930376207 0.4052579351083658
vn 0.9501892784009409 0.0003976385283244242 0.31167318956801493
vn 0.9766238830354627 0.0003070006174589886 0.21495510423192057
vn 0.993240310569554 0.00020938912637780466 0.11607601654041025
vn -0.9987954562868909 0 0.04906767266399793
vn -0.9966405447619017 0.00000661417867999015 0.08190008847951709
vn -0.9836199635619861 -0.00008627647698319136 0.18025470822890177
vn -0.9609174362415668 -0.00017275942495682066 0.2768350607873139
vn -0.9287564117068793 -0.00025283504397674664 0.37069052292687793
vn -0.887453424755851 -0.0003265036749390139 0.46089729038524535
vn -0.837415082597578 -0.000393765301346677 0.5465673100240986
vn -0.7791339195162651 -0.00045462051850271427 0.6268573432443832
vn -0.7131835971374475 -0.0005090692539074246 0.70097710206724
vn -0.640213138742373 -0.0005571117567727242 0.7681971274406912
vn -0.560941045092328 -0.0005987483940507275 0.8278555341550162
vn -0.47614745387223456 -0.0006339791724117546 0.8793652257403616
vn -0.38666696395944655 -0.0006628039587605013 0.9222191820133088
vn -0.29338050140250554 -0.0006852232094954085 0.9559955082875481
vn -0.1972062177768183 -0.0007012369010147396 0.9803617780885641
vn -0.09909080659892258 -0.0007108452807490068 0.9950781410253978
vn 0.9983081582777347 0 -0.058144828799450356
vn 0.9932383575132568 0 -0.1160929160817649
vn 0.9730448710245514 0 -0.23061586886598734
vn 0.9396926264280235 0 -0.3420201278240845
vn 0.8936326253000437 0 -0.4487992101144471
vn 0.8459968203864048 0 -0.5331879405013706
vn 0.7660444576809406 0 -0.6427875923322678
vn 0.6862416229769727 0 -0.7273736556227001
vn 0.5971585674654338 0 -0.8021232107990834
vn 0.5000000067305869 0 -0.8660253998985324
vn 0.41382842471600395 0 -0.9103548950255997
vn 0.3053445456423415 0 -0.952241937979247
vn 0.19273136944446964 0 -0.9812515575692399
vn 0.058144828799450356 0 -0.9983081582777347
vn -0.058144828799450356 0 -0.9983081582777347
vn -0.15449954214440487 0 -0.9879928600334972
vn -0.2868032167096903 0 -0.9579895171059933
vn -0.41382842471600395 0 -0.9103548950255997
vn -0.5000000067305869 0 -0.8660253998985324
vn -0.581476211274865 0 -0.8135634060854928
vn -0.6719934193568501 0 -0.7405571175413067
vn -0.7534231537369536 0 -0.65753596967243
vn -0.8246639960405145 0 -0.5656229253084517
vn -0.884752724232922 0 -0.46606074385472884
vn -0.9396926264280235 0 -0.3420201278240845
vn -0.9730448710245514 0 -0.23061586886598734
vn -0.9907977668462066 0 -0.13535060107945585
vn -0.9983081582777347 0 -0.058144828799450356
vn 0.9983081582777347 0 -0.058144828799450356
vn 0.9932383575132568 0 -0.1160929160817649
vn 0.9730448710245514 0 -0.23061586886598734
vn 0.9396926264280235 0 -0.3420201278240845
vn 0.8936326372526108 0 -0.44879918631493043
vn 0.8246639960405145 0 -0.5656229253084517
vn 0.7660444576809406 0 -0.6427875923322678
vn 0.6862416229769727 0 -0.7273736556227001
vn 0.5971585674654338 0 -0.8021232107990834
vn 0.5000000067305869 0 -0.8660253998985324
vn 0.37818180798373574 0 -0.9257313433767665
vn 0.2681538456435376 0 -0.9633761026030185
vn 0.15449955668987334 0 -0.9879928577589174
vn 0.058144828799450356 0 -0.9983081582777347
vn -0.058144828799450356 0 -0.9983081582777347
vn -0.19273136944446964 0 -0.9812515575692399
vn -0.2868032167096903 0 -0.9579895171059933
vn -0.37818180798373574 0 -0.9257313433767665
vn -0.5000000067305869 0 -0.8660253998985324
vn -0.6126159231920282 0 -0.7903807504308153
vn -0.7002312401748728 0 -0.7139161087152746
vn -0.7783771382411719 0 -0.6277969661152272
vn -0.8459968203864048 0 -0.5331879405013706
vn -0.9021758048902883 0 -0.4313685397320489
vn -0.9396926264280235 0 -0.3420201278240845
vn -0.9730448743683656 0 -0.23061585475732463
vn -0.9953046808477239 0 -0.09679148868888499
vn -0.9983081582777347 0 -0.058144828799450356
f 28//28 29//29 1//1
f 30//30 1//1 29//29
f 27//27 28//28 1//1
f 31//31 1//1 30//30
f 26//26 27//27 1//1
f 32//32 1//1 31//31
f 25//25 26//26 1//1
f 33//33 1//1 32//32
f 24//24 25//25 1//1
f 34//34 1//1 33//33
f 3//3 34//34 35//35
f 3//3 35//35 36//36
f 3//3 36//36 37//37
f 3//3 37//37 38//38
f 3//3 1//1 34//34
f 2//2 20//20 21//21
f 2//2 21//21 22//22
f 2//2 22//22 23//23
f 2//2 23//23 24//24
f 2//2 24//24 1//1
f 19//19 20//20 2//2
f 39//39 3//3 38//38
f 18//18 19//19 2//2
f 40//40 3//3 39//39
f 17//17 18//18 2//2
f 41//41 3//3 40//40
f 16//16 17//17 2//2
f 42//42 3//3 41//41
f 15//15 16//16 2//2
f 5//5 3//3 42//42
f 4//4 3//3 5//5
f 4//4 5//5 6//6
f 4//4 6//6 7//7
f 4//4 7//7 8//8
f 4//4 15//15 2//2
f 4//4 8//8 9//9
f 4//4 9//9 10//10
f 4//4 10//10 11//11
f 4//4 11//11 12//12
f 4//4 12//12 13//13
f 4//4 13//13 14//14
f 4//4 14//14 15//15
f 64//64 44//44 43//43
f 65//65 44//44 64//64
f 66//66 45//45 44//44
f 66//66 44//44 65//65
f 67//67 46//46 45//45
f 67//67 47//47 46//46
f 67//67 45//45 66//66
f 68//68 47//47 67//67
f 69//69 48//48 47//47
f 69//69 47//47 68//68
f 70//70 49//49 48//48
f 70//70 50//50 49//49
f 70//70 48//48 69//69
f 71//71 50//50 70//70
f 72//72 51//51 50//50
f 72//72 50//50 71//71
f 73//73 52//52 51//51
f 73//73 53//53 52//52
f 73//73 51//51 72//72
f 74//74 53//53 73//73
f 75//75 54//54 53//53
f 75//75 53//53 74//74
f 76//76 55//55 54//54
f 76//76 56//56 55//55
f 76//76 54//54 75//75
f 77//77 56//56 76//76
f 78//78 57//57 56//56
f 78//78 56//56 77//77
f 79//79 57//57 78//78
f 79//79 58//58 57//57
f 79//79 59//59 58//58
f 80//80 59//59 79//79
f 81//81 59//59 80//80
f 81//81 60//60 59//59
f 82//82 60//60 81//81
f 82//82 61//61 60//60
f 82//82 62//62 61//61
f 63//63 62//62 82//82
f 105//105 84//84 83//83
f 105//105 83//83 104//104
f 106//106 85//85 84//84
f 106//106 84//84 105//105
f 107//107 86//86 85//85
f 107//107 87//87 86//86
f 107//107 85//85 106//106
f 108//108 87//87 107//107
f 109//109 88//88 87//87
f 109//109 87//87 108//108
f 110//110 89//89 88//88
f 110//110 90//90 89//89
f 110//110 88//88 109//109
f 111//111 90//90 110//110
f 112//112 91//91 90//90
f 112//112 90//90 111//111
f 113//113 92//92 91//91
f 113//113 93//93 92//92
f 113//113 91//91 112//112
f 114//114 93//93 113//113
f 115//115 94//94 93//93
f 115//115 93//93 114//114
f 116//116 95//95 94//94
f 116//116 94//94 115//115
f 117//117 96//96 95//95
f 117//117 97//97 96//96
f 117//117 95//95 116//116
f 118//118 97//97 117//117
f 119//119 97//97 118//118
f 119//119 98//98 97//97
f 119//119 99//99 98//98
f 120//120 99//99 119//119
f 120//120 100//100 99//99
f 121//121 100//100 120//120
f 122//122 100//100 121//121
f 122//122 101//101 100//100
f 122//122 102//102 101//101
f 103//103 102//102 122//122
f 182//182 129//129 130//130
f 182//182 130//130 131//131
f 181//181 128//128 129//129
f 181//181 129//129 182//182
f 183//183 131//131 132//132
f 183//183 182//182 131//131
f 180//180 127//127 128//128
f 180//180 128//128 181//181
f 184//184 132//132 133//133
f 184//184 183//183 132//132
f 184//184 133//133 134//134
f 179//179 125//125 126//126
f 179//179 126//126 127//127
f 179//179 127//127 180//180
f 185//185 134//134 135//135
f 185//185 184//184 134//134
f 178//178 124//124 125//125
f 178//178 125//125 179//179
f 186//186 135//135 136//136
f 186//186 185//185 135//135
f 177//177 123//123 124//124
f 177//177 124//124 178//178
f 177//177 176//176 123//123
f 187//187 136//136 137//137
f 187//187 137//137 138//138
f 187//187 186//186 136//136
f 214//214 175//175 176//176
f 214//214 176//176 177//177
f 188//188 138//138 139//139
f 188//188 187//187 138//138
f 213//213 173//173 174//174
f 213//213 174//174 175//175
f 213//213 175//175 214//214
f 189//189 139//139 140//140
f 189//189 140//140 141//141
f 189//189 188//188 139//139
f 212//212 172//172 173//173
f 212//212 173//173 213//213
f 190//190 141//141 142//142
f 190//190 189//189 141//141
f 211//211 171//171 172//172
f 211//211 172//172 212//212
f 191//191 142//142 143//143
f 191//191 190//190 142//142
f 210//210 171//171 211//211
f 170//170 171//171 210//210
f 144//144 192//192 191//191
f 144//144 191//191 143//143
f 169//169 210//210 209//209
f 169//169 170//170 210//210
f 145//145 193//193 192//192
f 145//145 192//192 144//144
f 168//168 169//169 209//209
f 168//168 209//209 208//208
f 146//146 194//194 193//193
f 146//146 193//193 145//145
f 167//167 168//168 208//208
f 147//147 194//194 146//146
f 166//166 167//167 208//208
f 166//166 208//208 207//207
f 148//148 195//195 194//194
f 148//148 194//194 147//147
f 165//165 166//166 207//207
f 165//165 207//207 206//206
f 149//149 195//195 148//148
f 149//149 196//196 195//195
f 164//164 165//165 206//206
f 150//150 196//196 149//149
f 163//163 164//164 206//206
f 163//163 206//206 205//205
f 151//151 196//196 150//150
f 151//151 197//197 196//196
f 162//162 163//163 205//205
f 162//162 205//205 204//204
f 152//152 197//197 151//151
f 152//152 198//198 197//197
f 161//161 162//162 204//204
f 161//161 204//204 203//203
f 153//153 198//198 152//152
f 160//160 161//161 203//203
f 154//154 198//198 153//153
f 154//154 199//199 198//198
f 159//159 160//160 203//203
f 159//159 203//203 202//202
f 155//155 199//199 154//154
f 155//155 200//200 199//199
f 158//158 159//159 202//202
f 158//158 202//202 201//201
f 156//156 200//200 155//155
f 156//156 201//201 200//200
f 157//157 158//158 201//201
f 157//157 201//201 156//156
f 216//216 243//243 215//215
f 216//216 244//244 243//243
f 216//216 245//245 244//244
f 217//217 246//246 245//245
f 217//217 245//245 216//216
f 218//218 246//246 217//217
f 219//219 247//247 246//246
f 219//219 248//248 247//247
f 219//219 246//246 218//218
f 220//220 249//249 248//248
f 220//220 248//248 219//219
f 221//221 249//249 220//220
f 222//222 250//250 249//249
f 222//222 249//249 221//221
f 223//223 251//251 250//250
f 223//223 252//252 251//251
f 223//223 250//250 222//222
f 224//224 253//253 252//252
f 224//224 252//252 223//223
f 225//225 253//253 224//224
f 225//225 254//254 253//253
f 226//226 254//254 225//225
f 226//226 255//255 254//254
f 227//227 255//255 226//226
f 228//228 255//255 227//227
f 228//228 256//256 255//255
f 229//229 256//256 228//228
f 229//229 257//257 256//256
f 229//229 258//258 257//257
f 230//230 258//258 229//229
f 231//231 258//258 230//230
f 231//231 259//259 258//258
f 231//231 260//260 259//259
f 232//232 260//260 231//231
f 233//233 260//260 232//232
f 233//233 261//261 260//260
f 234//234 261//261 233//233
f 234//234 262//262 261//261
f 235//235 262//262 234//234
f 235//235 263//263 262//262
f 236//236 263//263 235//235
f 236//236 264//264 263//263
f 237//237 264//264 236//236
f 237//237 265//265 264//264
f 238//238 265//265 237//237
f 238//238 266//266 265//265
f 239//239 267//267 266//266
f 239//239 266//266 238//238
f 240//240 268//268 267//267
f 240//240 267//267 239//239
f 241//241 269//269 268//268
f 241//241 268//268 240//240
f 242//242 270//270 269//269
f 242//242 269//269 241//241
f 340//340 278//278 279//279
f 340//340 279//279 280//280
f 339//339 277//277 278//278
f 339//339 278//278 340//340
f 341//341 280//280 281//281
f 341//341 340//340 280//280
f 338//338 276//276 277//277
f 338//338 277//277 339//339
f 342//342 281//281 282//282
f 342//342 341//341 281//281
f 337//337 275//275 276//276
f 337//337 276//276 338//338
f 343//343 282//282 283//283
f 343//343 342//342 282//282
f 336//336 274//274 275//275
f 336//336 275//275 337//337
f 344//344 283//283 284//284
f 344//344 343//343 283//283
f 335//335 273//273 274//274
f 335//335 274//274 336//336
f 345//345 284//284 285//285
f 345//345 344//344 284//284
f 334//334 272//272 273//273
f 334//334 273//273 335//335
f 346//346 285//285 286//286
f 346//346 286//286 287//287
f 346//346 345//345 285//285
f 333//333 271//271 272//272
f 333//333 332//332 271//271
f 333//333 272//272 334//334
f 347//347 287//287 288//288
f 347//347 346//346 287//287
f 386//386 332//332 333//333
f 386//386 331//331 332//332
f 348//348 288//288 289//289
f 348//348 347//347 288//288
f 385//385 330//330 331//331
f 385//385 331//331 386//386
f 349//349 289//289 290//290
f 349//349 348//348 289//289
f 384//384 329//329 330//330
f 384//384 330//330 385//385
f 350//350 349//349 290//290
f 350//350 290//290 291//291
f 383//383 329//329 384//384
f 383//383 328//328 329//329
f 351//351 350//350 291//291
f 351//351 291//291 292//292
f 382//382 327//327 328//328
f 382//382 328//328 383//383
f 352//352 351//351 292//292
f 352//352 292//292 293//293
f 381//381 327//327 382//382
f 381//381 326//326 327//327
f 353//353 293//293 294//294
f 353//353 352//352 293//293
f 380//380 326//326 381//381
f 325//325 326//326 380//380
f 295//295 353//353 294//294
f 295//295 354//354 353//353
f 324//324 380//380 379//379
f 324//324 325//325 380//380
f 296//296 354//354 295//295
f 296//296 355//355 354//354
f 323//323 379//379 378//378
f 323//323 324//324 379//379
f 297//297 355//355 296//296
f 297//297 356//356 355//355
f 322//322 378//378 377//377
f 322//322 323//323 378//378
f 298//298 356//356 297//297
f 298//298 357//357 356//356
f 321//321 377//377 376//376
f 321//321 322//322 377//377
f 299//299 357//357 298//298
f 299//299 358//358 357//357
f 320//320 376//376 375//375
f 320//320 321//321 376//376
f 300//300 358//358 299//299
f 300//300 359//359 358//358
f 319//319 375//375 374//374
f 319//319 320//320 375//375
f 301//301 359//359 300//300
f 301//301 360//360 359//359
f 318//318 319//319 374//374
f 302//302 360//360 301//301
f 317//317 318//318 374//374
f 317//317 374//374 373//373
f 303//303 360//360 302//302
f 303//303 361//361 360//360
f 316//316 373//373 372//372
f 316//316 317//317 373//373
f 304//304 362//362 361//361
f 304//304 361//361 303//303
f 315//315 372//372 371//371
f 315//315 316//316 372//372
f 305//305 362//362 304//304
f 305//305 363//363 362//362
f 314//314 315//315 371//371
f 314//314 371//371 370//370
f 306//306 363//363 305//305
f 306//306 364//364 363//363
f 313//313 314//314 370//370
f 313//313 370//370 369//369
f 307//307 364//364 306//306
f 307//307 365//365 364//364
f 312//312 313//313 369//369
f 312//312 369//369 368//368
f 308//308 365//365 307//307
f 308//308 366//366 365//365
f 311//311 312//312 368//368
f 311//311 368//368 367//367
f 309//309 366//366 308//308
f 309//309 367//367 366//366
f 310//310 311//311 367//367
f 310//310 367//367 309//309
f 405//405 436//436 437//437
f 406//406 437//437 438//438
f 406//406 405//405 437//437
f 407//407 438//438 439//439
f 407//407 406//406 438//438
f 408//408 439//439 440//440
f 408//408 407//407 439//439
f 409//409 440//440 441//441
f 409//409 408//408 440//440
f 410//410 441//441 442//442
f 410//410 409//409 441//441
f 411//411 442//442 443//443
f 411//411 410//410 442//442
f 412//412 443//443 444//444
f 412//412 411//411 443//443
f 413//413 412//412 444//444
f 413//413 444//444 445//445
f 414//414 413//413 445//445
f 414//414 445//445 446//446
f 415//415 414//414 446//446
f 415//415 446//446 447//447
f 416//416 415//415 447//447
f 416//416 447//447 448//448
f 417//417 416//416 448//448
f 417//417 448//448 449//449
f 418//418 417//417 449//449
f 418//418 449//449 450//450
f 419//419 418//418 450//450
f 419//419 450//450 451//451
f 420//420 419//419 451//451
f 420//420 451//451 387//387
f 421//421 387//387 388//388
f 421//421 420//420 387//387
f 422//422 388//388 389//389
f 422//422 421//421 388//388
f 423//423 389//389 390//390
f 423//423 422//422 389//389
f 424//424 390//390 391//391
f 424//424 423//423 390//390
f 425//425 391//391 392//392
f 425//425 424//424 391//391
f 426//426 392//392 393//393
f 426//426 425//425 392//392
f 427//427 393//393 394//394
f 427//427 426//426 393//393
f 428//428 394//394 395//395
f 428//428 427//427 394//394
f 429//429 395//395 396//396
f 429//429 428//428 395//395
f 430//430 396//396 397//397
f 430//430 429//429 396//396
f 431//431 397//397 398//398
f 431//431 430//430 397//397
f 432//432 398//398 399//399
f 432//432 431//431 398//398
f 433//433 399//399 400//400
f 433//433 432//432 399//399
f 434//434 400//400 401//401
f 434//434 433//433 400//400
f 435//435 401//401 402//402
f 435//435 434//434 401//401
f 404//404 402//402 403//403
f 404//404 435//435 402//402
f 469//469 454//454 453//453
f 469//469 455//455 454//454
f 469//469 456//456 455//455
f 469//469 457//457 456//456
f 469//469 458//458 457//457
f 469//469 459//459 458//458
f 469//469 460//460 459//459
f 469//469 461//461 460//460
f 469//469 462//462 461//461
f 469//469 463//463 462//462
f 464//464 463//463 469//469
f 465//465 464//464 469//469
f 466//466 465//465 469//469
f 467//467 466//466 469//469
f 468//468 467//467 469//469
f 470//470 472//472 468//468
f 470//470 473//473 472//472
f 470//470 474//474 473//473
f 470//470 475//475 474//474
f 470//470 476//476 475//475
f 470//470 477//477 476//476
f 470//470 478//478 477//477
f 470//470 479//479 478//478
f 470//470 480//480 479//479
f 470//470 481//481 480//480
f 470//470 482//482 481//481
f 470//470 483//483 482//482
f 470//470 468//468 469//469
f 452//452 469//469 453//453
f 470//470 471//471 486//486
f 470//470 486//486 485//485
f 470//470 485//485 484//484
f 470//470 484//484 483//483
f 498//498 489//489 499//499
f 500//500 499//499 489//489
f 501//501 500//500 489//489
f 497//497 489//489 498//498
f 496//496 489//489 497//497
f 502//502 501//501 489//489
f 495//495 489//489 496//496
f 503//503 502//502 489//489
f 494//494 489//489 495//495
f 504//504 503//503 489//489
f 493//493 489//489 494//494
f 505//505 504//504 489//489
f 492//492 489//489 493//493
f 506//506 505//505 489//489
f 491//491 489//489 492//492
f 488//488 519//519 518//518
f 488//488 520//520 519//519
f 488//488 521//521 520//520
f 488//488 491//491 521//521
f 488//488 489//489 491//491
f 517//517 488//488 518//518
f 516//516 488//488 517//517
f 515//515 488//488 516//516
f 514//514 488//488 515//515
f 513//513 488//488 514//514
f 512//512 488//488 513//513
f 511//511 488//488 512//512
f 510//510 488//488 511//511
f 487//487 488//488 507//507
f 507//507 488//488 508//508
f 508//508 488//488 509//509
f 509//509 488//488 510//510
f 489//489 490//490 506//506
f 527//527 524//524 525//525
f 527//527 525//525 526//526
f 522//522 524//524 527//527
f 528//528 529//529 530//530
f 523//523 528//528 530//530
f 523//523 522//522 528//528
f 527//527 528//528 522//522
f 580//580 557//557 556//556
f 580//580 558//558 557//557
f 581//581 556//556 555//555
f 581//581 580//580 556//556
f 579//579 559//559 558//558
f 579//579 560//560 559//559
f 579//579 558//558 580//580
f 578//578 561//561 560//560
f 578//578 560//560 579//579
f 582//582 581//581 555//555
f 582//582 554//554 553//553
f 582//582 555//555 554//554
f 583//583 582//582 553//553
f 583//583 553//553 552//552
f 577//577 562//562 561//561
f 577//577 563//563 562//562
f 577//577 561//561 578//578
f 584//584 551//551 550//550
f 584//584 552//552 551//551
f 584//584 583//583 552//552
f 576//576 563//563 577//577
f 576//576 564//564 563//563
f 585//585 550//550 549//549
f 585//585 584//584 550//550
f 575//575 533//533 564//564
f 575//575 564//564 576//576
f 586//586 548//548 547//547
f 586//586 549//549 548//548
f 586//586 585//585 549//549
f 574//574 533//533 575//575
f 587//587 586//586 547//547
f 587//587 547//547 546//546
f 573//573 533//533 574//574
f 588//588 545//545 544//544
f 588//588 546//546 545//545
f 588//588 587//587 546//546
f 572//572 533//533 573//573
f 589//589 544//544 543//543
f 589//589 588//588 544//544
f 571//571 533//533 572//572
f 590//590 543//543 542//542
f 590//590 589//589 543//543
f 541//541 590//590 542//542
f 541//541 591//591 590//590
f 540//540 591//591 541//541
f 531//531 569//569 568//568
f 531//531 570//570 569//569
f 531//531 571//571 570//570
f 531//531 533//533 571//571
f 567//567 531//531 568//568
f 566//566 531//531 567//567
f 539//539 592//592 591//591
f 539//539 591//591 540//540
f 565//565 531//531 566//566
f 538//538 593//593 592//592
f 538//538 592//592 539//539
f 537//537 593//593 538//538
f 536//536 594//594 593//593
f 536//536 593//593 537//537
f 535//535 594//594 536//536
f 535//535 595//595 594//594
f 534//534 595//595 535//535
f 534//534 596//596 595//595
f 534//534 597//597 596//596
f 534//534 598//598 597//597
f 534//534 599//599 598//598
f 532//532 599//599 534//534
f 532//532 600//600 599//599
f 532//532 601//601 600//600
f 532//532 602//602 601//601
f 532//532 603//603 602//602
f 532//532 604//604 603//603
f 532//532 565//565 604//604
f 532//532 531//531 565//565
f 646//646 624//624 625//625
f 645//645 624//624 646//646
f 644//644 623//623 624//624
f 644//644 624//624 645//645
f 643//643 621//621 622//622
f 643//643 622//622 623//623
f 643//643 623//623 644//644
f 642//642 621//621 643//643
f 641//641 620//620 621//621
f 641//641 621//621 642//642
f 640//640 618//618 619//619
f 640//640 619//619 620//620
f 640//640 620//620 641//641
f 639//639 618//618 640//640
f 638//638 617//617 618//618
f 638//638 618//618 639//639
f 637//637 616//616 617//617
f 637//637 617//617 638//638
f 636//636 614//614 615//615
f 636//636 615//615 616//616
f 636//636 616//616 637//637
f 635//635 614//614 636//636
f 634//634 612//612 613//613
f 634//634 613//613 614//614
f 634//634 614//614 635//635
f 633//633 612//612 634//634
f 632//632 612//612 633//633
f 632//632 611//611 612//612
f 631//631 609//609 610//610
f 631//631 610//610 611//611
f 631//631 611//611 632//632
f 630//630 609//609 631//631
f 630//630 608//608 609//609
f 629//629 608//608 630//630
f 628//628 607//607 608//608
f 628//628 608//608 629//629
f 627//627 606//606 607//607
f 627//627 607//607 628//628
f 626//626 605//605 606//606
f 626//626 606//606 627//627
f 688//688 666//666 667//667
f 687//687 666//666 688//688
f 686//686 665//665 666//666
f 686//686 666//666 687//687
f 685//685 663//663 664//664
f 685//685 664//664 665//665
f 685//685 665//665 686//686
f 684//684 663//663 685//685
f 683//683 662//662 663//663
f 683//683 663//663 684//684
f 682//682 660//660 661//661
f 682//682 661//661 662//662
f 682//682 662//662 683//683
f 681//681 660//660 682//682
f 680//680 659//659 660//660
f 680//680 660//660 681//681
f 679//679 658//658 659//659
f 679//679 659//659 680//680
f 678//678 656//656 657//657
f 678//678 657//657 658//658
f 678//678 658//658 679//679
f 677//677 656//656 678//678
f 676//676 654//654 655//655
f 676//676 655//655 656//656
f 676//676 656//656 677//677
f 675//675 654//654 676//676
f 674//674 654//654 675//675
f 674//674 653//653 654//654
f 673//673 651//651 652//652
f 673//673 652//652 653//653
f 673//673 653//653 674//674
f 672//672 651//651 673//673
f 672//672 650//650 651//651
f 671//671 650//650 672//672
f 670//670 649//649 650//650
f 670//670 650//650 671//671
f 669//669 648//648 649//649
f 669//669 649//649 670//670
f 668//668 647//647 648//648
f 668//668 648//648 669//669
f 759//759 722//722 758//758
f 757//757 758//758 722//722
f 756//756 722//722 689//689
f 756//756 757//757 722//722
f 760//760 722//722 759//759
f 755//755 756//756 689//689
f 761//761 722//722 760//760
f 754//754 755//755 689//689
f 762//762 722//722 761//761
f 753//753 689//689 690//690
f 753//753 754//754 689//689
f 723//723 722//722 762//762
f 752//752 690//690 691//691
f 752//752 753//753 690//690
f 751//751 691//691 692//692
f 751//751 692//692 693//693
f 751//751 752//752 691//691
f 750//750 751//751 693//693
f 750//750 693//693 694//694
f 749//749 694//694 695//695
f 749//749 695//695 696//696
f 749//749 750//750 694//694
f 748//748 749//749 696//696
f 697//697 748//748 696//696
f 721//721 722//722 723//723
f 721//721 723//723 724//724
f 721//721 724//724 725//725
f 721//721 725//725 726//726
f 721//721 726//726 727//727
f 721//721 727//727 728//728
f 721//721 728//728 729//729
f 730//730 721//721 729//729
f 698//698 748//748 697//697
f 698//698 747//747 748//748
f 699//699 747//747 698//698
f 699//699 746//746 747//747
f 700//700 746//746 699//699
f 701//701 745//745 746//746
f 701//701 746//746 700//700
f 702//702 744//744 745//745
f 702//702 745//745 701//701
f 703//703 744//744 702//702
f 704//704 744//744 703//703
f 704//704 743//743 744//744
f 720//720 730//730 731//731
f 720//720 731//731 732//732
f 720//720 732//732 733//733
f 720//720 721//721 730//730
f 705//705 742//742 743//743
f 705//705 743//743 704//704
f 719//719 733//733 734//734
f 719//719 720//720 733//733
f 706//706 742//742 705//705
f 718//718 734//734 735//735
f 718//718 719//719 734//734
f 707//707 741//741 742//742
f 707//707 742//742 706//706
f 717//717 718//718 735//735
f 708//708 740//740 741//741
f 708//708 741//741 707//707
f 716//716 735//735 736//736
f 716//716 717//717 735//735
f 709//709 740//740 708//708
f 715//715 736//736 737//737
f 715//715 716//716 736//736
f 710//710 739//739 740//740
f 710//710 740//740 709//709
f 714//714 715//715 737//737
f 711//711 739//739 710//710
f 711//711 738//738 739//739
f 713//713 714//714 737//737
f 713//713 737//737 738//738
f 712//712 738//738 711//711
f 712//712 713//713 738//738
f 771//771 768//768 769//769
f 771//771 769//769 770//770
f 767//767 768//768 771//771
f 763//763 764//764 765//765
f 766//766 763//763 765//765
f 766//766 767//767 763//763
f 771//771 763//763 767//767
f 775//775 774//774 805//805
f 775//775 805//805 806//806
f 776//776 806//806 807//807
f 776//776 775//775 806//806
f 777//777 807//807 808//808
f 777//777 776//776 807//807
f 778//778 808//808 809//809
f 778//778 777//777 808//808
f 779//779 809//809 810//810
f 779//779 778//778 809//809
f 780//780 810//810 811//811
f 780//780 779//779 810//810
f 781//781 811//811 812//812
f 781//781 780//780 811//811
f 782//782 812//812 813//813
f 782//782 781//781 812//812
f 783//783 782//782 813//813
f 783//783 813//813 814//814
f 784//784 783//783 814//814
f 784//784 814//814 815//815
f 784//784 815//815 816//816
f 785//785 784//784 816//816
f 786//786 785//785 816//816
f 786//786 816//816 817//817
f 786//786 817//817 818//818
f 787//787 786//786 818//818
f 788//788 787//787 818//818
f 788//788 818//818 819//819
f 788//788 819//819 820//820
f 789//789 788//788 820//820
f 790//790 789//789 820//820
f 790//790 820//820 821//821
f 790//790 821//821 822//822
f 791//791 790//790 822//822
f 791//791 822//822 823//823
f 792//792 791//791 823//823
f 793//793 792//792 823//823
f 793//793 823//823 824//824
f 794//794 793//793 824//824
f 794//794 824//824 825//825
f 795//795 794//794 825//825
f 795//795 825//825 826//826
f 796//796 795//795 826//826
f 796//796 826//826 827//827
f 797//797 827//827 828//828
f 797//797 796//796 827//827
f 798//798 828//828 829//829
f 798//798 797//797 828//828
f 799//799 829//829 830//830
f 799//799 798//798 829//829
f 800//800 830//830 831//831
f 800//800 831//831 832//832
f 800//800 799//799 830//830
f 801//801 800//800 832//832
f 802//802 832//832 833//833
f 802//802 833//833 834//834
f 802//802 801//801 832//832
f 803//803 802//802 834//834
f 804//804 834//834 835//835
f 804//804 835//835 772//772
f 804//804 803//803 834//834
f 773//773 804//804 772//772
f 895//895 845//845 846//846
f 895//895 846//846 847//847
f 896//896 845//845 895//895
f 896//896 843//843 844//844
f 896//896 844//844 845//845
f 894//894 895//895 847//847
f 894//894 847//847 848//848
f 893//893 848//848 849//849
f 893//893 849//849 850//850
f 893//893 894//894 848//848
f 897//897 842//842 843//843
f 897//897 843//843 896//896
f 898//898 842//842 897//897
f 898//898 840//840 841//841
f 898//898 841//841 842//842
f 892//892 850//850 851//851
f 892//892 893//893 850//850
f 891//891 851//851 852//852
f 891//891 852//852 853//853
f 891//891 892//892 851//851
f 899//899 839//839 840//840
f 899//899 840//840 898//898
f 890//890 853//853 854//854
f 890//890 891//891 853//853
f 900//900 838//838 839//839
f 900//900 839//839 899//899
f 889//889 854//854 855//855
f 889//889 855//855 856//856
f 889//889 890//890 854//854
f 901//901 838//838 900//900
f 888//888 856//856 857//857
f 888//888 889//889 856//856
f 902//902 838//838 901//901
f 887//887 857//857 858//858
f 887//887 858//858 859//859
f 887//887 888//888 857//857
f 903//903 838//838 902//902
f 886//886 859//859 860//860
f 886//886 887//887 859//859
f 904//904 838//838 903//903
f 885//885 860//860 861//861
f 885//885 886//886 860//860
f 862//862 884//884 885//885
f 862//862 885//885 861//861
f 863//863 884//884 862//862
f 836//836 838//838 904//904
f 836//836 904//904 905//905
f 836//836 905//905 906//906
f 836//836 906//906 907//907
f 908//908 836//836 907//907
f 909//909 836//836 908//908
f 864//864 883//883 884//884
f 864//864 884//884 863//863
f 870//870 836//836 909//909
f 865//865 882//882 883//883
f 865//865 883//883 864//864
f 866//866 882//882 865//865
f 867//867 882//882 866//866
f 867//867 881//881 882//882
f 868//868 881//881 867//867
f 868//868 880//880 881//881
f 869//869 880//880 868//868
f 869//869 876//876 877//877
f 869//869 877//877 878//878
f 869//869 878//878 879//879
f 869//869 879//879 880//880
f 837//837 876//876 869//869
f 837//837 870//870 871//871
f 837//837 871//871 872//872
f 837//837 872//872 873//873
f 837//837 873//873 874//874
f 837//837 874//874 875//875
f 837//837 875//875 876//876
f 837//837 836//836 870//870
f 930//930 951//951 931//931
f 929//929 951//951 930//930
f 928//928 950//950 951//951
f 928//928 951//951 929//929
f 927//927 948//948 949//949
f 927//927 949//949 950//950
f 927//927 950//950 928//928
f 926//926 948//948 927//927
f 925//925 947//947 948//948
f 925//925 948//948 926//926
f 924//924 945//945 946//946
f 924//924 946//946 947//947
f 924//924 947//947 925//925
f 923//923 945//945 924//924
f 922//922 944//944 945//945
f 922//922 945//945 923//923
f 921//921 943//943 944//944
f 921//921 944//944 922//922
f 920//920 941//941 942//942
f 920//920 942//942 943//943
f 920//920 943//943 921//921
f 919//919 941//941 920//920
f 918//918 939//939 940//940
f 918//918 940//940 941//941
f 918//918 941//941 919//919
f 917//917 939//939 918//918
f 916//916 939//939 917//917
f 916//916 938//938 939//939
f 915//915 938//938 916//916
f 915//915 936//936 937//937
f 915//915 937//937 938//938
f 914//914 936//936 915//915
f 914//914 935//935 936//936
f 913//913 935//935 914//914
f 912//912 935//935 913//913
f 912//912 934//934 935//935
f 911//911 933//933 934//934
f 911//911 934//934 912//912
f 910//910 932//932 933//933
f 910//910 933//933 911//911
f 972//972 993//993 973//973
f 971//971 993//993 972//972
f 970//970 992//992 993//993
f 970//970 993//993 971//971
f 969//969 990//990 991//991
f 969//969 991//991 992//992
f 969//969 992//992 970//970
f 968//968 990//990 969//969
f 967//967 989//989 990//990
f 967//967 990//990 968//968
f 966//966 987//987 988//988
f 966//966 988//988 989//989
f 966//966 989//989 967//967
f 965//965 987//987 966//966
f 964//964 986//986 987//987
f 964//964 987//987 965//965
f 963//963 985//985 986//986
f 963//963 986//986 964//964
f 962//962 983//983 984//984
f 962//962 984//984 985//985
f 962//962 985//985 963//963
f 961//961 983//983 962//962
f 960//960 981//981 982//982
f 960//960 982//982 983//983
f 960//960 983//983 961//961
f 959//959 981//981 960//960
f 958//958 981//981 959//959
f 958//958 980//980 981//981
f 957//957 980//980 958//958
f 957//957 978//978 979//979
f 957//957 979//979 980//980
f 956//956 978//978 957//957
f 956//956 977//977 978//978
f 955//955 977//977 956//956
f 954//954 977//977 955//955
f 954//954 976//976 977//977
f 953//953 975//975 976//976
f 953//953 976//976 954//954
f 952//952 974//974 975//975
f 952//952 975//975 953//953
f 1044//1044 1043//1043 994//994
f 1042//1042 994//994 1043//1043
f 1045//1045 1044//1044 994//994
f 1041//1041 995//995 994//994
f 1041//1041 994//994 1042//1042
f 1046//1046 1045//1045 994//994
f 1040//1040 995//995 1041//1041
f 1039//1039 995//995 1040//1040
f 1047//1047 1046//1046 994//994
f 1038//1038 996//996 995//995
f 1038//1038 995//995 1039//1039
f 1048//1048 1047//1047 994//994
f 1037//1037 997//997 996//996
f 1037//1037 996//996 1038//1038
f 1036//1036 998//998 997//997
f 1036//1036 999//999 998//998
f 1036//1036 997//997 1037//1037
f 1035//1035 1000//1000 999//999
f 1035//1035 999//999 1036//1036
f 1034//1034 1001//1001 1000//1000
f 1034//1034 1002//1002 1001//1001
f 1034//1034 1000//1000 1035//1035
f 1033//1033 1002//1002 1034//1034
f 1003//1003 1002//1002 1033//1033
f 1027//1027 1048//1048 994//994
f 1027//1027 1049//1049 1048//1048
f 1027//1027 1050//1050 1049//1049
f 1027//1027 1051//1051 1050//1050
f 1027//1027 1052//1052 1051//1051
f 1027//1027 1053//1053 1052//1052
f 1027//1027 1054//1054 1053//1053
f 1055//1055 1054//1054 1027//1027
f 1004//1004 1033//1033 1032//1032
f 1004//1004 1003//1003 1033//1033
f 1005//1005 1004//1004 1032//1032
f 1005//1005 1032//1032 1031//1031
f 1006//1006 1005//1005 1031//1031
f 1007//1007 1031//1031 1030//1030
f 1007//1007 1006//1006 1031//1031
f 1008//1008 1030//1030 1029//1029
f 1008//1008 1007//1007 1030//1030
f 1009//1009 1008//1008 1029//1029
f 1010//1010 1029//1029 1028//1028
f 1010//1010 1009//1009 1029//1029
f 1026//1026 1055//1055 1027//1027
f 1026//1026 1056//1056 1055//1055
f 1026//1026 1057//1057 1056//1056
f 1026//1026 1058//1058 1057//1057
f 1011//1011 1028//1028 1067//1067
f 1011//1011 1010//1010 1028//1028
f 1025//1025 1059//1059 1058//1058
f 1025//1025 1058//1058 1026//1026
f 1012//1012 1011//1011 1067//1067
f 1024//1024 1060//1060 1059//1059
f 1024//1024 1059//1059 1025//1025
f 1013//1013 1067//1067 1066//1066
f 1013//1013 1012//1012 1067//1067
f 1023//1023 1060//1060 1024//1024
f 1014//1014 1066//1066 1065//1065
f 1014//1014 1013//1013 1066//1066
f 1022//1022 1060//1060 1023//1023
f 1022//1022 1061//1061 1060//1060
f 1015//1015 1014//1014 1065//1065
f 1021//1021 1061//1061 1022//1022
f 1021//1021 1062//1062 1061//1061
f 1016//1016 1065//1065 1064//1064
f 1016//1016 1015//1015 1065//1065
f 1020//1020 1062//1062 1021//1021
f 1017//1017 1016//1016 1064//1064
f 1017//1017 1064//1064 1063//1063
f 1019//1019 1062//1062 1020//1020
f 1019//1019 1063//1063 1062//1062
f 1018//1018 1017//1017 1063//1063
f 1018//1018 1063//1063 1019//1019
f 1102//1102 1068//1068 1069//1069
f 1102//1102 1069//1069 1070//1070
f 1103//1103 1070//1070 1071//1071
f 1103//1103 1102//1102 1070//1070
f 1104//1104 1071//1071 1072//1072
f 1104//1104 1103//1103 1071//1071
f 1105//1105 1072//1072 1073//1073
f 1105//1105 1104//1104 1072//1072
f 1106//1106 1073//1073 1074//1074
f 1106//1106 1105//1105 1073//1073
f 1107//1107 1074//1074 1075//1075
f 1107//1107 1106//1106 1074//1074
f 1108//1108 1075//1075 1076//1076
f 1108//1108 1107//1107 1075//1075
f 1109//1109 1076//1076 1077//1077
f 1109//1109 1108//1108 1076//1076
f 1110//1110 1109//1109 1077//1077
f 1110//1110 1077//1077 1078//1078
f 1110//1110 1078//1078 1079//1079
f 1111//1111 1110//1110 1079//1079
f 1111//1111 1079//1079 1080//1080
f 1112//1112 1111//1111 1080//1080
f 1113//1113 1112//1112 1080//1080
f 1113//1113 1080//1080 1081//1081
f 1114//1114 1081//1081 1082//1082
f 1114//1114 1113//1113 1081//1081
f 1115//1115 1082//1082 1083//1083
f 1115//1115 1083//1083 1084//1084
f 1115//1115 1114//1114 1082//1082
f 1116//1116 1115//1115 1084//1084
f 1117//1117 1084//1084 1085//1085
f 1117//1117 1116//1116 1084//1084
f 1118//1118 1085//1085 1086//1086
f 1118//1118 1117//1117 1085//1085
f 1119//1119 1086//1086 1087//1087
f 1119//1119 1118//1118 1086//1086
f 1120//1120 1087//1087 1088//1088
f 1120//1120 1119//1119 1087//1087
f 1121//1121 1088//1088 1089//1089
f 1121//1121 1120//1120 1088//1088
f 1122//1122 1089//1089 1090//1090
f 1122//1122 1121//1121 1089//1089
f 1123//1123 1090//1090 1091//1091
f 1123//1123 1122//1122 1090//1090
f 1124//1124 1091//1091 1092//1092
f 1124//1124 1123//1123 1091//1091
f 1125//1125 1092//1092 1093//1093
f 1125//1125 1124//1124 1092//1092
f 1126//1126 1093//1093 1094//1094
f 1126//1126 1094//1094 1095//1095
f 1126//1126 1125//1125 1093//1093
f 1127//1127 1095//1095 1096//1096
f 1127//1127 1126//1126 1095//1095
f 1128//1128 1127//1127 1096//1096
f 1129//1129 1096//1096 1097//1097
f 1129//1129 1128//1128 1096//1096
f 1130//1130 1097//1097 1098//1098
f 1130//1130 1129//1129 1097//1097
f 1131//1131 1098//1098 1099//1099
f 1131//1131 1099//1099 1100//1100
f 1131//1131 1130//1130 1098//1098
f 1101//1101 1131//1131 1100//1100
f 1150//1150 1181//1181 1182//1182
f 1151//1151 1182//1182 1183//1183
f 1151//1151 1150//1150 1182//1182
f 1152//1152 1183//1183 1184//1184
f 1152//1152 1151//1151 1183//1183
f 1153//1153 1184//1184 1185//1185
f 1153//1153 1152//1152 1184//1184
f 1154//1154 1185//1185 1186//1186
f 1154//1154 1153//1153 1185//1185
f 1155//1155 1186//1186 1187//1187
f 1155//1155 1154//1154 1186//1186
f 1156//1156 1187//1187 1188//1188
f 1156//1156 1155//1155 1187//1187
f 1157//1157 1188//1188 1189//1189
f 1157//1157 1156//1156 1188//1188
f 1158//1158 1157//1157 1189//1189
f 1158//1158 1189//1189 1190//1190
f 1159//1159 1158//1158 1190//1190
f 1159//1159 1190//1190 1191//1191
f 1160//1160 1159//1159 1191//1191
f 1160//1160 1191//1191 1192//1192
f 1161//1161 1160//1160 1192//1192
f 1161//1161 1192//1192 1193//1193
f 1162//1162 1161//1161 1193//1193
f 1162//1162 1193//1193 1194//1194
f 1163//1163 1162//1162 1194//1194
f 1163//1163 1194//1194 1195//1195
f 1164//1164 1163//1163 1195//1195
f 1164//1164 1195//1195 1196//1196
f 1165//1165 1164//1164 1196//1196
f 1165//1165 1196//1196 1132//1132
f 1166//1166 1132//1132 1133//1133
f 1166//1166 1165//1165 1132//1132
f 1167//1167 1133//1133 1134//1134
f 1167//1167 1166//1166 1133//1133
f 1168//1168 1134//1134 1135//1135
f 1168//1168 1167//1167 1134//1134
f 1169//1169 1135//1135 1136//1136
f 1169//1169 1168//1168 1135//1135
f 1170//1170 1136//1136 1137//1137
f 1170//1170 1169//1169 1136//1136
f 1171//1171 1137//1137 1138//1138
f 1171//1171 1170//1170 1137//1137
f 1172//1172 1138//1138 1139//1139
f 1172//1172 1171//1171 1138//1138
f 1173//1173 1139//1139 1140//1140
f 1173//1173 1172//1172 1139//1139
f 1174//1174 1140//1140 1141//1141
f 1174//1174 1173//1173 1140//1140
f 1175//1175 1141//1141 1142//1142
f 1175//1175 1174//1174 1141//1141
f 1176//1176 1142//1142 1143//1143
f 1176//1176 1175//1175 1142//1142
f 1177//1177 1143//1143 1144//1144
f 1177//1177 1176//1176 1143//1143
f 1178//1178 1144//1144 1145//1145
f 1178//1178 1177//1177 1144//1144
f 1179//1179 1145//1145 1146//1146
f 1179//1179 1178//1178 1145//1145
f 1180//1180 1146//1146 1147//1147
f 1180//1180 1179//1179 1146//1146
f 1149//1149 1147//1147 1148//1148
f 1149//1149 1180//1180 1147//1147
f 1198//1198 1225//1225 1197//1197
f 1198//1198 1226//1226 1225//1225
f 1198//1198 1227//1227 1226//1226
f 1199//1199 1227//1227 1198//1198
f 1200//1200 1228//1228 1227//1227
f 1200//1200 1229//1229 1228//1228
f 1200//1200 1227//1227 1199//1199
f 1201//1201 1229//1229 1200//1200
f 1202//1202 1230//1230 1229//1229
f 1202//1202 1229//1229 1201//1201
f 1203//1203 1231//1231 1230//1230
f 1203//1203 1232//1232 1231//1231
f 1203//1203 1230//1230 1202//1202
f 1204//1204 1232//1232 1203//1203
f 1205//1205 1233//1233 1232//1232
f 1205//1205 1234//1234 1233//1233
f 1205//1205 1232//1232 1204//1204
f 1206//1206 1234//1234 1205//1205
f 1207//1207 1235//1235 1234//1234
f 1207//1207 1234//1234 1206//1206
f 1208//1208 1235//1235 1207//1207
f 1208//1208 1236//1236 1235//1235
f 1209//1209 1236//1236 1208//1208
f 1209//1209 1237//1237 1236//1236
f 1210//1210 1237//1237 1209//1209
f 1210//1210 1238//1238 1237//1237
f 1210//1210 1239//1239 1238//1238
f 1211//1211 1239//1239 1210//1210
f 1212//1212 1239//1239 1211//1211
f 1212//1212 1240//1240 1239//1239
f 1213//1213 1240//1240 1212//1212
f 1213//1213 1241//1241 1240//1240
f 1213//1213 1242//1242 1241//1241
f 1214//1214 1242//1242 1213//1213
f 1214//1214 1243//1243 1242//1242
f 1215//1215 1243//1243 1214//1214
f 1216//1216 1243//1243 1215//1215
f 1216//1216 1244//1244 1243//1243
f 1217//1217 1244//1244 1216//1216
f 1217//1217 1245//1245 1244//1244
f 1218//1218 1245//1245 1217//1217
f 1218//1218 1246//1246 1245//1245
f 1219//1219 1246//1246 1218//1218
f 1219//1219 1247//1247 1246//1246
f 1220//1220 1247//1247 1219//1219
f 1220//1220 1248//1248 1247//1247
f 1221//1221 1249//1249 1248//1248
f 1221//1221 1250//1250 1249//1249
f 1221//1221 1248//1248 1220//1220
f 1222//1222 1250//1250 1221//1221
f 1223//1223 1251//1251 1250//1250
f 1223//1223 1250//1250 1222//1222
f 1224//1224 1252//1252 1251//1251
f 1224//1224 1251//1251 1223//1223
