o PRT0006
v 13 5.196152210235596 -8
v 13.392169952392578 4.080415725708008 -8
v 13.688772201538086 2.935560941696167 -8
v 13.887690544128418 1.7697579860687256 -8
v 13.987505912780762 0.5913259387016296 -8
v 13.987505912780762 -0.5913259387016296 -8
v 13.887690544128418 -1.7697579860687256 -8
v 13.688772201538086 -2.935560941696167 -8
v 13.392169952392578 -4.080415725708008 -8
v 13 -5.196152210235596 -8
v 11 8.66025447845459 -8
v 2 13.856406211853027 -8
v 3.1623411178588867 13.638167381286621 -8
v 4.302115440368652 13.32260513305664 -8
v 5.411190032958984 12.911972045898438 -8
v 6.481649875640869 12.409198760986328 -8
v 7.505856513977051 11.817873001098633 -8
v 8.476500511169434 11.142213821411133 -8
v 9.386656761169434 10.387043952941895 -8
v 10.229828834533691 9.557751655578613 -8
v -2 13.856406211853027 -8
v -11 8.66025447845459 -8
v -10.229828834533691 9.557751655578613 -8
v -9.386656761169434 10.387043952941895 -8
v -8.476500511169434 11.142213821411133 -8
v -7.505856513977051 11.817873001098633 -8
v -6.481649875640869 12.409198760986328 -8
v -5.411190032958984 12.911972045898438 -8
v -4.302115440368652 13.32260513305664 -8
v -3.1623411178588867 13.638167381286621 -8
v -13 5.196152210235596 -8
v -13 -5.196152210235596 -8
v -13.392169952392578 -4.080415725708008 -8
v -13.688772201538086 -2.935560941696167 -8
v -13.887690544128418 -1.7697579860687256 -8
v -13.987505912780762 -0.5913259387016296 -8
v -13.987505912780762 0.5913259387016296 -8
v -13.887690544128418 1.7697579860687256 -8
v -13.688772201538086 2.935560941696167 -8
v -13.392169952392578 4.080415725708008 -8
v -11 -8.66025447845459 -8
v -2 -13.856406211853027 -8
v -3.1623411178588867 -13.638167381286621 -8
v -4.302115440368652 -13.32260513305664 -8
v -5.411190032958984 -12.911972045898438 -8
v -6.481649875640869 -12.409198760986328 -8
v -7.505856513977051 -11.817873001098633 -8
v -8.476500511169434 -11.142213821411133 -8
v -9.386656761169434 -10.387043952941895 -8
v -10.229828834533691 -9.557751655578613 -8
v 2 -13.856406211853027 -8
v 11 -8.66025447845459 -8
v 10.229828834533691 -9.557751655578613 -8
v 9.386656761169434 -10.387043952941895 -8
v 8.476500511169434 -11.142213821411133 -8
v 7.505856513977051 -11.817873001098633 -8
v 6.481649875640869 -12.409198760986328 -8
v 5.411190032958984 -12.911972045898438 -8
v 4.302115440368652 -13.32260513305664 -8
v 3.1623411178588867 -13.638167381286621 -8
v 7.997838497161865 0.18595778942108154 -8
v 7.977485656738281 1.0278953313827515 -8
v 7.867271900177002 1.8718266487121582 -8
v 7.67155647277832 2.6910452842712402 -8
v 7.358474254608154 3.565992593765259 -8
v 7.164037704467773 3.9906115531921387 -8
v 6.946434020996094 4.402585983276367 -8
v 6.48492431640625 5.127285480499268 -8
v 5.9315185546875 5.821846008300781 -8
v 5.299247741699219 6.460905075073242 -8
v 4.605870723724365 7.024502277374268 -8
v 3.851836681365967 7.514423847198486 -8
v 3.0683751106262207 7.912223815917969 -8
v 2.2409510612487793 8.2303466796875 -8
v 1.406353235244751 8.455867767333984 -8
v 0.548015832901001 8.596118927001953 -8
v -0.4082002341747284 8.64920711517334 -8
v -1.2769659757614136 8.606610298156738 -8
v -2.2008073329925537 8.463313102722168 -8
v -3.1108431816101074 8.220817565917969 -8
v -3.9731016159057617 7.888849258422852 -8
v -4.805643081665039 7.463119983673096 -8
v -5.590509414672852 6.950977802276611 -8
v -6.272536754608154 6.398843288421631 -8
v -6.8838887214660645 5.7975921630859375 -8
v 1.1769614219665527 -7.912949085235596 -8
v 2.0482678413391113 -7.733343124389648 -8
v 2.894245147705078 -7.45810604095459 -8
v 3.7044317722320557 -7.090640544891357 -8
v 4.468809127807617 -6.635491371154785 -8
v 5.177924156188965 -6.0982866287231445 -8
v 5.8230085372924805 -5.48567008972168 -8
v 6.396084308624268 -4.805216312408447 -8
v 6.890065670013428 -4.065340995788574 -8
v 7.2988433837890625 -3.2751927375793457 -8
v 7.6173624992370605 -2.4445431232452393 -8
v 7.841683864593506 -1.583664059638977 -8
v 7.969034194946289 -0.7032010555267334 -8
v -7.389569282531738 5.066129684448242 -8
v -7.815861225128174 4.295271396636963 -8
v -8.199055671691895 3.3901801109313965 -8
v -8.457029342651367 2.544296979904175 -8
v -8.64067268371582 1.591758131980896 -8
v -8.69266414642334 1.1087535619735718 -8
v -8.717702865600586 0.6243094205856323 -8
v -8.71584415435791 0.13830655813217163 -8
v -8.687163352966309 -0.34537190198898315 -8
v -8.549822807312012 -1.3003512620925903 -8
v -8.308356285095215 -2.229027271270752 -8
v -7.966882228851318 -3.1205286979675293 -8
v -7.5304484367370605 -3.964311122894287 -8
v -7.014815330505371 -4.737000465393066 -8
v -6.41771936416626 -5.450123310089111 -8
v -5.76711368560791 -6.073180198669434 -8
v -5.048272609710693 -6.626497268676758 -8
v -4.2787370681762695 -7.0951409339904785 -8
v -3.452157497406006 -7.4819440841674805 -8
v -2.571052312850952 -7.7791314125061035 -8
v -1.7347519397735596 -7.962972640991211 -8
v -0.8906673192977905 -8.057504653930664 -8
v 0.03870603069663048 -8.058930397033691 -8
v 0.6120753884315491 -8.006224632263184 -8
v 2 13.856406211853027 -8
v 2.622593641281128 13.856406211853027 -7.897458076477051
v 3.2512495517730713 13.856406211853027 -7.767063617706299
v 3.884775400161743 13.856406211853027 -7.609307765960693
v 4.522642135620117 13.856406211853027 -7.424455642700195
v 5.198897838592529 13.856406211853027 -7.200674533843994
v 5.88702392578125 13.856406211853027 -6.944874286651611
v 6.92815637588501 13.856406211853027 -6.507905006408691
v 8 13.856406211853027 -6
v 8.354966163635254 13.241586685180664 -6.342771530151367
v 8.703181266784668 12.638461112976074 -6.6545844078063965
v 9.044028282165527 12.048095703125 -6.9350972175598145
v 9.377262115478516 11.470918655395508 -7.184218406677246
v 9.686680793762207 10.934989929199219 -7.391867160797119
v 9.992000579833984 10.406160354614258 -7.573398590087891
v 10.50041389465332 9.52556324005127 -7.8225297927856445
v 11 8.66025447845459 -8
v 3.1623411178588867 13.638167381286621 -8
v 4.302115440368652 13.32260513305664 -8
v 5.411190032958984 12.911972045898438 -8
v 6.481649875640869 12.409198760986328 -8
v 7.505856513977051 11.817873001098633 -8
v 8.476500511169434 11.142213821411133 -8
v 9.386656761169434 10.387043952941895 -8
v 10.229828834533691 9.557751655578613 -8
v 8.19424819946289 12.564007759094238 -7
v 6.783625602722168 13.37843132019043 -7
v -11 8.66025447845459 -8
v -10.688703536987305 9.19943618774414 -7.897458076477051
v -10.374375343322754 9.743867874145508 -7.767063617706299
v -10.057612419128418 10.29251766204834 -7.609307765960693
v -9.738678932189941 10.844925880432129 -7.424455642700195
v -9.400550842285156 11.430581092834473 -7.200674533843994
v -9.056488037109375 12.026515007019043 -6.944874286651611
v -8.535922050476074 12.928162574768066 -6.507905006408691
v -8 13.856406211853027 -6
v -7.290067195892334 13.856406211853027 -6.342771530151367
v -6.593637943267822 13.856406211853027 -6.6545844078063965
v -5.911942481994629 13.856406211853027 -6.9350972175598145
v -5.245475769042969 13.856406211853027 -7.184218406677246
v -4.626638889312744 13.856406211853027 -7.391867160797119
v -4.015998840332031 13.856406211853027 -7.573398590087891
v -2.9991726875305176 13.856406211853027 -7.8225297927856445
v -2 13.856406211853027 -8
v -10.229828834533691 9.557751655578613 -8
v -9.386656761169434 10.387043952941895 -8
v -8.476500511169434 11.142213821411133 -8
v -7.505856513977051 11.817873001098633 -8
v -6.481649875640869 12.409198760986328 -8
v -5.411190032958984 12.911972045898438 -8
v -4.302115440368652 13.32260513305664 -8
v -3.1623411178588867 13.638167381286621 -8
v -6.783625602722168 13.37843132019043 -7
v -8.19424819946289 12.564007759094238 -7
v 13 5.196152210235596 -8
v 13.392169952392578 4.080415725708008 -8
v 13.688772201538086 2.935560941696167 -8
v 13.887690544128418 1.7697579860687256 -8
v 13.987505912780762 0.5913259387016296 -8
v 13.987505912780762 -0.5913259387016296 -8
v 13.887690544128418 -1.7697579860687256 -8
v 13.688772201538086 -2.935560941696167 -8
v 13.392169952392578 -4.080415725708008 -8
v 13 -5.196152210235596 -8
v 13.311296463012695 4.656970500946045 -7.897458076477051
v 13.625624656677246 4.112538814544678 -7.767063617706299
v 13.942387580871582 3.5638890266418457 -7.609307765960693
v 14.261321067810059 3.0114800930023193 -7.424455642700195
v 14.599449157714844 2.425825357437134 -7.200674533843994
v 14.943511962890625 1.8298910856246948 -6.944874286651611
v 15.464077949523926 0.9282439947128296 -6.507905006408691
v 16 0 -6
v 15.645033836364746 -0.6148196458816528 -6.342771530151367
v 15.296818733215332 -1.2179452180862427 -6.6545844078063965
v 14.955971717834473 -1.808310866355896 -6.9350972175598145
v 14.622737884521484 -2.3854880332946777 -7.184218406677246
v 14.313319206237793 -2.9214165210723877 -7.391867160797119
v 14.007999420166016 -3.4502463340759277 -7.573398590087891
v 13.49958610534668 -4.330843448638916 -7.8225297927856445
v 14.977873802185059 -0.8144233226776123 -7
v 14.977873802185059 0.8144233226776123 -7
v 11 -8.66025447845459 -8
v 10.688703536987305 -9.19943618774414 -7.897458076477051
v 10.374375343322754 -9.743867874145508 -7.767063617706299
v 10.057612419128418 -10.29251766204834 -7.609307765960693
v 9.738678932189941 -10.844925880432129 -7.424455642700195
v 9.400550842285156 -11.430581092834473 -7.200674533843994
v 9.056488037109375 -12.026515007019043 -6.944874286651611
v 8.535922050476074 -12.928162574768066 -6.507905006408691
v 8 -13.856406211853027 -6
v 7.290067195892334 -13.856406211853027 -6.342771530151367
v 6.593637943267822 -13.856406211853027 -6.6545844078063965
v 5.911942481994629 -13.856406211853027 -6.9350972175598145
v 5.245475769042969 -13.856406211853027 -7.184218406677246
v 4.626638889312744 -13.856406211853027 -7.391867160797119
v 4.015998840332031 -13.856406211853027 -7.573398590087891
v 2.9991726875305176 -13.856406211853027 -7.8225297927856445
v 2 -13.856406211853027 -8
v 10.229828834533691 -9.557751655578613 -8
v 9.386656761169434 -10.387043952941895 -8
v 8.476500511169434 -11.142213821411133 -8
v 7.505856513977051 -11.817873001098633 -8
v 6.481649875640869 -12.409198760986328 -8
v 5.411190032958984 -12.911972045898438 -8
v 4.302115440368652 -13.32260513305664 -8
v 3.1623411178588867 -13.638167381286621 -8
v 6.783625602722168 -13.37843132019043 -7
v 8.19424819946289 -12.564007759094238 -7
v -2 -13.856406211853027 -8
v -2.622593641281128 -13.856406211853027 -7.897458076477051
v -3.2512495517730713 -13.856406211853027 -7.767063617706299
v -3.884775400161743 -13.856406211853027 -7.609307765960693
v -4.522642135620117 -13.856406211853027 -7.424455642700195
v -5.198897838592529 -13.856406211853027 -7.200674533843994
v -5.88702392578125 -13.856406211853027 -6.944874286651611
v -6.92815637588501 -13.856406211853027 -6.507905006408691
v -8 -13.856406211853027 -6
v -8.354966163635254 -13.241586685180664 -6.342771530151367
v -8.703181266784668 -12.638461112976074 -6.6545844078063965
v -9.044028282165527 -12.048095703125 -6.9350972175598145
v -9.377262115478516 -11.470918655395508 -7.184218406677246
v -9.686680793762207 -10.934989929199219 -7.391867160797119
v -9.992000579833984 -10.406160354614258 -7.573398590087891
v -10.50041389465332 -9.52556324005127 -7.8225297927856445
v -11 -8.66025447845459 -8
v -3.1623411178588867 -13.638167381286621 -8
v -4.302115440368652 -13.32260513305664 -8
v -5.411190032958984 -12.911972045898438 -8
v -6.481649875640869 -12.409198760986328 -8
v -7.505856513977051 -11.817873001098633 -8
v -8.476500511169434 -11.142213821411133 -8
v -9.386656761169434 -10.387043952941895 -8
v -10.229828834533691 -9.557751655578613 -8
v -8.19424819946289 -12.564007759094238 -7
v -6.783625602722168 -13.37843132019043 -7
v -13 -5.196152210235596 -8
v -13.311296463012695 -4.656970500946045 -7.897458076477051
v -13.625624656677246 -4.112538814544678 -7.767063617706299
v -13.942387580871582 -3.5638890266418457 -7.609307765960693
v -14.261321067810059 -3.0114800930023193 -7.424455642700195
v -14.599449157714844 -2.425825357437134 -7.200674533843994
v -14.943511962890625 -1.8298910856246948 -6.944874286651611
v -15.464077949523926 -0.9282439947128296 -6.507905006408691
v -16 0 -6
v -15.645033836364746 0.6148196458816528 -6.342771530151367
v -15.296818733215332 1.2179452180862427 -6.6545844078063965
v -14.955971717834473 1.808310866355896 -6.9350972175598145
v -14.622737884521484 2.3854880332946777 -7.184218406677246
v -14.313319206237793 2.9214165210723877 -7.391867160797119
v -14.007999420166016 3.4502463340759277 -7.573398590087891
v -13.49958610534668 4.330843448638916 -7.8225297927856445
v -13 5.196152210235596 -8
v -13.392169952392578 -4.080415725708008 -8
v -13.688772201538086 -2.935560941696167 -8
v -13.887690544128418 -1.7697579860687256 -8
v -13.987505912780762 -0.5913259387016296 -8
v -13.987505912780762 0.5913259387016296 -8
v -13.887690544128418 1.7697579860687256 -8
v -13.688772201538086 2.935560941696167 -8
v -13.392169952392578 4.080415725708008 -8
v -14.977873802185059 0.8144233226776123 -7
v -14.977873802185059 -0.8144233226776123 -7
v 8 13.856406211853027 -6
v 8 13.856406211853027 8
v 16 0 8
v 16 0 -6
v 13 5.196152210235596 -8
v 13.311296463012695 4.656970500946045 -7.897458076477051
v 13.625624656677246 4.112538814544678 -7.767063617706299
v 13.942387580871582 3.5638890266418457 -7.609307765960693
v 14.261321067810059 3.0114800930023193 -7.424455642700195
v 14.599449157714844 2.425825357437134 -7.200674533843994
v 14.943511962890625 1.8298910856246948 -6.944874286651611
v 15.464077949523926 0.9282439947128296 -6.507905006408691
v 11 8.66025447845459 -8
v 8.354966163635254 13.241586685180664 -6.342771530151367
v 8.703181266784668 12.638461112976074 -6.6545844078063965
v 9.044028282165527 12.048095703125 -6.9350972175598145
v 9.377262115478516 11.470918655395508 -7.184218406677246
v 9.686680793762207 10.934989929199219 -7.391867160797119
v 9.992000579833984 10.406160354614258 -7.573398590087891
v 10.50041389465332 9.52556324005127 -7.8225297927856445
v 16 0 -6
v 16 0 8
v 8 -13.856406211853027 8
v 8 -13.856406211853027 -6
v 11 -8.66025447845459 -8
v 10.688703536987305 -9.19943618774414 -7.897458076477051
v 10.374375343322754 -9.743867874145508 -7.767063617706299
v 10.057612419128418 -10.29251766204834 -7.609307765960693
v 9.738678932189941 -10.844925880432129 -7.424455642700195
v 9.400550842285156 -11.430581092834473 -7.200674533843994
v 9.056488037109375 -12.026515007019043 -6.944874286651611
v 8.535922050476074 -12.928162574768066 -6.507905006408691
v 13 -5.196152210235596 -8
v 15.645033836364746 -0.6148196458816528 -6.342771530151367
v 15.296818733215332 -1.2179452180862427 -6.6545844078063965
v 14.955971717834473 -1.808310866355896 -6.9350972175598145
v 14.622737884521484 -2.3854880332946777 -7.184218406677246
v 14.313319206237793 -2.9214165210723877 -7.391867160797119
v 14.007999420166016 -3.4502463340759277 -7.573398590087891
v 13.49958610534668 -4.330843448638916 -7.8225297927856445
v 8 -13.856406211853027 -6
v 8 -13.856406211853027 8
v -8 -13.856406211853027 8
v -8 -13.856406211853027 -6
v -2 -13.856406211853027 -8
v -2.622593641281128 -13.856406211853027 -7.897458076477051
v -3.2512495517730713 -13.856406211853027 -7.767063617706299
v -3.884775400161743 -13.856406211853027 -7.609307765960693
v -4.522642135620117 -13.856406211853027 -7.424455642700195
v -5.198897838592529 -13.856406211853027 -7.200674533843994
v -5.88702392578125 -13.856406211853027 -6.944874286651611
v -6.92815637588501 -13.856406211853027 -6.507905006408691
v 2 -13.856406211853027 -8
v 7.290067195892334 -13.856406211853027 -6.342771530151367
v 6.593637943267822 -13.856406211853027 -6.6545844078063965
v 5.911942481994629 -13.856406211853027 -6.9350972175598145
v 5.245475769042969 -13.856406211853027 -7.184218406677246
v 4.626638889312744 -13.856406211853027 -7.391867160797119
v 4.015998840332031 -13.856406211853027 -7.573398590087891
v 2.9991726875305176 -13.856406211853027 -7.8225297927856445
v -8 -13.856406211853027 -6
v -8 -13.856406211853027 8
v -16 0 8
v -16 0 -6
v -13 -5.196152210235596 -8
v -13.311296463012695 -4.656970500946045 -7.897458076477051
v -13.625624656677246 -4.112538814544678 -7.767063617706299
v -13.942387580871582 -3.5638890266418457 -7.609307765960693
v -14.261321067810059 -3.0114800930023193 -7.424455642700195
v -14.599449157714844 -2.425825357437134 -7.200674533843994
v -14.943511962890625 -1.8298910856246948 -6.944874286651611
v -15.464077949523926 -0.9282439947128296 -6.507905006408691
v -11 -8.66025447845459 -8
v -8.354966163635254 -13.241586685180664 -6.342771530151367
v -8.703181266784668 -12.638461112976074 -6.6545844078063965
v -9.044028282165527 -12.048095703125 -6.9350972175598145
v -9.377262115478516 -11.470918655395508 -7.184218406677246
v -9.686680793762207 -10.934989929199219 -7.391867160797119
v -9.992000579833984 -10.406160354614258 -7.573398590087891
v -10.50041389465332 -9.52556324005127 -7.8225297927856445
v -16 0 -6
v -16 0 8
v -8 13.856406211853027 8
v -8 13.856406211853027 -6
v -11 8.66025447845459 -8
v -10.688703536987305 9.19943618774414 -7.897458076477051
v -10.374375343322754 9.743867874145508 -7.767063617706299
v -10.057612419128418 10.29251766204834 -7.609307765960693
v -9.738678932189941 10.844925880432129 -7.424455642700195
v -9.400550842285156 11.430581092834473 -7.200674533843994
v -9.056488037109375 12.026515007019043 -6.944874286651611
v -8.535922050476074 12.928162574768066 -6.507905006408691
v -13 5.196152210235596 -8
v -15.645033836364746 0.6148196458816528 -6.342771530151367
v -15.296818733215332 1.2179452180862427 -6.6545844078063965
v -14.955971717834473 1.808310866355896 -6.9350972175598145
v -14.622737884521484 2.3854880332946777 -7.184218406677246
v -14.313319206237793 2.9214165210723877 -7.391867160797119
v -14.007999420166016 3.4502463340759277 -7.573398590087891
v -13.49958610534668 4.330843448638916 -7.8225297927856445
v -8 13.856406211853027 -6
v -8 13.856406211853027 8
v 8 13.856406211853027 8
v 8 13.856406211853027 -6
v 2 13.856406211853027 -8
v 2.622593641281128 13.856406211853027 -7.897458076477051
v 3.2512495517730713 13.856406211853027 -7.767063617706299
v 3.884775400161743 13.856406211853027 -7.609307765960693
v 4.522642135620117 13.856406211853027 -7.424455642700195
v 5.198897838592529 13.856406211853027 -7.200674533843994
v 5.88702392578125 13.856406211853027 -6.944874286651611
v 6.92815637588501 13.856406211853027 -6.507905006408691
v -2 13.856406211853027 -8
v -7.290067195892334 13.856406211853027 -6.342771530151367
v -6.593637943267822 13.856406211853027 -6.6545844078063965
v -5.911942481994629 13.856406211853027 -6.9350972175598145
v -5.245475769042969 13.856406211853027 -7.184218406677246
v -4.626638889312744 13.856406211853027 -7.391867160797119
v -4.015998840332031 13.856406211853027 -7.573398590087891
v -2.9991726875305176 13.856406211853027 -7.8225297927856445
v 8 -13.856406211853027 8
v 16 0 8
v 8 13.856406211853027 8
v -8 13.856406211853027 8
v -16 0 8
v -8 -13.856406211853027 8
v -3.8378751277923584 -7.019309997558594 8
v -4.593507289886475 -6.549785614013672 8
v -5.292335510253906 -5.999265670776367 8
v -5.925717830657959 -5.3745574951171875 8
v -6.485821723937988 -4.683387279510498 8
v -6.965721130371094 -3.9343013763427734 8
v -7.3594818115234375 -3.136563301086426 8
v -7.662233829498291 -2.3000380992889404 8
v -7.870233535766602 -1.4350703954696655 8
v -7.980908393859863 -0.5523563623428345 8
v -7.99289083480835 0.3371882438659668 8
v -7.906031608581543 1.2225631475448608 8
v -7.721405506134033 2.0928196907043457 8
v -7.441295623779297 2.9371960163116455 8
v -7.1312575340271 3.7205986976623535 8
v -6.7361931800842285 4.474458694458008 8
v -6.267799377441406 5.178093910217285 8
v -5.671199321746826 5.890976428985596 8
v -4.996540546417236 6.532186985015869 8
v -4.314746856689453 7.051876544952393 8
v -3.5724873542785645 7.503289222717285 8
v -2.7748031616210938 7.879859447479248 8
v -1.9326304197311401 8.172677993774414 8
v -1.0563799142837524 8.376113891601562 8
v -0.17456142604351044 8.483630180358887 8
v 0.7049094438552856 8.498360633850098 8
v 1.5833638906478882 8.423375129699707 8
v 2.5099973678588867 8.242101669311523 8
v 3.4244766235351562 7.956833362579346 8
v 4.288789749145508 7.577816963195801 8
v 4.711122512817383 7.349318027496338 8
v 5.115562438964844 7.101199626922607 8
v 5.893319606781006 6.531982898712158 8
v 6.601938247680664 5.882963180541992 8
v 7.239245414733887 5.15586519241333 8
v 7.7992658615112305 4.355433940887451 8
v 8.156607627868652 3.724149227142334 8
v 8.462806701660156 3.06282639503479 8
v 8.68432331085205 2.203634262084961 8
v 8.817776679992676 1.3391578197479248 8
v 8.85512924194336 0.850337564945221 8
v 8.865667343139648 0.35983145236968994 8
v 8.816417694091797 -0.5228165984153748 8
v 8.680325508117676 -1.388152003288269 8
v 8.428947448730469 -2.328476667404175 8
v 8.11519718170166 -3.1464977264404297 8
v 7.723955154418945 -3.922273874282837 8
v 7.258162975311279 -4.650900363922119 8
v 6.967034816741943 -5.036004066467285 8
v 6.655979633331299 -5.40364933013916 8
v 6.044360637664795 -6.022469520568848 8
v 5.3150739669799805 -6.617158889770508 8
v 4.522898197174072 -7.126544952392578 8
v 3.6698381900787354 -7.548763275146484 8
v 3.2262532711029053 -7.723545551300049 8
v 2.777132749557495 -7.8717360496521 8
v 1.862789511680603 -8.089014053344727 8
v 0.9280282855033875 -8.201095581054688 8
v 0.07669485360383987 -8.210436820983887 8
v -0.7660759687423706 -8.131940841674805 8
v -1.2279775142669678 -8.05085563659668 8
v -1.6841554641723633 -7.943572998046875 8
v -2.488678455352783 -7.684673309326172 8
v -3.175363779067993 -7.385701656341553 8
v 8.462806701660156 3.06282639503479 8
v 8.68432331085205 2.203634262084961 8
v 8.817776679992676 1.3391578197479248 8
v 8.85512924194336 0.850337564945221 8
v 8.865667343139648 0.35983145236968994 8
v 8.816417694091797 -0.5228165984153748 8
v 8.680325508117676 -1.388152003288269 8
v 8.428947448730469 -2.328476667404175 8
v 8.11519718170166 -3.1464977264404297 8
v 7.723955154418945 -3.922273874282837 8
v 7.258162975311279 -4.650900363922119 8
v 6.967034816741943 -5.036004066467285 8
v 6.655979633331299 -5.40364933013916 8
v 6.044360637664795 -6.022469520568848 8
v 5.3150739669799805 -6.617158889770508 8
v 4.522898197174072 -7.126544952392578 8
v 3.6698381900787354 -7.548763275146484 8
v 3.2262532711029053 -7.723545551300049 8
v 2.777132749557495 -7.8717360496521 8
v 1.862789511680603 -8.089014053344727 8
v 0.9280282855033875 -8.201095581054688 8
v 0.07669485360383987 -8.210436820983887 8
v -0.7660759687423706 -8.131940841674805 8
v -1.2279775142669678 -8.05085563659668 8
v -1.6841554641723633 -7.943572998046875 8
v -2.488678455352783 -7.684673309326172 8
v -3.175363779067993 -7.385701656341553 8
v -3.8378751277923584 -7.019309997558594 8
v 8 0 6.994450092315674
v 7.9461750984191895 0.9259125590324402 7.0221428871154785
v 7.785664081573486 1.8394123315811157 7.0498366355896
v 7.520361423492432 2.7282047271728516 7.077531814575195
v 7.193911552429199 3.49965238571167 7.102540493011475
v 6.978761196136475 3.911081075668335 7.116397857666016
v 6.74008846282959 4.309323310852051 7.130254745483398
v 6.252631664276123 4.9904327392578125 7.1552605628967285
v 5.632040500640869 5.681481838226318 7.182993412017822
v 5.007239818572998 6.2391676902771 7.207996845245361
v 4.3284010887146 6.727874755859375 7.232969760894775
v 3.930021286010742 6.968062877655029 7.246853351593018
v 3.5183722972869873 7.1847429275512695 7.260737419128418
v 2.748605728149414 7.512969017028809 7.285721302032471
v 2.307460308074951 7.659934997558594 7.2995991706848145
v 1.8585386276245117 7.7810750007629395 7.3134765625
v 1.035262107849121 7.932714462280273 7.338469505310059
v 0.1085410788655281 7.999212741851807 7.3662109375
v -0.7281875014305115 7.9667816162109375 7.391210556030273
v -1.6464861631393433 7.828675746917725 7.418937683105469
v -2.455955743789673 7.613687992095947 7.443942546844482
v -2.893397808074951 7.458386421203613 7.457797050476074
v -3.321117639541626 7.277990818023682 7.471651554107666
v -4.063950061798096 6.890885829925537 7.496659755706787
v -4.83419942855835 6.3741278648376465 7.524354457855225
v -5.474227428436279 5.833761215209961 7.5493621826171875
v -5.803433895111084 5.50634241104126 7.563220024108887
v -6.113076210021973 5.160362243652344 7.577077865600586
v -6.619151592254639 4.492954730987549 7.602083683013916
v -6.868807315826416 4.101133346557617 7.615950107574463
v -7.095263481140137 3.695451498031616 7.629817008972168
v -7.298153400421143 3.2765953540802 7.643707275390625
v -7.476382255554199 2.8466665744781494 7.65759801864624
v -7.755904674530029 1.9608744382858276 7.68533182144165
v -7.856805801391602 1.5065356492996216 7.699222564697266
v -7.931159973144531 1.0471181869506836 7.7131123542785645
v -7.997103214263916 0.21361882984638214 7.738074779510498
v -7.9959821701049805 -0.2516431212425232 7.751960754394531
v -7.967867374420166 -0.7160455584526062 7.7658467292785645
v -7.849518775939941 -1.5441679954528809 7.7908220291137695
v -7.746482849121094 -1.9977432489395142 7.804704189300537
v -7.617315292358398 -2.4445738792419434 7.8185858726501465
v -7.3202619552612305 -3.226971387863159 7.84357213973999
v -6.896559715270996 -4.0542216300964355 7.871323585510254
v -6.43513298034668 -4.752771377563477 7.896318435668945
v -6.1482930183410645 -5.1183600425720215 7.910187244415283
v -5.84074592590332 -5.466705322265625 7.924056053161621
v -5.23733377456665 -6.047331809997559 7.949057102203369
v -4.563529968261719 -6.5706305503845215 7.9745283126831055
v 7.9561238288879395 -0.8377377390861511 6.969406604766846
v 7.824163913726807 -1.66831374168396 6.944297790527344
v 7.578198432922363 -2.561978578567505 6.916621208190918
v 7.415688514709473 -3.000345468521118 6.90266752243042
v 7.22867488861084 -3.427229404449463 6.888757228851318
v 6.786429405212402 -4.236384868621826 6.861221790313721
v 6.251128673553467 -4.992342472076416 6.8335676193237305
v 5.69188117980957 -5.621959686279297 6.808427810668945
v 5.0721306800842285 -6.186594009399414 6.783395767211914
v 4.3938469886779785 -6.685032367706299 6.758267879486084
v 3.6650800704956055 -7.111052513122559 6.733063220977783
v 2.8191168308258057 -7.486428737640381 6.705425262451172
v 2.377713203430176 -7.638079643249512 6.691495895385742
v 1.93022882938385 -7.763530254364014 6.677626132965088
v 1.4776949882507324 -7.862502098083496 6.66379976272583
v 1.023166537284851 -7.934513568878174 6.6500630378723145
v 0.10215885192155838 -7.999342918395996 6.622498035430908
v -0.7382821440696716 -7.9661407470703125 6.597391128540039
v -1.566856026649475 -7.8452301025390625 6.572390079498291
v -2.379465103149414 -7.637470245361328 6.547349452972412
v -3.1716349124908447 -7.344217777252197 6.522130012512207
v -3.9200713634490967 -6.973642349243164 6.497190952301025
v -4.698307037353516 -6.474765300750732 6.469590663909912
v -5.415307998657227 -5.888797760009766 6.441943168640137
v -6.05661678314209 -5.226760387420654 6.414422512054443
v -6.621781349182129 -4.489182949066162 6.38668155670166
v -7.055361270904541 -3.771444797515869 6.3616461753845215
v -7.410378456115723 -3.0136170387268066 6.3366594314575195
v -7.685800075531006 -2.2190892696380615 6.311553955078125
v -7.876129627227783 -1.4029122591018677 6.286531925201416
v -7.969048976898193 -0.703728199005127 6.265476703643799
v -8 0 6.244450092315674
v -7.956015110015869 0.8392126560211182 6.219362735748291
v -7.823293209075928 1.6724673509597778 6.194170951843262
v -7.713027000427246 2.1223504543304443 6.18034553527832
v -7.576709747314453 2.5660319328308105 6.166492462158203
v -7.265707969665527 3.3477783203125 6.141373157501221
v -6.832181930541992 4.1623029708862305 6.113819122314453
v -6.306419849395752 4.922295570373535 6.0862298011779785
v -5.754252910614014 5.558150768280029 6.06109094619751
v -5.141302108764648 6.129336833953857 6.036075592041016
v -4.469151973724365 6.634829998016357 6.010968208312988
v -3.7441775798797607 7.0696330070495605 5.9857282638549805
v -2.9861598014831543 7.421596050262451 5.96077299118042
v -2.105604410171509 7.717761516571045 5.933035373687744
v -1.2003806829452515 7.90945291519165 5.905404567718506
v -0.7409951686859131 7.965529918670654 5.8915910720825195
v -0.2815149426460266 7.994936466217041 5.8778510093688965
v 0.18460051715373993 7.997973918914795 5.8639421463012695
v 0.6487939953804016 7.97410249710083 5.850071430206299
v 1.4758409261703491 7.863037109375 5.825157165527344
v 2.290431022644043 7.66460657119751 5.800127983093262
v 3.0876097679138184 7.379818439483643 5.77485466003418
v 3.8425650596618652 7.016698837280273 5.7498369216918945
v 4.2418646812438965 6.782553672790527 5.736020088195801
v 4.62550163269043 6.526927947998047 5.722262382507324
v 4.997607707977295 6.246870517730713 5.708364963531494
v 5.35028076171875 5.9479660987854 5.694567680358887
v 5.999370098114014 5.292557716369629 5.667025566101074
v 6.571277141571045 4.562446594238281 5.639336109161377
v 7.013495922088623 3.8483505249023438 5.614259243011475
v 7.3773980140686035 3.0940794944763184 5.589254379272461
v 7.5446906089782715 2.6600863933563232 5.575372695922852
v 7.686627388000488 2.2168967723846436 5.561483860015869
v 7.876314163208008 1.4013252258300781 5.536484718322754
v 7.968998432159424 0.7033421397209167 5.515466213226318
v 8 0 5.494450092315674
v 7.955945014953613 -0.8399389982223511 5.469340801239014
v 7.822732925415039 -1.6750965118408203 5.444090843200684
v 7.71225118637085 -2.125169277191162 5.430258274078369
v 7.575587272644043 -2.5693697929382324 5.416387557983398
v 7.264064311981201 -3.35135817527771 5.391255855560303
v 6.83052396774292 -4.1647868156433105 5.363729476928711
v 6.304441452026367 -4.924787998199463 5.336134433746338
v 5.752862453460693 -5.5598320960998535 5.311026096343994
v 5.14134407043457 -6.12938928604126 5.286075592041016
v 4.468966484069824 -6.63481330871582 5.2609639167785645
v 3.7427194118499756 -7.070323944091797 5.23568058013916
v 2.984098434448242 -7.422521591186523 5.210705757141113
v 2.104505777359009 -7.718118190765381 5.183000564575195
v 1.1994410753250122 -7.90950345993042 5.155376434326172
v 0.2801685333251953 -7.994919300079346 5.127810955047607
v -0.1857934296131134 -7.997950077056885 5.113905906677246
v -0.6490169167518616 -7.974132537841797 5.100063800811768
v -1.4744694232940674 -7.863326549530029 5.075198650360107
v -1.928025722503662 -7.764062404632568 5.061342239379883
v -2.3787457942962646 -7.637661457061768 5.047373294830322
v -3.172650098800659 -7.343785285949707 5.022098064422607
v -3.9216647148132324 -6.9726881980896 4.997134685516357
v -4.319219589233398 -6.733417987823486 4.983284950256348
v -4.701001167297363 -6.472702980041504 4.969488620758057
v -5.070235729217529 -6.1881561279296875 4.955578327178955
v -5.419975280761719 -5.884747505187988 4.941760540008545
v -6.06132173538208 -5.221621513366699 4.914216041564941
v -6.624505519866943 -4.484317302703857 4.886514186859131
v -7.059348106384277 -3.7631888389587402 4.861372470855713
v -7.414330005645752 -3.005100965499878 4.836379051208496
v -7.575886249542236 -2.570815324783325 4.822549819946289
v -7.7118821144104 -2.1280484199523926 4.808726787567139
v -7.822311878204346 -1.6766064167022705 4.794856548309326
v -7.90643835067749 -1.219093918800354 4.780973434448242
v -7.976500034332275 -0.6114891171455383 4.762716770172119
v -8 0 4.744450092315674
v -7.955911636352539 0.8399648070335388 4.719339847564697
v -7.8224639892578125 1.6762973070144653 4.694054126739502
v -7.711822509765625 2.1269381046295166 4.68020486831665
v -7.574812889099121 2.572021484375 4.666306495666504
v -7.2630295753479 3.353706121444702 4.641180038452148
v -6.829359531402588 4.166176795959473 4.613675117492676
v -6.302225112915039 4.927522659301758 4.586029529571533
v -5.751895427703857 5.561222076416016 4.560975551605225
v -5.142940521240234 6.128196716308594 4.536134243011475
v -4.470351696014404 6.633705139160156 4.511017322540283
v -3.742432117462158 7.070379257202148 4.485672950744629
v -2.9833946228027344 7.422873497009277 4.460681438446045
v -2.1049368381500244 7.71802282333374 4.433013439178467
v -1.1996010541915894 7.909479141235352 4.40538215637207
v -0.2802897095680237 7.994926929473877 4.377814769744873
v 0.18522538244724274 7.997931003570557 4.363922595977783
v 0.6477531790733337 7.974139213562012 4.350100994110107
v 1.473146677017212 7.863509178161621 4.325238227844238
v 1.926911473274231 7.764388561248779 4.311377048492432
v 2.3771812915802 7.638314247131348 4.297423839569092
v 3.169562578201294 7.345232009887695 4.272200107574463
v 3.9186933040618896 6.974248886108398 4.247235298156738
v 4.6999592781066895 6.473352909088135 4.219525337219238
v 5.069767951965332 6.18855094909668 4.205596446990967
v 5.420229434967041 5.884654998779297 4.191753387451172
v 5.750683307647705 5.56239128112793 4.177978038787842
v 6.061489105224609 5.221568584442139 4.164211750030518
v 6.624388694763184 4.484174728393555 4.136512279510498
v 7.060098171234131 3.761509418487549 4.1113176345825195
v 7.415156841278076 3.0034079551696777 4.086322784423828
v 7.711726188659668 2.1289401054382324 4.05875301361084
v 7.822046279907227 1.6777769327163696 4.04489278793335
v 7.906164646148682 1.220476746559143 4.031015872955322
v 7.976416110992432 0.612106204032898 4.012735366821289
v 8 0 3.994450330734253
v 7.9461236000061035 -0.9267217516899109 3.96673321723938
v 7.785282611846924 -1.840961217880249 3.939016103744507
v 7.665132522583008 -2.2902865409851074 3.9251346588134766
v 7.519097328186035 -2.7318763732910156 3.911252975463867
v 7.347817897796631 -3.163759708404541 3.897386312484741
v 7.151755332946777 -3.584974527359009 3.8835196495056152
v 6.7379350662231445 -4.312788486480713 3.8585238456726074
v 6.382243633270264 -4.823548316955566 3.8399455547332764
v 5.987950325012207 -5.305134296417236 3.8213672637939453
v 6.736443996429443 -5.968276023864746 3.2440168857574463
v 7.3476033210754395 -5.197265148162842 3.270127534866333
v 7.620715141296387 -4.7878947257995605 3.2831828594207764
v 7.871055603027344 -4.364223957061768 3.2962381839752197
v 8.097928047180176 -3.92722487449646 3.3093008995056152
v 8.300552368164062 -3.478459596633911 3.3223633766174316
v 8.603110313415527 -2.6431469917297363 3.3459389209747314
v 8.821460723876953 -1.7835440635681152 3.3694746494293213
v 8.9636869430542 -0.8073064088821411 3.3956565856933594
v 8.99962043762207 0.07953988015651703 3.4192099571228027
v 8.981717109680176 0.5723788142204285 3.432293176651001
v 8.936894416809082 1.0635038614273071 3.445376396179199
v 8.788612365722656 1.9390971660614014 3.468942880630493
v 8.669268608093262 2.417189359664917 3.482015371322632
v 8.523970603942871 2.8880488872528076 3.4950881004333496
v 8.197778701782227 3.714352607727051 3.518662214279175
v 7.743150234222412 4.587205410003662 3.544780731201172
v 7.25317907333374 5.328350067138672 3.5683577060699463
v 6.627647399902344 6.088775634765625 3.594489574432373
v 5.995105266571045 6.712553977966309 3.6180639266967773
v 5.305150985717773 7.2701191902160645 3.641604423522949
v 4.898751735687256 7.5499043464660645 3.654693603515625
v 4.477658748626709 7.807043075561523 3.66778302192688
v 3.6867740154266357 8.210193634033203 3.691340208053589
v 2.766718864440918 8.564129829406738 3.7175018787384033
v 1.9091463088989258 8.795170783996582 3.741070508956909
v 1.425020694732666 8.8864164352417 3.7541401386260986
v 0.9366262555122375 8.951066970825195 3.767210006713867
v 0.049566078931093216 8.999863624572754 3.790785074234009
v -0.44243425130844116 8.989083290100098 3.8038408756256104
v -0.9331170320510864 8.951431274414062 3.816896438598633
v -1.811173439025879 8.815868377685547 3.840473175048828
v -2.2908263206481934 8.703551292419434 3.8535423278808594
v -2.7636122703552246 8.565126419067383 3.8666114807128906
v -3.594538688659668 8.250992774963379 3.8901844024658203
v -4.389492034912109 7.85695219039917 3.913729429244995
v -4.8133955001831055 7.604607105255127 3.926816940307617
v -5.222865104675293 7.329457759857178 3.9399044513702393
v -5.9196271896362305 6.779209136962891 3.9634649753570557
v -6.281915664672852 6.444878101348877 3.976543426513672
v -6.625389575958252 6.091240882873535 3.989621639251709
v -7.193591117858887 5.40852689743042 4.013192653656006
v -7.478657245635986 5.006877899169922 4.026258945465088
v -7.741350173950195 4.590244293212891 4.03932523727417
v -8.156264305114746 3.8046486377716064 4.062901496887207
v -8.352046012878418 3.353025436401367 4.075960159301758
v -8.522842407226562 2.8913660049438477 4.089018821716309
v -8.76644515991211 2.036970853805542 4.112595081329346
v -8.93651294708252 1.0666431188583374 4.138739585876465
v -8.981548309326172 0.5750840902328491 4.151834964752197
v -8.999610900878906 0.08180073648691177 4.1649298667907715
v -8.963926315307617 -0.8045345544815063 4.188469886779785
v -8.906341552734375 -1.294569969177246 4.201559066772461
v -8.822039604187012 -1.780721664428711 4.214648723602295
v -8.603715896606445 -2.6411428451538086 4.238205432891846
v -8.446118354797363 -3.108370065689087 4.251286506652832
v -8.263212203979492 -3.5662856101989746 4.264368057250977
v -7.871516704559326 -4.363379955291748 4.287936210632324
v -7.347509384155273 -5.197401523590088 4.3140764236450195
v -6.799345016479492 -5.8965163230896 4.33765172958374
v -6.4668378829956055 -6.259342193603516 4.3507080078125
v -6.114994049072266 -6.603459358215332 4.36376428604126
v -5.434145927429199 -7.174255847930908 4.387341022491455
v -5.033469200134277 -7.460822582244873 4.400409698486328
v -4.617691516876221 -7.725015163421631 4.413478374481201
v -3.8336522579193115 -8.142647743225098 4.437051773071289
v -3.013284206390381 -8.4805326461792 4.460595607757568
v -2.067199468612671 -8.759336471557617 4.486771583557129
v -1.1941184997558594 -8.920411109924316 4.510331153869629
v -0.7038674354553223 -8.972373008728027 4.523410320281982
v -0.2115054577589035 -8.997459411621094 4.536489009857178
v 0.6764155626296997 -8.974540710449219 4.560059547424316
v 1.652840256690979 -8.846861839294434 4.586193561553955
v 2.5170557498931885 -8.640857696533203 4.609769344329834
v 3.4453673362731934 -8.31434154510498 4.635885715484619
v 4.24837064743042 -7.934177398681641 4.659461975097656
v 4.676212310791016 -7.689785003662109 4.6725335121154785
v 5.090021133422852 -7.422308444976807 4.685605525970459
v 5.48930549621582 -7.132072925567627 4.698700904846191
v 5.872101306915283 -6.8204193115234375 4.711796283721924
v 6.514956474304199 -6.209233283996582 4.735334873199463
v 7.1553850173950195 -5.458922863006592 4.761514663696289
v 7.658348083496094 -4.7275004386901855 4.785070896148682
v 8.129446029663086 -3.861499786376953 4.811233997344971
v 8.470495223999023 -3.0414724349975586 4.834802150726318
v 8.624198913574219 -2.573373317718506 4.847872734069824
v 8.752090454101562 -2.0975682735443115 4.86094331741333
v 8.916312217712402 -1.2244906425476074 4.884518146514893
v 8.969880104064941 -0.7352491021156311 4.897575378417969
v 8.996631622314453 -0.24380429089069366 4.910632133483887
v 8.976892471313477 0.6444385647773743 4.934208869934082
v 8.85268497467041 1.6213867664337158 4.960345268249512
v 8.64975357055664 2.486239194869995 4.9839186668396
v 8.362919807434082 3.3257906436920166 5.007462024688721
v 8.168088912963867 3.7790415287017822 5.02055025100708
v 7.948760986328125 4.220958709716797 5.0336384773254395
v 7.494236946105957 4.983577728271484 5.057197570800781
v 7.210064888000488 5.3864521980285645 5.070276737213135
v 6.904292583465576 5.773193359375 5.0833563804626465
v 6.3016438484191895 6.425666332244873 5.106926441192627
v 5.561839580535889 7.075648307800293 5.133061408996582
v 4.837159633636475 7.589590549468994 5.156637191772461
v 4.415009021759033 7.842647552490234 5.169694900512695
v 3.979649543762207 8.072250366210938 5.1827521324157715
v 3.164379835128784 8.4253511428833 5.206328868865967
v 2.69856333732605 8.58588981628418 5.219399929046631
v 2.2246437072753906 8.720661163330078 5.232470989227295
v 1.7431648969650269 8.829514503479004 5.245566368103027
v 1.2564536333084106 8.911848068237305 5.258662223815918
v 0.3731088936328888 8.992219924926758 5.282200336456299
v -0.12027102708816528 8.999131202697754 5.295290470123291
v -0.6132895350456238 8.979045867919922 5.308380603790283
v -1.4948103427886963 8.874969482421875 5.331935882568359
v -1.9786479473114014 8.779739379882812 5.345017910003662
v -2.4565582275390625 8.658199310302734 5.358099937438965
v -3.2979533672332764 8.373968124389648 5.381667613983154
v -3.7512574195861816 8.180899620056152 5.394738674163818
v -4.1933369636535645 7.96334171295166 5.407809734344482
v -4.9580397605896 7.511180877685547 5.431384563446045
v -5.361219882965088 7.22887659072876 5.444442272186279
v -5.7483744621276855 6.92495584487915 5.4574995040893555
v -6.403195381164551 6.3244757652282715 5.481076240539551
v -6.739603042602539 5.964680194854736 5.494143962860107
v -7.055805683135986 5.586996078491211 5.507211685180664
v -7.572265148162842 4.864198684692383 5.530785083770752
v -8.014363288879395 4.095031261444092 5.554327964782715
v -8.226696014404297 3.649697780609131 5.567416667938232
v -8.414356231689453 3.193418502807617 5.580504894256592
v -8.688056945800781 2.348889112472534 5.604063987731934
v -8.803608894348145 1.8695921897888184 5.617143630981445
v -8.892786979675293 1.3846921920776367 5.630223274230957
v -8.986016273498535 0.5014076232910156 5.653792858123779
v -8.986944198608398 -0.48340973258018494 5.679929256439209
v -8.895560264587402 -1.367116093635559 5.70350456237793
v -8.807494163513184 -1.8513375520706177 5.716561794281006
v -8.693089485168457 -2.3300278186798096 5.729618549346924
v -8.421050071716309 -3.1758079528808594 5.753194808959961
v -8.234639167785645 -3.631866693496704 5.766265869140625
v -8.023513793945312 -4.077030658721924 5.779336452484131
v -7.787908554077148 -4.510812759399414 5.7924323081970215
v -7.5289130210876465 -4.9310431480407715 5.805527687072754
v -7.006956100463867 -5.648165702819824 5.829064846038818
v -6.346691608428955 -6.381136417388916 5.855246067047119
v -5.687256336212158 -6.975287914276123 5.878800868988037
v -5.2966437339782715 -7.276292324066162 5.89188289642334
v -4.8901567459106445 -7.555492401123047 5.904965400695801
v -4.121720790863037 -8.000702857971191 5.928532600402832
v -3.677671432495117 -8.214241981506348 5.941604137420654
v -3.2226102352142334 -8.403194427490234 5.954676151275635
v -2.3784708976745605 -8.68002700805664 5.978250503540039
v -1.4165821075439453 -8.887751579284668 6.004366874694824
v -0.5333667397499084 -8.984176635742188 6.0279436111450195
v 0.4513552486896515 -8.988614082336426 6.054077625274658
v 1.335320234298706 -8.900368690490723 6.077651500701904
v 2.205085039138794 -8.725645065307617 6.101193428039551
v 2.6799213886260986 -8.591672897338867 6.114282608032227
v 3.1467196941375732 -8.431931495666504 6.127371311187744
v 3.962127923965454 -8.080912590026855 6.1509294509887695
v 4.822082996368408 -7.599115371704102 6.177089691162109
v 5.547649383544922 -7.086852073669434 6.200658798217773
v 5.927061080932617 -6.772668838500977 6.2137274742126465
v 6.2887396812438965 -6.438215255737305 6.2267961502075195
v 6.892909049987793 -5.786864757537842 6.250371932983398
v 7.1988983154296875 -5.401412487030029 6.263428211212158
v 7.4833664894104 -4.999805927276611 6.27648401260376
v 7.939920902252197 -4.237630367279053 6.300060749053955
v 8.355401992797852 -3.3445801734924316 6.326201438903809
v 8.64444637298584 -2.504617929458618 6.34977388381958
v 8.849053382873535 -1.6412228345870972 6.37332010269165
v 8.92565631866455 -1.1539032459259033 6.386406898498535
v 8.975495338439941 -0.6631233096122742 6.39949369430542
v 8.99718189239502 0.224485844373703 6.423055171966553
v 8.971353530883789 0.7167568206787109 6.436132907867432
v 8.918655395507812 1.2068839073181152 6.449210166931152
v 8.756300926208496 2.0801732540130615 6.472781658172607
v 8.476609230041504 3.024226188659668 6.498912811279297
v 8.137188911437988 3.84527587890625 6.522489070892334
v 7.9147419929504395 4.284429550170898 6.535548686981201
v 7.668606758117676 4.710766315460205 6.548608779907227
v 7.166824817657471 5.443933486938477 6.5721845626831055
v 6.858120918273926 5.828032970428467 6.5852580070495605
v 6.528820514678955 6.194634914398193 6.598330974578857
v 6.179378986358643 6.54325532913208 6.611425876617432
v 5.811383247375488 6.872225284576416 6.624520778656006
v 5.1065802574157715 7.410945415496826 6.648062229156494
v 4.264886856079102 7.925280570983887 6.6742401123046875
v 3.463369607925415 8.306904792785645 6.697797775268555
v 3.0032382011413574 8.48406982421875 6.710878372192383
v 2.534106969833374 8.635817527770996 6.723958492279053
v 1.6705865859985352 8.843585968017578 6.747527599334717
v 1.1841894388198853 8.921703338623047 6.760596752166748
v 0.6942444443702698 8.97312068939209 6.773665904998779
v -0.1938169151544571 8.997912406921387 6.797241687774658
v -1.174829125404358 8.92292594909668 6.823352813720703
v -2.0488970279693604 8.76366901397705 6.846929550170898
v -2.5253562927246094 8.638419151306152 6.859999179840088
v -2.994243621826172 8.487252235412598 6.873068809509277
v -3.816361427307129 8.150764465332031 6.896641254425049
v -4.600391387939453 7.73535680770874 6.920186996459961
v -5.017304420471191 7.471644878387451 6.933274269104004
v -5.419173240661621 7.185528755187988 6.946361541748047
v -6.100814342498779 6.616625785827637 6.9699225425720215
v -6.453916549682617 6.272629737854004 6.9830002784729
v -6.787689685821533 5.909843921661377 6.9960784912109375
v -7.337228775024414 5.212005138397217 7.019649505615234
v -7.611318111419678 4.802811145782471 7.032715320587158
v -7.862637519836426 4.379243850708008 7.04578161239624
v -8.256158828735352 3.582712173461914 7.069357872009277
v -8.597922325134277 2.659808397293091 7.095476150512695
v -8.818326950073242 1.7991411685943604 7.119052410125732
v -8.903576850891113 1.3138114213943481 7.132124900817871
v -8.9620943069458 0.8245329260826111 7.145197868347168
v -8.993816375732422 0.3319419324398041 7.158292770385742
v -8.998530387878418 -0.16164322197437286 7.171387672424316
v -8.938883781433105 -1.0467180013656616 7.194928169250488
v -8.770647048950195 -2.018688917160034 7.221107006072998
v -8.52912425994873 -2.872910976409912 7.244664192199707
v -8.16373062133789 -3.7884769439697266 7.2708258628845215
v -7.750613212585449 -4.574698448181152 7.294394493103027
v -7.488644123077393 -4.991922378540039 7.307464122772217
v -7.20426082611084 -5.394209861755371 7.320533752441406
v -6.637385845184326 -6.078248977661133 7.344109058380127
v -5.934200763702393 -6.766394138336182 7.370220184326172
v -5.238167762756348 -7.318570613861084 7.393796920776367
v -4.40708589553833 -7.847071647644043 7.41993522644043
v -3.612046957015991 -8.243343353271484 7.443508625030518
v -2.782816171646118 -8.558929443359375 7.467053413391113
v -2.3096508979797363 -8.698525428771973 7.480140686035156
v -1.829559326171875 -8.812036514282227 7.493228435516357
v -0.9524221420288086 -8.949443817138672 7.516788959503174
v 0.03188345208764076 -8.99988842010498 7.542945384979248
v 0.9188721776008606 -8.95296573638916 7.566516399383545
v 1.8914473056793213 -8.798935890197754 7.592649459838867
v 2.7497808933258057 -8.5696382522583 7.616225242614746
v 3.2141788005828857 -8.406455993652344 7.629284381866455
v 3.6689655780792236 -8.218122482299805 7.642343044281006
v 4.461390495300293 -7.816380977630615 7.665919303894043
v 5.2889204025268555 -7.281916618347168 7.692063331604004
v 6.05442476272583 -6.6591010093688965 7.718254089355469
v 6.680534362792969 -6.030730247497559 7.741793632507324
v 7.000977516174316 -5.655540943145752 7.754883289337158
v 7.300419330596924 -5.2633867263793945 7.767972946166992
v 7.783426761627197 -4.518610000610352 7.791529178619385
v 8.019184112548828 -4.085531234741211 7.804610729217529
v 8.230914115905762 -3.640209197998047 7.817691802978516
v 8.549664497375488 -2.8112435340881348 7.8412604331970215
v 8.805617332458496 -1.8601043224334717 7.867400646209717
v 8.9461669921875 -0.98289954662323 7.890975475311279
v 8.999934196472168 -0.00044811799307353795 7.917088031768799
v 8.956183433532715 0.88693767786026 7.940664768218994
v 8.8942289352417 1.3756349086761475 7.953733444213867
v 8.805598258972168 1.8602105379104614 7.96680212020874
v 8.655097961425781 2.4674763679504395 7.983401298522949
v -7.5244035720825195 3.9545257091522217 4.339358806610107
v -2.7495906352996826 8.042016983032227 5.6577911376953125
v 8.14908218383789 2.409346580505371 6.773329257965088
v -8 0 -6.910250186920166
v -7.986513614654541 0.46376296877861023 -6.924097537994385
v -7.946172714233398 0.9259685277938843 -6.9379448890686035
v -7.78564453125 1.8394944667816162 -6.965639114379883
v -7.520270824432373 2.7284882068634033 -6.993340492248535
v -7.193824768066406 3.499840259552002 -7.018346786499023
v -6.740220546722412 4.309113502502441 -7.046047687530518
v -6.252755641937256 4.990291118621826 -7.0710554122924805
v -5.952746391296387 5.344573020935059 -7.084910869598389
v -5.6326823234558105 5.680849075317383 -7.098766803741455
v -5.007901668548584 6.2386579513549805 -7.123772144317627
v -4.25131893157959 6.776825904846191 -7.15149450302124
v -3.519489288330078 7.184221267700195 -7.1765007972717285
v -2.663139581680298 7.5436625480651855 -7.204231262207031
v -1.859932780265808 7.780771732330322 -7.229234218597412
v -1.0375690460205078 7.932389736175537 -7.254199981689453
v -0.574681282043457 7.979279041290283 -7.268085956573486
v -0.10985317826271057 7.999227046966553 -7.2819719314575195
v 0.7259960770606995 7.966951847076416 -7.306945323944092
v 1.1878538131713867 7.911263465881348 -7.320829391479492
v 1.6457139253616333 7.82887077331543 -7.334713935852051
v 2.4543848037719727 7.614163398742676 -7.359694004058838
v 3.3212907314300537 7.277948379516602 -7.387456893920898
v 4.0634074211120605 6.89117431640625 -7.412441730499268
v 4.456896781921387 6.643426895141602 -7.426319599151611
v 4.835350513458252 6.373285293579102 -7.440196990966797
v 5.4748215675354 5.833183765411377 -7.465187072753906
v 6.114336013793945 5.1589035987854 -7.4929351806640625
v 6.619994640350342 4.491703987121582 -7.5179290771484375
v 7.096120357513428 3.693819761276245 -7.5456719398498535
v 7.443380355834961 2.9318835735321045 -7.570671081542969
v 7.600988388061523 2.4948348999023438 -7.584537506103516
v 7.732999801635742 2.0493791103363037 -7.5984039306640625
v 7.904898166656494 1.2298240661621094 -7.623404502868652
v 7.9940972328186035 0.305673748254776 -7.651126384735107
v 7.982306957244873 -0.5317538976669312 -7.676130294799805
v 7.866962432861328 -1.4526410102844238 -7.703841209411621
v 7.672043323516846 -2.2670986652374268 -7.728844165802002
v 7.5276198387146 -2.7081875801086426 -7.742696285247803
v 7.357870101928711 -3.140183925628662 -7.75654935836792
v 6.989246845245361 -3.892354726791382 -7.781557559967041
v 6.491648197174072 -4.675212860107422 -7.8092546463012695
v 5.967294216156006 -5.32835578918457 -7.834260940551758
v 5.3100361824035645 -5.983527660369873 -7.8619704246521
v 4.655354022979736 -6.505967140197754 -7.886976718902588
v 4.270014762878418 -6.765105724334717 -7.90083646774292
v 3.8702807426452637 -7.001430988311768 -7.914695739746094
v 3.1170904636383057 -7.367741107940674 -7.939700603485107
v 2.6841938495635986 -7.536237716674805 -7.9535651206970215
v 2.2422447204589844 -7.679290771484375 -7.9674296379089355
v 1.7135769128799438 -7.8142828941345215 -7.983715057373047
v 1.1769614219665527 -7.912949085235596 -8
v 2.0482678413391113 -7.733343124389648 -8
v 2.894245147705078 -7.45810604095459 -8
v 3.7044317722320557 -7.090640544891357 -8
v 4.468809127807617 -6.635491371154785 -8
v 5.177924156188965 -6.0982866287231445 -8
v 5.8230085372924805 -5.48567008972168 -8
v 6.396084308624268 -4.805216312408447 -8
v 6.890065670013428 -4.065340995788574 -8
v 7.2988433837890625 -3.2751927375793457 -8
v 7.6173624992370605 -2.4445431232452393 -8
v 7.841683864593506 -1.583664059638977 -8
v 7.969034194946289 -0.7032010555267334 -8
v 7.997838497161865 0.18595778942108154 -8
v -8 0 -7.255549907684326
v -7.986495018005371 0.46357864141464233 -7.2693915367126465
v -7.94602632522583 0.9266300201416016 -7.283265113830566
v -7.805453300476074 1.7535468339920044 -7.308306694030762
v -7.579252243041992 2.5609729290008545 -7.333337783813477
v -7.269963264465332 3.3389832973480225 -7.358335018157959
v -6.834716320037842 4.156408786773682 -7.385989665985107
v -6.579678535461426 4.549615383148193 -7.399977684020996
v -6.303459167480469 4.926046371459961 -7.413912296295166
v -5.758052825927734 5.554771900177002 -7.438760757446289
v -5.080102443695068 6.180068016052246 -7.466297149658203
v -4.711763858795166 6.464667320251465 -7.480189323425293
v -4.326786518096924 6.728205680847168 -7.494113922119141
v -3.595184803009033 7.1466169357299805 -7.519278049468994
v -2.747302770614624 7.513859272003174 -7.546867847442627
v -2.30796217918396 7.6600871086120605 -7.560686111450195
v -1.8606770038604736 7.780578136444092 -7.57451057434082
v -1.404990553855896 7.875387191772461 -7.588402271270752
v -0.9440372586250305 7.943770885467529 -7.602311134338379
v -0.10528167337179184 7.999339580535889 -7.627408027648926
v 0.7313621640205383 7.966874122619629 -7.652403354644775
v 1.5586682558059692 7.846736907958984 -7.677361965179443
v 2.457636833190918 7.61251163482666 -7.705099582672119
v 3.2446017265319824 7.3124308586120605 -7.730246543884277
v 4.062839031219482 6.891667366027832 -7.757722854614258
v 4.831079959869385 6.3765716552734375 -7.785336017608643
v 5.474155426025391 5.834315299987793 -7.8104472160339355
v 6.053065776824951 5.230808258056641 -7.835415840148926
v 6.569409370422363 4.564892768859863 -7.860570430755615
v 7.014423847198486 3.8467657566070557 -7.885795593261719
v 7.376739978790283 3.095008134841919 -7.910714149475098
v 7.686636447906494 2.2165439128875732 -7.938526630401611
v 7.891456604003906 1.3142099380493164 -7.966155052185059
v 7.964778423309326 0.7505491375923157 -7.983120441436768
v -3.8123700618743896 7.0331950187683105 -1.5119661092758179
v -3.0555145740509033 7.393603801727295 -1.5369917154312134
v -2.2637245655059814 7.673114776611328 -1.562061071395874
v -1.8158596754074097 7.790957927703857 -1.5758849382400513
v -1.3614524602890015 7.882778644561768 -1.589722752571106
v -0.8985875844955444 7.948871612548828 -1.603677749633789
v -0.43367964029312134 7.988104820251465 -1.6176018714904785
v 0.4027983248233795 7.990481376647949 -1.6425729990005493
v 1.2302943468093872 7.905172824859619 -1.6674082279205322
v 2.1382393836975098 7.708198070526123 -1.695148229598999
v 2.939134120941162 7.440124034881592 -1.7203643321990967
v 3.698925733566284 7.093807220458984 -1.7452985048294067
v 4.101903438568115 6.8686065673828125 -1.7590770721435547
v 4.48998498916626 6.6212477684021 -1.772810459136963
v 4.867494583129883 6.348830223083496 -1.7867014408111572
v 5.22844934463501 6.055242538452148 -1.8005857467651367
v 5.833303451538086 5.475034713745117 -1.8256099224090576
v 6.374595642089844 4.833366870880127 -1.8506723642349243
v 6.848767280578613 4.134270191192627 -1.8758907318115234
v 7.2447428703308105 3.392967700958252 -1.900987148284912
v 7.428892135620117 2.9674453735351562 -1.91482675075531
v 7.588252067565918 2.5321269035339355 -1.9286620616912842
v 7.812106132507324 1.7239235639572144 -1.9536991119384766
v 7.953431129455566 0.863131046295166 -1.9797444343566895
v 8 0 -2.005549669265747
v -4.6014485359191895 6.544187068939209 -1.484248161315918
v -4.973399639129639 6.266202449798584 -1.4703891277313232
v -5.328574180603027 5.967081069946289 -1.4565300941467285
v -5.666355609893799 5.64730978012085 -1.442647933959961
v -5.984996795654297 5.308465003967285 -1.4287656545639038
v -6.283015251159668 4.952121257781982 -1.4149011373519897
v -6.559854507446289 4.5790815353393555 -1.4010365009307861
v -7.002482891082764 3.868476390838623 -1.376042127609253
v -7.403897285461426 3.0302133560180664 -1.348291277885437
v -7.705350399017334 2.151099920272827 -1.3205419778823853
v -7.887989521026611 1.3340167999267578 -1.2955456972122192
v -7.971927165985107 0.6693545579910278 -1.275547742843628
v -8 0 -1.2555497884750366
v -8 0 -0.9102503061294556
v 8 0 -1.6602503061294556
v 7.946167945861816 0.9260483980178833 -1.6325534582138062
v 7.785606861114502 1.839648723602295 -1.6048566102981567
v 7.665767669677734 2.288102626800537 -1.591002345085144
v 7.520136833190918 2.7288637161254883 -1.5771480798721313
v 7.193668842315674 3.5001609325408936 -1.5521429777145386
v 6.978567123413086 3.91140079498291 -1.5382914543151855
v 6.739990234375 4.309487819671631 -1.524440050125122
v 6.252531051635742 4.99057674407959 -1.4994345903396606
v 5.632754325866699 5.680776596069336 -1.471737027168274
v 5.007976055145264 6.238603591918945 -1.4467312097549438
v 4.251986026763916 6.776412010192871 -1.4190293550491333
v 3.520210027694702 7.183878421783447 -1.3940235376358032
v 3.097634792327881 7.375922679901123 -1.3801699876785278
v 2.664626359939575 7.5431365966796875 -1.366316318511963
v 1.861376166343689 7.780440330505371 -1.3413105010986328
v 0.947711706161499 7.943613529205322 -1.3135982751846313
v 0.11199559271335602 7.999213218688965 -1.2885925769805908
v -0.8153871893882751 7.958285331726074 -1.2608753442764282
v -1.6429734230041504 7.8294677734375 -1.235870122909546
v -2.0945253372192383 7.720923900604248 -1.2220090627670288
v -2.539018154144287 7.586339950561523 -1.2081481218338013
v -3.3182647228240967 7.279355525970459 -1.1831433773040771
v -4.139413356781006 6.845760822296143 -1.1554168462753296
v -4.832451343536377 6.375522136688232 -1.1304128170013428
v -5.538763046264648 5.7724609375 -1.1026818752288818
v -6.111910820007324 5.1618194580078125 -1.0776786804199219
v -6.401270389556885 4.7982869148254395 -1.063811182975769
v -6.669010162353516 4.418543338775635 -1.0499435663223267
v -7.094408988952637 3.6971826553344727 -1.024941325187683
v -7.441547393798828 2.9364445209503174 -0.9999762773513794
v -7.732122421264648 2.0528135299682617 -0.9722026586532593
v -7.90415620803833 1.2343822717666626 -0.9472339153289795
v -7.975969314575195 0.6190451979637146 -0.9287421107292175
v -8 0 -5.755549907684326
v -7.946362018585205 0.9231343865394592 -5.78316068649292
v -7.78715705871582 1.8332518339157104 -5.810746669769287
v -7.553260326385498 2.6371095180511475 -5.8357391357421875
v -7.2369561195373535 3.4098246097564697 -5.860667705535889
v -6.792914867401123 4.224311828613281 -5.888368606567383
v -6.311116695404053 4.916186332702637 -5.913539886474609
v -5.765403747558594 5.5471601486206055 -5.938445568084717
v -5.086860656738281 6.174543380737305 -5.966036796569824
v -4.7179460525512695 6.460254192352295 -5.979960918426514
v -4.331216812133789 6.725521564483643 -5.993956565856934
v -3.599189043045044 7.144608020782471 -6.019143581390381
v -2.754699230194092 7.510499477386475 -6.046628952026367
v -2.313049793243408 7.658030986785889 -6.060525417327881
v -1.8660204410552979 7.779304504394531 -6.074347019195557
v -1.0452723503112793 7.931885242462158 -6.099269390106201
v -0.12290063500404358 7.999081134796143 -6.126882076263428
v 0.7207532525062561 7.967304229736328 -6.152085304260254
v 1.5554988384246826 7.847322463989258 -6.177265644073486
v 2.368191957473755 7.641313076019287 -6.202294826507568
v 3.1575300693511963 7.350541591644287 -6.2274088859558105
v 3.5773444175720215 7.155489444732666 -6.241228103637695
v 3.984370231628418 6.936626434326172 -6.255023956298828
v 4.381531715393066 6.6926469802856445 -6.2689361572265625
v 4.761525630950928 6.428229808807373 -6.282751560211182
v 5.473520755767822 5.83546257019043 -6.310412883758545
v 6.105932235717773 5.169271945953369 -6.3378376960754395
v 6.396541118621826 4.8042497634887695 -6.351759910583496
v 6.6672797203063965 4.420687675476074 -6.365769386291504
v 7.09651517868042 3.693162202835083 -6.390992164611816
v 7.442512512207031 2.933232545852661 -6.415925979614258
v 7.600888729095459 2.49399995803833 -6.429861068725586
v 7.733482837677002 2.0470335483551025 -6.443774700164795
v 7.83950138092041 1.594878077507019 -6.457635879516602
v 7.9185614585876465 1.1396846771240234 -6.471425533294678
v 7.979733467102051 0.5701044797897339 -6.488523483276367
v 8 0 -6.505549907684326
v -8 0 -5.410250186920166
v 8 1.2225442521122867e-14 -6.160250186920166
v 7.95585298538208 0.8400827050209045 -6.135136127471924
v 7.821996688842773 1.6783928871154785 -6.109789848327637
v 7.603163719177246 2.4874985218048096 -6.084767818450928
v 7.299873352050781 3.272840738296509 -6.059632778167725
v 7.0985188484191895 3.6891160011291504 -6.045827388763428
v 6.873907089233398 4.091737747192383 -6.032063961029053
v 6.62407922744751 4.484641075134277 -6.018167018890381
v 6.3541579246521 4.860022068023682 -6.004370212554932
v 5.812961578369141 5.497529983520508 -5.97940731048584
v 5.2137627601623535 6.068367004394531 -5.954699993133545
v 4.852625370025635 6.359974384307861 -5.9408488273620605
v 4.4718170166015625 6.632776737213135 -5.926870346069336
v 3.7440109252929688 7.069580078125 -5.90152645111084
v 2.98492169380188 7.422151565551758 -5.87653112411499
v 2.549058675765991 7.582716464996338 -5.862667560577393
v 2.1057910919189453 7.717634677886963 -5.848840236663818
v 1.6533523797988892 7.827302932739258 -5.834947109222412
v 1.1983225345611572 7.909926414489746 -5.821144104003906
v 0.28007176518440247 7.995203018188477 -5.793609142303467
v -0.6458082795143127 7.973779678344727 -5.765956401824951
v -1.5663188695907593 7.845083713531494 -5.738204002380371
v -2.3787953853607178 7.63837194442749 -5.71317720413208
v -3.1639010906219482 7.3480544090271 -5.688187122344971
v -3.9123668670654297 6.977518558502197 -5.663249492645264
v -4.313104152679443 6.736849308013916 -5.649296760559082
v -4.699127674102783 6.473775386810303 -5.635354518890381
v -5.352441787719727 5.9464311599731445 -5.610289573669434
v -5.939994812011719 5.359704971313477 -5.585500717163086
v -6.519314765930176 4.635768890380859 -5.5578179359436035
v -6.9720540046691895 3.921976089477539 -5.532581806182861
v -7.345522880554199 3.1695480346679688 -5.507498264312744
v -7.516233444213867 2.7403974533081055 -5.493712902069092
v -7.661398887634277 2.3033065795898438 -5.479968070983887
v -7.876155853271484 1.401749849319458 -5.452298641204834
v -7.969025611877441 0.7022548913955688 -5.431234359741211
v -8 0 -4.255549907684326
v -7.94596529006958 0.9272838830947876 -4.283284664154053
v -7.805034160614014 1.7554036378860474 -4.308363437652588
v -7.578583717346191 2.5628554821014404 -4.333397388458252
v -7.268970966339111 3.341157913208008 -4.358406066894531
v -7.063308238983154 3.755530834197998 -4.372215747833252
v -6.833751678466797 4.157958030700684 -4.386044502258301
v -6.578619003295898 4.551060676574707 -4.400031566619873
v -6.302389621734619 4.927358627319336 -4.4139628410339355
v -5.756058692932129 5.556987285614014 -4.438848972320557
v -5.078187942504883 6.181705951690674 -4.466372013092041
v -4.709704875946045 6.466100692749023 -4.480263710021973
v -4.324145317077637 6.729766845703125 -4.494204521179199
v -3.5911524295806885 7.148591995239258 -4.519411563873291
v -3.172475814819336 7.344352722167969 -4.533207893371582
v -2.7445900440216064 7.51479959487915 -4.54695463180542
v -1.8589013814926147 7.781035423278809 -4.574565410614014
v -1.0344114303588867 7.932704925537109 -4.599593162536621
v -0.19780533015727997 7.997528553009033 -4.624646186828613
v 0.6417797207832336 7.9744038581848145 -4.649720668792725
v 1.4734299182891846 7.863243579864502 -4.674771308898926
v 2.2889184951782227 7.665257453918457 -4.699822902679443
v 3.0828299522399902 7.382075309753418 -4.724987983703613
v 3.8339827060699463 7.021100044250488 -4.749876976013184
v 4.619174957275391 6.531128406524658 -4.777511119842529
v 5.346468925476074 5.952078342437744 -4.805264949798584
v 5.933037757873535 5.367438316345215 -4.829989433288574
v 6.233126163482666 5.014716625213623 -4.843809604644775
v 6.515036582946777 4.641740322113037 -4.857760429382324
v 6.970724582672119 3.9248275756835938 -4.88312292098999
v 7.343821048736572 3.1729013919830322 -4.908190727233887
v 7.661317825317383 2.302281141281128 -4.9358601570129395
v 7.8767924308776855 1.399185061454773 -4.963581085205078
v 7.96940279006958 0.6997649669647217 -4.984642028808594
v 8 0 -5.005549907684326
v -8 0 -3.910250425338745
v 8 0 -4.660250186920166
v 7.955844879150391 0.8402478694915771 -4.635131359100342
v 7.821932792663574 1.6787140369415283 -4.609780311584473
v 7.711036205291748 2.1300153732299805 -4.595910549163818
v 7.573498249053955 2.5762691497802734 -4.581974506378174
v 7.261117935180664 3.3579471111297607 -4.5568413734436035
v 6.826469421386719 4.170546054840088 -4.529319763183594
v 6.298064708709717 4.932769298553467 -4.5016303062438965
v 6.001619338989258 5.290135383605957 -4.487772464752197
v 5.687300682067871 5.627009868621826 -4.474020957946777
v 5.353723049163818 5.945077896118164 -4.460264682769775
v 5.002248287200928 6.243252754211426 -4.446510314941406
v 4.316491603851318 6.735500812530518 -4.421313762664795
v 3.5850367546081543 7.151827335357666 -4.396183013916016
v 2.7329132556915283 7.518133163452148 -4.3684844970703125
v 2.288221836090088 7.665237903594971 -4.35450553894043
v 1.8367897272109985 7.786166667938232 -4.340557098388672
v 0.9269570708274841 7.946487903594971 -4.312971591949463
v 0.46637970209121704 7.986661434173584 -4.2991743087768555
v 0.005195633042603731 8.000031471252441 -4.285405158996582
v -0.4595591723918915 7.986598968505859 -4.271528720855713
v -0.9224545955657959 7.9463653564453125 -4.257660865783691
v -1.749508023262024 7.8063273429870605 -4.232616901397705
v -2.554368019104004 7.581463813781738 -4.207668304443359
v -3.331049919128418 7.273623943328857 -4.182725429534912
v -4.150288105010986 6.838702201843262 -4.155028820037842
v -4.5426554679870605 6.584641456604004 -4.141077518463135
v -4.919144630432129 6.308772563934326 -4.127147674560547
v -5.551780700683594 5.760759353637695 -4.1021599769592285
v -6.120804309844971 5.151583671569824 -4.077273845672607
v -6.626765727996826 4.480953216552734 -4.0521955490112305
v -7.062790393829346 3.7569427490234375 -4.026960849761963
v -7.416187763214111 2.999788999557495 -4.002009868621826
v -7.713449001312256 2.1214687824249268 -3.974324941635132
v -7.823746204376221 1.6701494455337524 -3.9604592323303223
v -7.907111644744873 1.2160184383392334 -3.946678400039673
v -7.976912498474121 0.6077372431755066 -3.9284026622772217
v -8 0 -2.755549669265747
v -7.95585298538208 0.8397606611251831 -2.7806546688079834
v -7.821996212005615 1.6783168315887451 -2.8060081005096436
v -7.60309362411499 2.4879276752471924 -2.831045150756836
v -7.299764156341553 3.273131847381592 -2.85617733001709
v -6.872929096221924 4.093509674072266 -2.8837947845458984
v -6.622749328613281 4.486889839172363 -2.8977086544036865
v -6.351746559143066 4.863408088684082 -2.911552667617798
v -5.747420787811279 5.565593242645264 -2.9392130374908447
v -5.41700553894043 5.887571334838867 -2.952981948852539
v -5.06851863861084 6.189640045166016 -2.966745376586914
v -4.699909687042236 6.473469257354736 -2.9806299209594727
v -4.314765930175781 6.73610258102417 -2.9945430755615234
v -3.5831236839294434 7.15263032913208 -3.0196800231933594
v -2.732292890548706 7.519186973571777 -3.047342538833618
v -1.8436201810836792 7.784679412841797 -3.0750343799591064
v -0.9282763600349426 7.945687770843506 -3.102785348892212
v -0.08995506912469864 7.999475002288818 -3.1278653144836426
v 0.7477622032165527 7.965330600738525 -3.1528944969177246
v 1.5752640962600708 7.843503952026367 -3.1778664588928223
v 2.0274159908294678 7.738520622253418 -3.1917202472686768
v 2.4745116233825684 7.607067584991455 -3.2056286334991455
v 3.261388063430786 7.304870128631592 -3.230795383453369
v 4.080500602722168 6.881124973297119 -3.2583372592926025
v 4.846977710723877 6.364418029785156 -3.2859339714050293
v 5.4876532554626465 5.8218159675598145 -3.3109958171844482
v 6.063925743103027 5.21846866607666 -3.3359060287475586
v 6.577854633331299 4.552477836608887 -3.361018657684326
v 7.022586822509766 3.8315794467926025 -3.3863086700439453
v 7.384520053863525 3.0767574310302734 -3.411306381225586
v 7.691300392150879 2.200089454650879 -3.439037561416626
v 7.806427001953125 1.7492755651474 -3.452923536300659
v 7.894557952880859 1.2953187227249146 -3.4667258262634277
v 7.9738054275512695 0.6476686000823975 -3.4862022399902344
v 8 0 -3.505549669265747
v -8 0 -2.410250425338745
v -3.8123700618743896 7.0331950187683105 -2.6666667461395264
v -4.6014485359191895 6.544187068939209 -2.638948678970337
v -4.973399639129639 6.266202449798584 -2.625089645385742
v -5.328574180603027 5.967081069946289 -2.6112306118011475
v -5.666355609893799 5.64730978012085 -2.59734845161438
v -5.984996795654297 5.308465003967285 -2.5834662914276123
v -6.283015251159668 4.952121257781982 -2.569601535797119
v -6.559854507446289 4.5790815353393555 -2.555737018585205
v -7.002482891082764 3.868476390838623 -2.530742645263672
v -7.403897285461426 3.0302133560180664 -2.5029916763305664
v -7.705350399017334 2.151099920272827 -2.4752423763275146
v -7.887989521026611 1.3340167999267578 -2.4502463340759277
v -7.971927165985107 0.6693545579910278 -2.430248260498047
v 8 -1.0423107181230327e-14 -3.160250425338745
v 7.955833435058594 0.8406635522842407 -3.1351191997528076
v 7.821837902069092 1.6793103218078613 -3.10976243019104
v 7.710936546325684 2.130267381668091 -3.0959019660949707
v 7.573379039764404 2.5762407779693604 -3.0819735527038574
v 7.26066780090332 3.35870099067688 -3.0568153858184814
v 6.824835777282715 4.1736249923706055 -3.029216766357422
v 6.297125816345215 4.933958530426025 -3.001584529876709
v 5.685833930969238 5.628100395202637 -2.9739668369293213
v 4.999900817871094 6.245147228240967 -2.9464194774627686
v 4.6276092529296875 6.525752544403076 -2.932508707046509
v 4.239096164703369 6.784732341766357 -2.9185757637023926
v 3.5055439472198486 7.1912641525268555 -2.8935353755950928
v 3.083263635635376 7.381755828857422 -2.8797061443328857
v 2.648646593093872 7.5481038093566895 -2.8658151626586914
v 2.20186448097229 7.690232276916504 -2.8518216609954834
v 1.7482357025146484 7.806295871734619 -2.8378467559814453
v 0.9238929152488708 7.947068691253662 -2.812879800796509
v 0.003450416261330247 8.000335693359375 -2.7853524684906006
v -0.9243093132972717 7.945910930633545 -2.75760555267334
v -1.755720615386963 7.804681301116943 -2.732426643371582
v -2.561473846435547 7.578986167907715 -2.707441568374634
v -3.1989340782165527 7.332663536071777 -2.687042236328125
v 8 0 1.3397496938705444
v 7.946167945861816 0.9260483980178833 1.3674465417861938
v 7.879140853881836 1.3851810693740845 1.3812949657440186
v 7.785606861114502 1.839648723602295 1.3951433897018433
v 7.665767669677734 2.288102626800537 1.408997654914856
v 7.520136833190918 2.7288637161254883 1.4228519201278687
v 7.193668842315674 3.5001609325408936 1.4478570222854614
v 6.739990234375 4.309487819671631 1.475559949874878
v 6.252531051635742 4.99057674407959 1.5005654096603394
v 5.632754325866699 5.680776596069336 1.528262972831726
v 5.007976055145264 6.238603591918945 1.5532687902450562
v 4.637784957885742 6.518472671508789 1.5671197175979614
v 4.251986026763916 6.776412010192871 1.5809706449508667
v 3.520210027694702 7.183878421783447 1.6059764623641968
v 2.664626359939575 7.5431365966796875 1.633683681488037
v 1.861376166343689 7.780440330505371 1.6586894989013672
v 0.947711706161499 7.943613529205322 1.6864017248153687
v 0.11199559271335602 7.999213218688965 1.7114074230194092
v -0.35228708386421204 7.992218494415283 1.7252659797668457
v -0.8153871893882751 7.958285331726074 1.7391246557235718
v -1.6429734230041504 7.8294677734375 1.764129877090454
v -2.539018154144287 7.586339950561523 1.7918518781661987
v -3.3182647228240967 7.279355525970459 1.8168566226959229
v -4.139413356781006 6.845760822296143 1.8445831537246704
v -4.832451343536377 6.375522136688232 1.8695871829986572
v -5.194373607635498 6.084263324737549 1.8834526538848877
v -5.538763046264648 5.7724609375 1.8973181247711182
v -6.111910820007324 5.1618194580078125 1.9223213195800781
v -6.401270389556885 4.7982869148254395 1.936188817024231
v -6.669010162353516 4.418543338775635 1.9500564336776733
v -7.094408988952637 3.6971826553344727 1.975058674812317
v -7.441547393798828 2.9364445209503174 2.000023603439331
v -7.732122421264648 2.0528135299682617 2.027797222137451
v -7.90415620803833 1.2343822717666626 2.0527660846710205
v -7.975969314575195 0.6190451979637146 2.0712578296661377
v -8 0 2.089749574661255
v 8 0 0.9944502115249634
v 7.986512660980225 0.46380364894866943 1.008298635482788
v 7.946167945861816 0.9260483980178833 1.0221470594406128
v 7.785606861114502 1.839648723602295 1.0498439073562622
v 7.520136833190918 2.7288637161254883 1.0775524377822876
v 7.193668842315674 3.5001609325408936 1.1025575399398804
v 6.739990234375 4.309487819671631 1.1302604675292969
v 6.252531051635742 4.99057674407959 1.1552660465240479
v 5.952653408050537 5.344661712646484 1.1691148281097412
v 5.632754325866699 5.680776596069336 1.1829636096954346
v 5.007976055145264 6.238603591918945 1.2079694271087646
v 4.251986026763916 6.776412010192871 1.2356711626052856
v 3.520210027694702 7.183878421783447 1.2606770992279053
v 2.664626359939575 7.5431365966796875 1.288384199142456
v 1.861376166343689 7.780440330505371 1.3133900165557861
v 1.4069160223007202 7.875290870666504 1.3272461891174316
v 0.947711706161499 7.943613529205322 1.3411023616790771
v 0.11199559271335602 7.999213218688965 1.3661079406738281
v -0.8153871893882751 7.958285331726074 1.3938251733779907
v -1.6429734230041504 7.8294677734375 1.418830394744873
v -2.539018154144287 7.586339950561523 1.4465523958206177
v -3.3182647228240967 7.279355525970459 1.4715571403503418
v -3.7351386547088623 7.074495315551758 1.4854204654693604
v -4.139413356781006 6.845760822296143 1.4992836713790894
v -4.832451343536377 6.375522136688232 1.5242877006530762
v -5.538763046264648 5.7724609375 1.552018642425537
v -6.111910820007324 5.1618194580078125 1.577021837234497
v -6.669010162353516 4.418543338775635 1.6047569513320923
v -7.094408988952637 3.6971826553344727 1.6297591924667358
v -7.441547393798828 2.9364445209503174 1.6547242403030396
v -7.599667549133301 2.498847007751465 1.6686110496520996
v -7.732122421264648 2.0528135299682617 1.6824978590011597
v -7.90415620803833 1.2343822717666626 1.7074666023254395
v -7.975969314575195 0.6190451979637146 1.7259584665298462
v -8 0 1.7444502115249634
v 8 0 -0.16025030612945557
v 7.986512660980225 0.46380364894866943 -0.14640186727046967
v 7.946167945861816 0.9260483980178833 -0.13255344331264496
v 7.785606861114502 1.839648723602295 -0.10485657304525375
v 7.520136833190918 2.7288637161254883 -0.07714810967445374
v 7.193668842315674 3.5001609325408936 -0.052142947912216187
v 6.739990234375 4.309487819671631 -0.024440031498670578
v 6.252531051635742 4.99057674407959 0.0005654623964801431
v 5.952653408050537 5.344661712646484 0.014414241537451744
v 5.632754325866699 5.680776596069336 0.028263021260499954
v 5.007976055145264 6.238603591918945 0.05326883867383003
v 4.251986026763916 6.776412010192871 0.08097059279680252
v 3.520210027694702 7.183878421783447 0.10597650706768036
v 2.664626359939575 7.5431365966796875 0.13368363678455353
v 1.861376166343689 7.780440330505371 0.1586894989013672
v 1.4069160223007202 7.875290870666504 0.1725456267595291
v 0.947711706161499 7.943613529205322 0.18640176951885223
v 0.11199559271335602 7.999213218688965 0.21140740811824799
v -0.8153871893882751 7.958285331726074 0.2391246259212494
v -1.6429734230041504 7.8294677734375 0.2641299068927765
v -2.539018154144287 7.586339950561523 0.29185187816619873
v -3.3182647228240967 7.279355525970459 0.31685662269592285
v -3.7351386547088623 7.074495315551758 0.33071988821029663
v -4.139413356781006 6.845760822296143 0.344583123922348
v -4.832451343536377 6.375522136688232 0.3695872128009796
v -5.538763046264648 5.7724609375 0.3973180651664734
v -6.111910820007324 5.1618194580078125 0.4223213195800781
v -6.669010162353516 4.418543338775635 0.45005640387535095
v -7.094408988952637 3.6971826553344727 0.4750586152076721
v -7.441547393798828 2.9364445209503174 0.5000237226486206
v -7.599667549133301 2.498847007751465 0.5139105319976807
v -7.732122421264648 2.0528135299682617 0.5277973413467407
v -7.90415620803833 1.2343822717666626 0.5527660846710205
v -7.975969314575195 0.6190451979637146 0.5712578892707825
v -8 0 0.5897496938705444
v 8 1.2373471693050923e-14 -0.5055497884750366
v 7.946167945861816 0.9260483980178833 -0.4778529107570648
v 7.785606861114502 1.839648723602295 -0.450156033039093
v 7.665767669677734 2.288102626800537 -0.4363017976284027
v 7.520136833190918 2.7288637161254883 -0.4224475622177124
v 7.193668842315674 3.5001609325408936 -0.39744240045547485
v 6.978567123413086 3.91140079498291 -0.3835909366607666
v 6.739990234375 4.309487819671631 -0.36973950266838074
v 6.252531051635742 4.99057674407959 -0.3447340130805969
v 5.632754325866699 5.680776596069336 -0.3170364499092102
v 5.007976055145264 6.238603591918945 -0.2920306324958801
v 4.251986026763916 6.776412010192871 -0.26432886719703674
v 3.520210027694702 7.183878421783447 -0.2393229603767395
v 3.097634792327881 7.375922679901123 -0.22546939551830292
v 2.664626359939575 7.5431365966796875 -0.21161583065986633
v 1.861376166343689 7.780440330505371 -0.18660996854305267
v 0.947711706161499 7.943613529205322 -0.15889769792556763
v 0.11199559271335602 7.999213218688965 -0.13389204442501068
v -0.8153871893882751 7.958285331726074 -0.10617483407258987
v -1.6429734230041504 7.8294677734375 -0.08116955310106277
v -2.0945253372192383 7.720923900604248 -0.06730857491493225
v -2.539018154144287 7.586339950561523 -0.05344759300351143
v -3.3182647228240967 7.279355525970459 -0.02844284474849701
v -4.139413356781006 6.845760822296143 -0.0007163251866586506
v -4.832451343536377 6.375522136688232 0.024287736043334007
v -5.538763046264648 5.7724609375 0.05201860889792442
v -6.111910820007324 5.1618194580078125 0.07702184468507767
v -6.401270389556885 4.7982869148254395 0.09088939428329468
v -6.669010162353516 4.418543338775635 0.10475693643093109
v -7.094408988952637 3.6971826553344727 0.12975916266441345
v -7.441547393798828 2.9364445209503174 0.15472424030303955
v -7.732122421264648 2.0528135299682617 0.18249785900115967
v -7.90415620803833 1.2343822717666626 0.20746660232543945
v -7.975969314575195 0.6190451979637146 0.22595840692520142
v -8 0 0.24445022642612457
v 8 -1.48640001267639e-14 2.494450330734253
v 7.946167945861816 0.9260483980178833 2.5221471786499023
v 7.879140853881836 1.3851810693740845 2.5359954833984375
v 7.785606861114502 1.839648723602295 2.5498440265655518
v 7.665767669677734 2.288102626800537 2.5636982917785645
v 7.520136833190918 2.7288637161254883 2.577552318572998
v 7.193668842315674 3.5001609325408936 2.60255765914917
v 6.739990234375 4.309487819671631 2.630260467529297
v 6.252531051635742 4.99057674407959 2.655266046524048
v 5.632754325866699 5.680776596069336 2.6829636096954346
v 5.007976055145264 6.238603591918945 2.7079694271087646
v 4.637784957885742 6.518472671508789 2.72182035446167
v 4.251986026763916 6.776412010192871 2.735671043395996
v 3.520210027694702 7.183878421783447 2.7606770992279053
v 2.664626359939575 7.5431365966796875 2.788384199142456
v 1.861376166343689 7.780440330505371 2.813390016555786
v 0.947711706161499 7.943613529205322 2.841102361679077
v 0.11199559271335602 7.999213218688965 2.866107940673828
v -0.35228708386421204 7.992218494415283 2.8799664974212646
v -0.8153871893882751 7.958285331726074 2.893825054168701
v -1.6429734230041504 7.8294677734375 2.918830394744873
v -2.539018154144287 7.586339950561523 2.9465525150299072
v -3.3182647228240967 7.279355525970459 2.971557140350342
v -4.139413356781006 6.845760822296143 2.999283790588379
v -4.832451343536377 6.375522136688232 3.024287700653076
v -5.194373607635498 6.084263324737549 3.0381531715393066
v -5.538763046264648 5.7724609375 3.052018642425537
v -6.111910820007324 5.1618194580078125 3.077021837234497
v -6.401270389556885 4.7982869148254395 3.0908894538879395
v -6.669010162353516 4.418543338775635 3.1047568321228027
v -7.094408988952637 3.6971826553344727 3.1297590732574463
v -7.441547393798828 2.9364445209503174 3.15472412109375
v -7.732122421264648 2.0528135299682617 3.18249773979187
v -7.90415620803833 1.2343822717666626 3.2074666023254395
v -7.975969314575195 0.6190451979637146 3.2259583473205566
v -8 0 3.244450330734253
v -8 0 3.589749574661255
v 8 0 2.839749574661255
v 7.946364402770996 0.9231569766998291 2.867361307144165
v 7.8798041343688965 1.3806588649749756 2.881159543991089
v 7.7871785163879395 1.8331528902053833 2.8949437141418457
v 7.5533246994018555 2.6368727684020996 2.919931650161743
v 7.237042427062988 3.409640312194824 2.944861650466919
v 6.793039798736572 4.224165439605713 2.972562789916992
v 6.311376094818115 4.91585636138916 2.997727155685425
v 5.765504360198975 5.547023296356201 3.0226402282714844
v 5.158098220825195 6.115287780761719 3.047471761703491
v 4.793083190917969 6.404807090759277 3.0613746643066406
v 4.409827709197998 6.674257278442383 3.0753557682037354
v 3.6821608543395996 7.102161407470703 3.1005616188049316
v 2.839630603790283 7.478793621063232 3.1281235218048096
v 1.9542700052261353 7.757525444030762 3.155834913253784
v 1.1350752115249634 7.919554233551025 3.1807644367218018
v 0.21455901861190796 7.997220039367676 3.2083466053009033
v -0.6278034448623657 7.9751386642456055 3.233501434326172
v -1.4644761085510254 7.864803791046143 3.2586989402770996
v -2.280172348022461 7.668046474456787 3.283750295639038
v -3.072751760482788 7.38635778427124 3.3088619709014893
v -3.8251097202301025 7.0258989334106445 3.3337745666503906
v -4.611502647399902 6.536488056182861 3.361431121826172
v -5.338298320770264 5.959189414978027 3.3891429901123047
v -5.986021518707275 5.307966709136963 3.416567325592041
v -6.283329963684082 4.951634407043457 3.430414915084839
v -6.561216831207275 4.57668399810791 3.444340705871582
v -7.007796287536621 3.8587863445281982 3.469583749771118
v -7.372727870941162 3.1046929359436035 3.494601011276245
v -7.540824890136719 2.6700334548950195 3.5085103511810303
v -7.683591365814209 2.226534843444824 3.5224151611328125
v -7.874590873718262 1.41177499294281 3.5473997592926025
v -7.9688239097595215 0.7067655324935913 3.5686326026916504
v -8 0 4.744450092315674
v -7.955911636352539 0.8399648070335388 4.719339847564697
v -7.8224639892578125 1.6762973070144653 4.694054126739502
v -7.711822509765625 2.1269381046295166 4.68020486831665
v -7.574812889099121 2.572021484375 4.666306495666504
v -7.2630295753479 3.353706121444702 4.641180038452148
v -6.829359531402588 4.166176795959473 4.613675117492676
v -6.302225112915039 4.927522659301758 4.586029529571533
v -5.751895427703857 5.561222076416016 4.560975551605225
v -5.142940521240234 6.128196716308594 4.536134243011475
v -4.470351696014404 6.633705139160156 4.511017322540283
v -3.742432117462158 7.070379257202148 4.485672950744629
v -2.9833946228027344 7.422873497009277 4.460681438446045
v -2.1049368381500244 7.71802282333374 4.433013439178467
v -1.1996010541915894 7.909479141235352 4.40538215637207
v -0.2802897095680237 7.994926929473877 4.377814769744873
v 0.18522538244724274 7.997931003570557 4.363922595977783
v 0.6477531790733337 7.974139213562012 4.350100994110107
v 1.473146677017212 7.863509178161621 4.325238227844238
v 1.926911473274231 7.764388561248779 4.311377048492432
v 2.3771812915802 7.638314247131348 4.297423839569092
v 3.169562578201294 7.345232009887695 4.272200107574463
v 3.9186933040618896 6.974248886108398 4.247235298156738
v 4.6999592781066895 6.473352909088135 4.219525337219238
v 5.069767951965332 6.18855094909668 4.205596446990967
v 5.420229434967041 5.884654998779297 4.191753387451172
v 5.750683307647705 5.56239128112793 4.177978038787842
v 6.061489105224609 5.221568584442139 4.164211750030518
v 6.624388694763184 4.484174728393555 4.136512279510498
v 7.060098171234131 3.761509418487549 4.1113176345825195
v 7.415156841278076 3.0034079551696777 4.086322784423828
v 7.711726188659668 2.1289401054382324 4.05875301361084
v 7.822046279907227 1.6777769327163696 4.04489278793335
v 7.906164646148682 1.220476746559143 4.031015872955322
v 7.976416110992432 0.612106204032898 4.012735366821289
v 8 0 3.994450330734253
v -8 0 5.089749813079834
v 8 0 4.339749813079834
v 7.946118354797363 0.9267465472221375 4.367467403411865
v 7.785211086273193 1.841292142868042 4.395194053649902
v 7.519506931304932 2.7304766178131104 4.422903060913086
v 7.192971706390381 3.501588821411133 4.447904586791992
v 6.978200435638428 3.911954402923584 4.461729526519775
v 6.740346431732178 4.308732509613037 4.475536823272705
v 6.478184700012207 4.6937432289123535 4.489438056945801
v 6.194480895996094 5.062565326690674 4.50332498550415
v 5.631114482879639 5.682959079742432 4.528343200683594
v 5.006272315979004 6.239937782287598 4.553333282470703
v 4.322046279907227 6.731713771820068 4.578486442565918
v 3.5900304317474365 7.1492600440979 4.603650093078613
v 2.7440338134765625 7.51409912109375 4.631164073944092
v 2.3006105422973633 7.661550998687744 4.645110130310059
v 1.852247953414917 7.782556533813477 4.658969402313232
v 0.9434567093849182 7.944735050201416 4.6865339279174805
v 0.02280593104660511 7.999961853027344 4.71406888961792
v -0.8218651413917542 7.957610130310059 4.739315032958984
v -1.653450608253479 7.827293872833252 4.764449119567871
v -2.4625871181488037 7.611257553100586 4.789452075958252
v -3.2491648197174072 7.310410976409912 4.814594745635986
v -3.6667330265045166 7.110152244567871 4.828418731689453
v -4.070916175842285 6.88645076751709 4.842208385467529
v -4.84053897857666 6.369195938110352 4.869894027709961
v -5.542939186096191 5.768950462341309 4.897482395172119
v -6.1694464683532715 5.092986106872559 4.924999713897705
v -6.669835090637207 4.417641639709473 4.950088977813721
v -7.095675945281982 3.69510817527771 4.975130081176758
v -7.442211151123047 2.933570623397827 5.000111103057861
v -7.709789752960205 2.1340434551239014 5.025282859802246
v -7.890995025634766 1.3172554969787598 5.050262928009033
v -7.972841739654541 0.6599975228309631 5.070033550262451
v -8 0 6.244450092315674
v -7.956015110015869 0.8392126560211182 6.219362735748291
v -7.823293209075928 1.6724673509597778 6.194170951843262
v -7.713027000427246 2.1223504543304443 6.18034553527832
v -7.576709747314453 2.5660319328308105 6.166492462158203
v -7.265707969665527 3.3477783203125 6.141373157501221
v -6.832181930541992 4.1623029708862305 6.113819122314453
v -6.306419849395752 4.922295570373535 6.0862298011779785
v -5.754252910614014 5.558150768280029 6.06109094619751
v -5.141302108764648 6.129336833953857 6.036075592041016
v -4.469151973724365 6.634829998016357 6.010968208312988
v -3.7441775798797607 7.0696330070495605 5.9857282638549805
v -2.9861598014831543 7.421596050262451 5.96077299118042
v -2.105604410171509 7.717761516571045 5.933035373687744
v -1.2003806829452515 7.90945291519165 5.905404567718506
v -0.7409951686859131 7.965529918670654 5.8915910720825195
v -0.2815149426460266 7.994936466217041 5.8778510093688965
v 0.18460051715373993 7.997973918914795 5.8639421463012695
v 0.6487939953804016 7.97410249710083 5.850071430206299
v 1.4758409261703491 7.863037109375 5.825157165527344
v 2.290431022644043 7.66460657119751 5.800127983093262
v 3.0876097679138184 7.379818439483643 5.77485466003418
v 3.8425650596618652 7.016698837280273 5.7498369216918945
v 4.2418646812438965 6.782553672790527 5.736020088195801
v 4.62550163269043 6.526927947998047 5.722262382507324
v 4.997607707977295 6.246870517730713 5.708364963531494
v 5.35028076171875 5.9479660987854 5.694567680358887
v 5.999370098114014 5.292557716369629 5.667025566101074
v 6.571277141571045 4.562446594238281 5.639336109161377
v 7.013495922088623 3.8483505249023438 5.614259243011475
v 7.3773980140686035 3.0940794944763184 5.589254379272461
v 7.5446906089782715 2.6600863933563232 5.575372695922852
v 7.686627388000488 2.2168967723846436 5.561483860015869
v 7.876314163208008 1.4013252258300781 5.536484718322754
v 7.968998432159424 0.7033421397209167 5.515466213226318
v 8 0 5.494450092315674
v -8 0 6.589749813079834
v 8 0 5.839749813079834
v 7.956056118011475 0.8386890888214111 5.864821910858154
v 7.823622703552246 1.6709052324295044 5.889981269836426
v 7.577295780181885 2.5643935203552246 5.917655944824219
v 7.414486408233643 3.0031399726867676 5.9316229820251465
v 7.227242469787598 3.430227756500244 5.945541858673096
v 6.78520393371582 4.238434314727783 5.973050117492676
v 6.25024938583374 4.993439674377441 6.000674724578857
v 5.690463542938232 5.623416423797607 6.025832176208496
v 5.070679187774658 6.1877970695495605 6.050860404968262
v 4.392441272735596 6.685897350311279 6.075981616973877
v 3.663198232650757 7.111994743347168 6.101199626922607
v 2.8166422843933105 7.487452507019043 6.128854274749756
v 2.3755791187286377 7.63883113861084 6.142771244049072
v 1.9283242225646973 7.764028549194336 6.156632423400879
v 1.0216871500015259 7.934553623199463 6.184180736541748
v 0.5608300566673279 7.980279922485352 6.19800329208374
v 0.10003670305013657 7.99933385848999 6.211765289306641
v -0.7394070625305176 7.966191291809082 6.236842632293701
v -1.5659528970718384 7.845473289489746 6.261782169342041
v -2.378972053527832 7.637552738189697 6.286835193634033
v -3.1723766326904297 7.343860149383545 6.312093734741211
v -3.9211294651031494 6.973069667816162 6.337045192718506
v -4.3182783126831055 6.734155178070068 6.350878715515137
v -4.699254512786865 6.474081993103027 6.364644527435303
v -5.067817687988281 6.19011926651001 6.378528594970703
v -5.416646957397461 5.887594699859619 6.392309665679932
v -6.058180332183838 5.225006580352783 6.41984748840332
v -6.622768402099609 4.4875335693359375 6.44757604598999
v -7.05648946762085 3.769143581390381 6.472630500793457
v -7.41146993637085 3.0112502574920654 6.497618198394775
v -7.574219703674316 2.574415445327759 6.511531352996826
v -7.711493015289307 2.1285905838012695 6.525453567504883
v -7.891843795776367 1.3113093376159668 6.550441265106201
v -7.972929000854492 0.6577100157737732 6.570100784301758
v 8 0 6.994450092315674
v 7.9461750984191895 0.9259125590324402 7.0221428871154785
v 7.785664081573486 1.8394123315811157 7.0498366355896
v 7.520361423492432 2.7282047271728516 7.077531814575195
v 7.193911552429199 3.49965238571167 7.102540493011475
v 6.978761196136475 3.911081075668335 7.116397857666016
v 6.74008846282959 4.309323310852051 7.130254745483398
v 6.252631664276123 4.9904327392578125 7.1552605628967285
v 5.632040500640869 5.681481838226318 7.182993412017822
v 5.007239818572998 6.2391676902771 7.207996845245361
v 4.3284010887146 6.727874755859375 7.232969760894775
v 3.930021286010742 6.968062877655029 7.246853351593018
v 3.5183722972869873 7.1847429275512695 7.260737419128418
v 2.748605728149414 7.512969017028809 7.285721302032471
v 2.307460308074951 7.659934997558594 7.2995991706848145
v 1.8585386276245117 7.7810750007629395 7.3134765625
v 1.035262107849121 7.932714462280273 7.338469505310059
v 0.1085410788655281 7.999212741851807 7.3662109375
v -0.7281875014305115 7.9667816162109375 7.391210556030273
v -1.6464861631393433 7.828675746917725 7.418937683105469
v -2.455955743789673 7.613687992095947 7.443942546844482
v -2.893397808074951 7.458386421203613 7.457797050476074
v -3.321117639541626 7.277990818023682 7.471651554107666
v -4.063950061798096 6.890885829925537 7.496659755706787
v -4.83419942855835 6.3741278648376465 7.524354457855225
v -5.474227428436279 5.833761215209961 7.5493621826171875
v -5.803433895111084 5.50634241104126 7.563220024108887
v -6.113076210021973 5.160362243652344 7.577077865600586
v -6.619151592254639 4.492954730987549 7.602083683013916
v -6.868807315826416 4.101133346557617 7.615950107574463
v -7.095263481140137 3.695451498031616 7.629817008972168
v -7.298153400421143 3.2765953540802 7.643707275390625
v -7.476382255554199 2.8466665744781494 7.65759801864624
v -7.755904674530029 1.9608744382858276 7.68533182144165
v -7.856805801391602 1.5065356492996216 7.699222564697266
v -7.931159973144531 1.0471181869506836 7.7131123542785645
v -7.997103214263916 0.21361882984638214 7.738074779510498
v -7.9959821701049805 -0.2516431212425232 7.751960754394531
v -7.967867374420166 -0.7160455584526062 7.7658467292785645
v -7.849518775939941 -1.5441679954528809 7.7908220291137695
v -7.746482849121094 -1.9977432489395142 7.804704189300537
v -7.617315292358398 -2.4445738792419434 7.8185858726501465
v -7.3202619552612305 -3.226971387863159 7.84357213973999
v -6.896559715270996 -4.0542216300964355 7.871323585510254
v -6.43513298034668 -4.752771377563477 7.896318435668945
v -6.1482930183410645 -5.1183600425720215 7.910187244415283
v -5.84074592590332 -5.466705322265625 7.924056053161621
v -5.23733377456665 -6.047331809997559 7.949057102203369
v -4.563529968261719 -6.5706305503845215 7.9745283126831055
v -3.8378751277923584 -7.019309997558594 8
v -4.593507289886475 -6.549785614013672 8
v -5.292335510253906 -5.999265670776367 8
v -5.925717830657959 -5.3745574951171875 8
v -6.485821723937988 -4.683387279510498 8
v -6.965721130371094 -3.9343013763427734 8
v -7.3594818115234375 -3.136563301086426 8
v -7.662233829498291 -2.3000380992889404 8
v -7.870233535766602 -1.4350703954696655 8
v -7.980908393859863 -0.5523563623428345 8
v -7.99289083480835 0.3371882438659668 8
v -7.906031608581543 1.2225631475448608 8
v -7.721405506134033 2.0928196907043457 8
v -7.441295623779297 2.9371960163116455 8
v 8 0 7.339749813079834
v 7.955914497375488 0.8404090404510498 7.364872932434082
v 7.822486877441406 1.6764191389083862 7.390149116516113
v 7.711905002593994 2.1264684200286865 7.403981685638428
v 7.574999809265137 2.5709095001220703 7.417861461639404
v 7.262975215911865 3.3534679412841797 7.443014144897461
v 6.828227519989014 4.168640613555908 7.470604419708252
v 6.302485466003418 4.927246570587158 7.498160362243652
v 5.751703262329102 5.560970783233643 7.523221969604492
v 5.139995098114014 6.130763053894043 7.548181056976318
v 4.469260215759277 6.634671688079834 7.5732269287109375
v 3.7427616119384766 7.07009220123291 7.598513126373291
v 2.9807612895965576 7.423908710479736 7.623602390289307
v 2.105337619781494 7.717672348022461 7.651174068450928
v 1.197234869003296 7.910012245178223 7.67888879776001
v 0.2811407744884491 7.995122909545898 7.706361770629883
v -0.6449216604232788 7.97407341003418 7.73401403427124
v -1.4764174222946167 7.863017559051514 7.759057521820068
v -2.2885587215423584 7.6655473709106445 7.784012317657471
v -2.731257677078247 7.518755912780762 7.797932147979736
v -3.166707992553711 7.345921039581299 7.811914443969727
v -3.9224605560302734 6.972418308258057 7.837086200714111
v -4.696676731109619 6.4762067794799805 7.864546298980713
v -5.4144697189331055 5.889281749725342 7.892227649688721
v -5.747255802154541 5.565133571624756 7.906091690063477
v -6.059868335723877 5.223063945770264 7.919922351837158
v -6.352431774139404 4.862948894500732 7.933770179748535
v -6.623612403869629 4.486357688903809 7.947620868682861
v -7.074700355529785 3.734455108642578 7.973800182342529
v -8 0 -3.910250425338745
v -7.946167945861816 -0.9260483980178833 -3.8825533390045166
v -7.785606861114502 -1.839648723602295 -3.854856491088867
v -7.520136833190918 -2.7288637161254883 -3.827148199081421
v -7.193668842315674 -3.5001609325408936 -3.802142858505249
v -6.978567123413086 -3.91140079498291 -3.7882914543151855
v -6.739990234375 -4.309487819671631 -3.774440050125122
v -6.252531051635742 -4.99057674407959 -3.749434471130371
v -5.632754325866699 -5.680776596069336 -3.7217369079589844
v -5.007976055145264 -6.238603591918945 -3.6967310905456543
v -4.251986026763916 -6.776412010192871 -3.669029474258423
v -3.520210027694702 -7.183878421783447 -3.6440234184265137
v -3.097634792327881 -7.375922679901123 -3.6301698684692383
v -2.664626359939575 -7.5431365966796875 -3.616316318511963
v -1.861376166343689 -7.780440330505371 -3.591310501098633
v -1.4069160223007202 -7.875290870666504 -3.5774543285369873
v -0.947711706161499 -7.943613529205322 -3.563598155975342
v -0.11199559271335602 -7.999213218688965 -3.538592576980591
v 0.8153871893882751 -7.958285331726074 -3.5108754634857178
v 1.6429734230041504 -7.8294677734375 -3.485870122909546
v 2.539018154144287 -7.586339950561523 -3.458148241043091
v 3.3182647228240967 -7.279355525970459 -3.433143377304077
v 3.7351386547088623 -7.074495315551758 -3.4192800521850586
v 4.139413356781006 -6.845760822296143 -3.405416965484619
v 4.832451343536377 -6.375522136688232 -3.3804128170013428
v 5.538763046264648 -5.7724609375 -3.352681875228882
v 6.111910820007324 -5.1618194580078125 -3.327678680419922
v 6.669010162353516 -4.418543338775635 -3.299943685531616
v 7.094408988952637 -3.6971826553344727 -3.2749414443969727
v 7.441547393798828 -2.9364445209503174 -3.249976396560669
v 7.599667549133301 -2.498847007751465 -3.2360894680023193
v 7.732122421264648 -2.0528135299682617 -3.222202777862549
v 7.90415620803833 -1.2343822717666626 -3.1972339153289795
v 7.975969314575195 -0.6190451979637146 -3.1787421703338623
v 8 -1.0423107181230327e-14 -3.160250425338745
v 7.955833435058594 0.8406635522842407 -3.1351191997528076
v 7.821837902069092 1.6793103218078613 -3.10976243019104
v 7.710936546325684 2.130267381668091 -3.0959019660949707
v 7.573379039764404 2.5762407779693604 -3.0819735527038574
v 7.26066780090332 3.35870099067688 -3.0568153858184814
v 6.824835777282715 4.1736249923706055 -3.029216766357422
v 6.297125816345215 4.933958530426025 -3.001584529876709
v 5.685833930969238 5.628100395202637 -2.9739668369293213
v 4.999900817871094 6.245147228240967 -2.9464194774627686
v 4.6276092529296875 6.525752544403076 -2.932508707046509
v 4.239096164703369 6.784732341766357 -2.9185757637023926
v 3.5055439472198486 7.1912641525268555 -2.8935353755950928
v 3.083263635635376 7.381755828857422 -2.8797061443328857
v 2.648646593093872 7.5481038093566895 -2.8658151626586914
v 2.20186448097229 7.690232276916504 -2.8518216609954834
v 1.7482357025146484 7.806295871734619 -2.8378467559814453
v 0.9238929152488708 7.947068691253662 -2.812879800796509
v 0.003450416261330247 8.000335693359375 -2.7853524684906006
v -0.9243093132972717 7.945910930633545 -2.75760555267334
v -1.755720615386963 7.804681301116943 -2.732426643371582
v -2.561473846435547 7.578986167907715 -2.707441568374634
v -3.1989340782165527 7.332663536071777 -2.687042236328125
v -3.8123700618743896 7.0331950187683105 -2.6666667461395264
v -4.288916110992432 7.912344455718994 -2.0893163681030273
v 1.3240816593170166 -8.902067184448242 -7.42264986038208
v 2.2878289222717285 -8.704289436340332 -7.396539688110352
v 2.7601711750030518 -8.566250801086426 -7.383484840393066
v 3.2242629528045654 -8.402624130249023 -7.370429992675781
v 3.6789772510528564 -8.213687896728516 -7.357366561889648
v 4.122677803039551 -8.000147819519043 -7.344303131103516
v 4.891376495361328 -7.554742336273193 -7.320727825164795
v 5.611252307891846 -7.0365519523620605 -7.297190189361572
v 6.347661018371582 -6.380168914794922 -7.271009922027588
v 6.945310592651367 -5.72382926940918 -7.247453689575195
v 7.529642105102539 -4.929861068725586 -7.2212910652160645
v 7.978925704956055 -4.163725852966309 -7.197722434997559
v 8.194757461547852 -3.720888376235962 -7.184653282165527
v 8.386067390441895 -3.266911745071411 -7.171583652496338
v 8.667366981506348 -2.4242022037506104 -7.148008346557617
v 8.88012981414795 -1.4635920524597168 -7.121896266937256
v 8.98122501373291 -0.5808965563774109 -7.0983195304870605
v 8.990866661071777 0.40406137704849243 -7.072178363800049
v 8.892611503601074 1.386054277420044 -7.045987129211426
v 8.712957382202148 2.2546815872192383 -7.022448539733887
v 8.576275825500488 2.728788375854492 -7.0093584060668945
v 8.413867950439453 3.194709062576294 -6.9962687492370605
v 8.058231353759766 4.008050918579102 -6.97271203994751
v 7.5715155601501465 4.8653035163879395 -6.946550369262695
v 7.055133819580078 5.587930202484131 -6.922981262207031
v 6.402274131774902 6.325323581695557 -6.896843433380127
v 5.74748420715332 6.925779819488525 -6.873267650604248
v 5.36029052734375 7.229569911956787 -6.860211372375488
v 4.957064628601074 7.511745452880859 -6.84715461730957
v 4.192291736602783 7.963951587677002 -6.823577880859375
v 3.750187397003174 8.181432723999023 -6.810506820678711
v 3.296823501586914 8.374360084533691 -6.797435760498047
v 2.3601086139678955 8.685019493103027 -6.771245002746582
v 1.4936861991882324 8.875141143798828 -6.747705459594727
v 0.5134137868881226 8.985306739807129 -6.721526145935059
v -0.3742729127407074 8.992191314697266 -6.69796895980835
v -0.8661602139472961 8.958159446716309 -6.6848883628845215
v -1.355454683303833 8.897289276123047 -6.671808242797852
v -2.225841760635376 8.720407485961914 -6.648238658905029
v -2.6996145248413086 8.58552074432373 -6.635169982910156
v -3.1653130054473877 8.424941062927246 -6.622101783752441
v -3.9805712699890137 8.071867942810059 -6.5985260009765625
v -4.837926864624023 7.589023590087891 -6.572412014007568
v -5.562650203704834 7.075078964233398 -6.548835277557373
v -6.3025221824646 6.424731731414795 -6.5226922035217285
v -6.645287990570068 6.069518089294434 -6.509596824645996
v -6.968095302581787 5.696078777313232 -6.496501445770264
v -7.494968891143799 4.982437610626221 -6.47296142578125
v -7.756730556488037 4.564201354980469 -6.459872245788574
v -7.995225429534912 4.132274627685547 -6.446783065795898
v -8.363445281982422 3.3245110511779785 -6.423225402832031
v -8.676825523376465 2.3899176120758057 -6.397064685821533
v -8.870189666748047 1.52303147315979 -6.373495101928711
v -8.98343276977539 0.5447592735290527 -6.3473591804504395
v -8.993437767028809 -0.3436180353164673 -6.323782920837402
v -8.961173057556152 -0.8347445726394653 -6.310725688934326
v -8.902105331420898 -1.323379635810852 -6.29766845703125
v -8.728300094604492 -2.194672107696533 -6.274091720581055
v -8.436110496520996 -3.1354424953460693 -6.247947692871094
v -8.04213809967041 -4.040256023406982 -6.221757411956787
v -7.6053080558776855 -4.812332630157471 -6.198216438293457
v -7.032986164093018 -5.615728855133057 -6.172038555145264
v -6.445526599884033 -6.281304836273193 -6.148480415344238
v -6.091853141784668 -6.624816417694092 -6.135400295257568
v -5.71992826461792 -6.948483467102051 -6.122320652008057
v -5.007195472717285 -7.4784955978393555 -6.098750591278076
v -4.160126209259033 -7.980737686157227 -6.072615623474121
v -3.3530168533325195 -8.352082252502441 -6.049039363861084
v -2.4211132526397705 -8.668161392211914 -6.022923469543457
v -1.5546674728393555 -8.864694595336914 -5.999346733093262
v -1.0671778917312622 -8.936492919921875 -5.986274719238281
v -0.576479971408844 -8.981461524963379 -5.973202228546143
v -0.08319803327322006 -8.999553680419922 -5.96010684967041
v 0.410331130027771 -8.990621566772461 -5.947011947631836
v 1.2934478521347046 -8.906529426574707 -5.923470973968506
v 2.2603609561920166 -8.711490631103516 -5.8972930908203125
v 3.1076362133026123 -8.446432113647461 -5.873734474182129
v 4.012653827667236 -8.05590534210205 -5.8475751876831055
v 4.78721284866333 -7.621187686920166 -5.824005126953125
v 5.196953296661377 -7.347842216491699 -5.810937881469727
v 5.5911478996276855 -7.052509307861328 -5.797871112823486
v 6.259298324584961 -6.4669294357299805 -5.774294853210449
v 6.9278883934021 -5.744839668273926 -5.748178005218506
v 7.460600852966309 -5.033808708190918 -5.7246012687683105
v 7.966053485870361 -4.188194274902344 -5.698455810546875
v 8.376742362976074 -3.2908689975738525 -5.672266006469727
v 8.660017967224121 -2.450176239013672 -5.64872407913208
v 8.781246185302734 -1.9719325304031372 -5.6356353759765625
v 8.876136779785156 -1.4877748489379883 -5.622546672821045
v 8.979551315307617 -0.6060335040092468 -5.598987579345703
v 8.991937637329102 0.37954407930374146 -5.572829246520996
v 8.910784721374512 1.2640517950057983 -5.549258708953857
v 8.719295501708984 2.2299561500549316 -5.523125648498535
v 8.457006454467773 3.0788025856018066 -5.499549388885498
v 8.070232391357422 3.9837372303009033 -5.47343111038208
v 7.638172626495361 4.7600531578063965 -5.449854850769043
v 7.366192817687988 5.170976638793945 -5.436781883239746
v 7.072089672088623 5.566375255584717 -5.423708438873291
v 6.756275653839111 5.945723056793213 -5.410613536834717
v 6.420176029205322 6.307215213775635 -5.397519111633301
v 5.768002986907959 6.90864896774292 -5.373976230621338
v 4.977347373962402 7.498352527618408 -5.347799777984619
v 4.214365005493164 7.952280521392822 -5.324240207672119
v 3.772580623626709 8.1710786819458 -5.311161518096924
v 3.319493532180786 8.365401268005371 -5.29808235168457
v 2.4787416458129883 8.651922225952148 -5.274511814117432
v 2.0017290115356445 8.774520874023438 -5.26144552230835
v 1.5187232494354248 8.870867729187012 -5.248379230499268
v 0.6366903781890869 8.977450370788574 -5.2248029708862305
v -0.3473450243473053 8.993228912353516 -5.198684215545654
v -1.2323590517044067 8.915215492248535 -5.175107955932617
v -2.199446678161621 8.727051734924316 -5.148960590362549
v -2.674586772918701 8.593338012695312 -5.135865688323975
v -3.1416940689086914 8.433823585510254 -5.122771263122559
v -3.9567859172821045 8.083510398864746 -5.099228382110596
v -4.393774509429932 7.854523658752441 -5.086140155792236
v -4.817586898803711 7.601981163024902 -5.073051929473877
v -5.543158531188965 7.090348243713379 -5.049491882324219
v -6.285205364227295 6.44167423248291 -5.023334980010986
v -6.889615535736084 5.790779113769531 -4.9997639656066895
v -7.480919361114502 5.003464221954346 -4.973632335662842
v -7.937852382659912 4.241519451141357 -4.950056076049805
v -8.157867431640625 3.8011410236358643 -4.936995983123779
v -8.353470802307129 3.349381923675537 -4.923935890197754
v -8.643054008483887 2.5094590187072754 -4.900360107421875
v -8.865528106689453 1.5496526956558228 -4.87421178817749
v -8.981926918029785 0.569733738899231 -4.848022937774658
v -8.994363784790039 -0.31738534569740295 -4.824479103088379
v -8.905618667602539 -1.2996963262557983 -4.798303604125977
v -8.73425006866455 -2.1708364486694336 -4.77474308013916
v -8.602245330810547 -2.645803928375244 -4.761664867401123
v -8.444473266601562 -3.112849235534668 -4.748586654663086
v -8.096545219421387 -3.9301249980926514 -4.725015640258789
v -7.618727684020996 -4.791012763977051 -4.698884963989258
v -7.109274864196777 -5.518893718719482 -4.6753082275390625
v -6.46407413482666 -6.2621541023254395 -4.6491875648498535
v -5.815191745758057 -6.869009971618652 -4.625611305236816
v -5.11090612411499 -7.407954692840576 -4.602077484130859
v -4.697183132171631 -7.676931858062744 -4.588986396789551
v -4.26936674118042 -7.922873497009277 -4.575894832611084
v -3.4682135581970215 -8.304877281188965 -4.552341461181641
v -2.538956642150879 -8.634395599365234 -4.526175498962402
v -1.6756312847137451 -8.842628479003906 -4.502608299255371
v -0.6991724371910095 -8.972737312316895 -4.476465225219727
v 0.18885503709316254 -8.998018264770508 -4.452889919281006
v 0.6804526448249817 -8.974202156066895 -4.439833164215088
v 1.1700210571289062 -8.923556327819824 -4.426775932312012
v 2.0441906452178955 -8.764768600463867 -4.403198719024658
v 2.520663261413574 -8.639787673950195 -4.390130519866943
v 2.9895808696746826 -8.488893508911133 -4.3770623207092285
v 3.811908006668091 -8.152848243713379 -4.353488922119141
v 4.596137523651123 -7.737884044647217 -4.329944133758545
v 5.415230751037598 -7.188498497009277 -4.303769111633301
v 6.097193717956543 -6.619962692260742 -4.280208110809326
v 6.450469017028809 -6.276174068450928 -4.2671308517456055
v 6.784427165985107 -5.913586139678955 -4.254053115844727
v 7.334371089935303 -5.216027736663818 -4.230481147766113
v 7.608651638031006 -4.807034969329834 -4.217416763305664
v 7.860174655914307 -4.383658409118652 -4.204352855682373
v 8.254154205322266 -3.587327480316162 -4.1807756423950195
v 8.596478462219238 -2.66446852684021 -4.154653072357178
v 8.81734561920166 -1.8039301633834839 -4.131077289581299
v 8.952051162719727 -0.9273342490196228 -4.107542037963867
v 8.989400863647461 -0.4352918863296509 -4.094450950622559
v 8.999778747558594 0.05805564299225807 -4.081360340118408
v 8.950299263000488 0.9442775249481201 -4.057806015014648
v 8.88510513305664 1.4330861568450928 -4.0447235107421875
v 8.793285369873047 1.9176018238067627 -4.031641006469727
v 8.561517715454102 2.7749335765838623 -4.008073329925537
v 8.206932067871094 3.69392991065979 -3.981931447982788
v 7.8028154373168945 4.4850945472717285 -3.9583563804626465
v 7.266535758972168 5.310014724731445 -3.932244062423706
v 6.707609176635742 6.000654220581055 -3.9086670875549316
v 6.369225978851318 6.358667850494385 -3.8955979347229004
v 6.011733531951904 6.697610378265381 -3.8825290203094482
v 5.322199821472168 7.257668495178223 -3.8589558601379395
v 4.581677436828613 7.746456146240234 -3.8354098796844482
v 3.7065653800964355 8.201254844665527 -3.8092360496520996
v 2.880422353744507 8.526597023010254 -3.7856740951538086
v 1.930906057357788 8.790366172790527 -3.7595205307006836
v 1.0549639463424683 8.937952995300293 -3.735948324203491
v 0.5645436644554138 8.982231140136719 -3.7228848934173584
v 0.07242988795042038 8.999642372131348 -3.7098214626312256
v -0.8152788877487183 8.962995529174805 -3.686244487762451
v -1.7892510890960693 8.820284843444824 -3.6601200103759766
v -2.6501717567443848 8.600948333740234 -3.6365442276000977
v -3.483872890472412 8.29830265045166 -3.6130077838897705
v -4.371184349060059 7.867154598236084 -3.586826801300049
v -5.124897480010986 7.398307800292969 -3.5632715225219727
v -5.522387981414795 7.106481075286865 -3.550189733505249
v -5.903332233428955 6.79335880279541 -3.5371077060699463
v -6.544183254241943 6.17847204208374 -3.5135395526885986
v -7.180116653442383 5.426303863525391 -3.4873993396759033
v -7.680180072784424 4.691997051239014 -3.4638237953186035
v -8.146374702453613 3.8256216049194336 -3.437713384628296
v -8.48393726348877 3.0037763118743896 -3.4141364097595215
v -8.635581970214844 2.535043239593506 -3.401066780090332
v -8.761317253112793 2.058699607849121 -3.3879969120025635
v -8.861015319824219 1.5752267837524414 -3.3749008178710938
v -8.934096336364746 1.087025761604309 -3.361804962158203
v -8.9976806640625 0.2023470103740692 -3.3382678031921387
v -8.965784072875977 -0.7836334109306335 -3.312087297439575
v -8.844990730285645 -1.6630338430404663 -3.288531541824341
v -8.61000919342041 -2.6204559803009033 -3.2623684406280518
v -8.309847831726074 -3.4563395977020264 -3.238799810409546
v -8.108232498168945 -3.9058449268341064 -3.2257301807403564
v -7.882348537445068 -4.343664646148682 -3.212660551071167
v -7.415743827819824 -5.099680423736572 -3.189084768295288
v -7.12589168548584 -5.4973673820495605 -3.1760294437408447
v -6.814733028411865 -5.8786234855651855 -3.1629741191864014
v -6.201941967010498 -6.521944522857666 -3.139397382736206
v -5.45206356048584 -7.160582542419434 -3.1132566928863525
v -4.635282039642334 -7.714522838592529 -3.0870652198791504
v -3.853382110595703 -8.133305549621582 -3.0635273456573486
v -3.401839256286621 -8.332243919372559 -3.0504372119903564
v -2.940091848373413 -8.506186485290527 -3.0373470783233643
v -2.0878398418426514 -8.75445556640625 -3.0137908458709717
v -1.6052415370941162 -8.855622291564941 -3.0007097721099854
v -1.1178315877914429 -8.930256843566895 -2.98762845993042
v -0.23218733072280884 -8.996996879577637 -2.964059591293335
v 0.7523021101951599 -8.968438148498535 -2.9379212856292725
v 1.6328767538070679 -8.85063362121582 -2.9143455028533936
v 2.589221715927124 -8.619439125061035 -2.8882336616516113
v 3.4264907836914062 -8.322198867797852 -2.864656925201416
v 3.876765251159668 -8.122218132019043 -2.851586103439331
v 4.315409183502197 -7.897859573364258 -2.838515281677246
v 4.741941452026367 -7.6493730545043945 -2.8254196643829346
v 5.154229164123535 -7.377913475036621 -2.812324047088623
v 5.855443477630615 -6.834691047668457 -2.788785457611084
v 6.5682806968688965 -6.152806282043457 -2.762605905532837
v 7.142474174499512 -5.475822925567627 -2.739049196243286
v 7.69848108291626 -4.661803722381592 -2.7128872871398926
v 8.120529174804688 -3.8803200721740723 -2.6893181800842285
v 8.320634841918945 -3.4301772117614746 -2.6762495040893555
v 8.495841979980469 -2.9697659015655518 -2.6631805896759033
v 8.74731159210205 -2.117673397064209 -2.6396048069000244
v 8.926141738891602 -1.1501274108886719 -2.613492012023926
v 8.996105194091797 -0.26442307233810425 -2.5899152755737305
v 8.971071243286133 0.7202989459037781 -2.5637729167938232
v 8.838311195373535 1.6982134580612183 -2.5375819206237793
v 8.62818717956543 2.5600054264068604 -2.514042615890503
v 8.474902153015137 3.0289974212646484 -2.500952959060669
v 8.296196937561035 3.4889028072357178 -2.487863302230835
v 7.912142753601074 4.28924036026001 -2.464306116104126
v 7.395565509796143 5.1288042068481445 -2.438145160675049
v 6.85405969619751 5.832817077636719 -2.4145755767822266
v 6.175673961639404 6.546745777130127 -2.3884389400482178
v 5.50015115737915 7.123786449432373 -2.3648629188537598
v 5.102487564086914 7.413773059844971 -2.351806163787842
v 4.6895599365234375 7.681591033935547 -2.3387491703033447
v 3.909344434738159 8.106593132019043 -2.3151724338531494
v 3.4598429203033447 8.30838394165039 -2.302100896835327
v 2.9999518394470215 8.485237121582031 -2.289029121398926
v 2.052891254425049 8.76272201538086 -2.26283860206604
v 1.180285096168518 8.922228813171387 -2.2392985820770264
v 0.19676198065280914 8.997811317443848 -2.2131199836730957
v -0.6906349062919617 8.97343921661377 -2.1895620822906494
v -1.1810052394866943 8.922112464904785 -2.1764819622039795
v -1.6678394079208374 8.84405517578125 -2.1634018421173096
v -2.5314748287200928 8.636638641357422 -2.139832019805908
v -3.429344654083252 8.320962905883789 -2.1145741939544678
v 1.1769614219665527 -7.912949085235596 -8
v -8 0 -6.910250186920166
v -7.986513614654541 0.46376296877861023 -6.924097537994385
v -7.946172714233398 0.9259685277938843 -6.9379448890686035
v -7.78564453125 1.8394944667816162 -6.965639114379883
v -7.520270824432373 2.7284882068634033 -6.993340492248535
v -7.193824768066406 3.499840259552002 -7.018346786499023
v -6.740220546722412 4.309113502502441 -7.046047687530518
v -6.252755641937256 4.990291118621826 -7.0710554122924805
v -5.952746391296387 5.344573020935059 -7.084910869598389
v -5.6326823234558105 5.680849075317383 -7.098766803741455
v -5.007901668548584 6.2386579513549805 -7.123772144317627
v -4.25131893157959 6.776825904846191 -7.15149450302124
v -3.519489288330078 7.184221267700195 -7.1765007972717285
v -2.663139581680298 7.5436625480651855 -7.204231262207031
v -1.859932780265808 7.780771732330322 -7.229234218597412
v -1.0375690460205078 7.932389736175537 -7.254199981689453
v -0.574681282043457 7.979279041290283 -7.268085956573486
v -0.10985317826271057 7.999227046966553 -7.2819719314575195
v 0.7259960770606995 7.966951847076416 -7.306945323944092
v 1.1878538131713867 7.911263465881348 -7.320829391479492
v 1.6457139253616333 7.82887077331543 -7.334713935852051
v 2.4543848037719727 7.614163398742676 -7.359694004058838
v 3.3212907314300537 7.277948379516602 -7.387456893920898
v 4.0634074211120605 6.89117431640625 -7.412441730499268
v 4.456896781921387 6.643426895141602 -7.426319599151611
v 4.835350513458252 6.373285293579102 -7.440196990966797
v 5.4748215675354 5.833183765411377 -7.465187072753906
v 6.114336013793945 5.1589035987854 -7.4929351806640625
v 6.619994640350342 4.491703987121582 -7.5179290771484375
v 7.096120357513428 3.693819761276245 -7.5456719398498535
v 7.443380355834961 2.9318835735321045 -7.570671081542969
v 7.600988388061523 2.4948348999023438 -7.584537506103516
v 7.732999801635742 2.0493791103363037 -7.5984039306640625
v 7.904898166656494 1.2298240661621094 -7.623404502868652
v 7.9940972328186035 0.305673748254776 -7.651126384735107
v 7.982306957244873 -0.5317538976669312 -7.676130294799805
v 7.866962432861328 -1.4526410102844238 -7.703841209411621
v 7.672043323516846 -2.2670986652374268 -7.728844165802002
v 7.5276198387146 -2.7081875801086426 -7.742696285247803
v 7.357870101928711 -3.140183925628662 -7.75654935836792
v 6.989246845245361 -3.892354726791382 -7.781557559967041
v 6.491648197174072 -4.675212860107422 -7.8092546463012695
v 5.967294216156006 -5.32835578918457 -7.834260940551758
v 5.3100361824035645 -5.983527660369873 -7.8619704246521
v 4.655354022979736 -6.505967140197754 -7.886976718902588
v 4.270014762878418 -6.765105724334717 -7.90083646774292
v 3.8702807426452637 -7.001430988311768 -7.914695739746094
v 3.1170904636383057 -7.367741107940674 -7.939700603485107
v 2.6841938495635986 -7.536237716674805 -7.9535651206970215
v 2.2422447204589844 -7.679290771484375 -7.9674296379089355
v 1.7135769128799438 -7.8142828941345215 -7.983715057373047
v -7.986512660980225 -0.46380364894866943 -6.896401882171631
v -7.946167945861816 -0.9260483980178833 -6.882553577423096
v -7.879140853881836 -1.3851810693740845 -6.868704795837402
v -7.785606861114502 -1.839648723602295 -6.854856491088867
v -7.520136833190918 -2.7288637161254883 -6.827147960662842
v -7.193668842315674 -3.5001609325408936 -6.802143096923828
v -6.739990234375 -4.309487819671631 -6.774439811706543
v -6.252531051635742 -4.99057674407959 -6.749434471130371
v -5.952653408050537 -5.344661712646484 -6.735585689544678
v -5.632754325866699 -5.680776596069336 -6.721736907958984
v -5.007976055145264 -6.238603591918945 -6.696731090545654
v -4.251986026763916 -6.776412010192871 -6.669029235839844
v -3.520210027694702 -7.183878421783447 -6.644023418426514
v -2.664626359939575 -7.5431365966796875 -6.616316318511963
v -1.861376166343689 -7.780440330505371 -6.591310501098633
v -1.4069160223007202 -7.875290870666504 -6.577454566955566
v -0.947711706161499 -7.943613529205322 -6.563598155975342
v -0.11199559271335602 -7.999213218688965 -6.53859281539917
v 0.35228708386421204 -7.992218494415283 -6.524734020233154
v 0.8153871893882751 -7.958285331726074 -6.510875225067139
v 1.6429734230041504 -7.8294677734375 -6.485869884490967
v 2.539018154144287 -7.586339950561523 -6.458148002624512
v 3.3182647228240967 -7.279355525970459 -6.433143615722656
v 4.139413356781006 -6.845760822296143 -6.405416965484619
v 4.832451343536377 -6.375522136688232 -6.380412578582764
v 5.194373607635498 -6.084263324737549 -6.366547584533691
v 5.538763046264648 -5.7724609375 -6.352682113647461
v 6.111910820007324 -5.1618194580078125 -6.327678680419922
v 6.669010162353516 -4.418543338775635 -6.299943447113037
v 7.094408988952637 -3.6971826553344727 -6.274941444396973
v 7.441547393798828 -2.9364445209503174 -6.24997615814209
v 7.599667549133301 -2.498847007751465 -6.236089706420898
v 7.732122421264648 -2.0528135299682617 -6.222202777862549
v 7.90415620803833 -1.2343822717666626 -6.197234153747559
v 7.975969314575195 -0.6190451979637146 -6.178741931915283
v 8 1.2225442521122867e-14 -6.160250186920166
v 7.95585298538208 0.8400827050209045 -6.135136127471924
v 7.821996688842773 1.6783928871154785 -6.109789848327637
v 7.603163719177246 2.4874985218048096 -6.084767818450928
v 7.299873352050781 3.272840738296509 -6.059632778167725
v 7.0985188484191895 3.6891160011291504 -6.045827388763428
v 6.873907089233398 4.091737747192383 -6.032063961029053
v 6.62407922744751 4.484641075134277 -6.018167018890381
v 6.3541579246521 4.860022068023682 -6.004370212554932
v 5.812961578369141 5.497529983520508 -5.97940731048584
v 5.2137627601623535 6.068367004394531 -5.954699993133545
v 4.852625370025635 6.359974384307861 -5.9408488273620605
v 4.4718170166015625 6.632776737213135 -5.926870346069336
v 3.7440109252929688 7.069580078125 -5.90152645111084
v 2.98492169380188 7.422151565551758 -5.87653112411499
v 2.549058675765991 7.582716464996338 -5.862667560577393
v 2.1057910919189453 7.717634677886963 -5.848840236663818
v 1.6533523797988892 7.827302932739258 -5.834947109222412
v 1.1983225345611572 7.909926414489746 -5.821144104003906
v 0.28007176518440247 7.995203018188477 -5.793609142303467
v -0.6458082795143127 7.973779678344727 -5.765956401824951
v -1.5663188695907593 7.845083713531494 -5.738204002380371
v -2.3787953853607178 7.63837194442749 -5.71317720413208
v -3.1639010906219482 7.3480544090271 -5.688187122344971
v -3.9123668670654297 6.977518558502197 -5.663249492645264
v -4.313104152679443 6.736849308013916 -5.649296760559082
v -4.699127674102783 6.473775386810303 -5.635354518890381
v -5.352441787719727 5.9464311599731445 -5.610289573669434
v -5.939994812011719 5.359704971313477 -5.585500717163086
v -6.519314765930176 4.635768890380859 -5.5578179359436035
v -6.9720540046691895 3.921976089477539 -5.532581806182861
v -7.345522880554199 3.1695480346679688 -5.507498264312744
v -7.516233444213867 2.7403974533081055 -5.493712902069092
v -7.661398887634277 2.3033065795898438 -5.479968070983887
v -7.876155853271484 1.401749849319458 -5.452298641204834
v -7.969025611877441 0.7022548913955688 -5.431234359741211
v -8 0 -5.410250186920166
v -7.946167945861816 -0.9260483980178833 -5.382553577423096
v -7.785606861114502 -1.839648723602295 -5.354856491088867
v -7.665767669677734 -2.288102626800537 -5.341002464294434
v -7.520136833190918 -2.7288637161254883 -5.327147960662842
v -7.193668842315674 -3.5001609325408936 -5.302143096923828
v -6.739990234375 -4.309487819671631 -5.274439811706543
v -6.252531051635742 -4.99057674407959 -5.249434471130371
v -5.632754325866699 -5.680776596069336 -5.221736907958984
v -5.007976055145264 -6.238603591918945 -5.196731090545654
v -4.637784957885742 -6.518472671508789 -5.182880401611328
v -4.251986026763916 -6.776412010192871 -5.169029235839844
v -3.520210027694702 -7.183878421783447 -5.144023418426514
v -3.097634792327881 -7.375922679901123 -5.130169868469238
v -2.664626359939575 -7.5431365966796875 -5.116316318511963
v -1.861376166343689 -7.780440330505371 -5.091310501098633
v -0.947711706161499 -7.943613529205322 -5.063598155975342
v -0.11199559271335602 -7.999213218688965 -5.03859281539917
v 0.8153871893882751 -7.958285331726074 -5.010875225067139
v 1.6429734230041504 -7.8294677734375 -4.985869884490967
v 2.0945253372192383 -7.720923900604248 -4.972009181976318
v 2.539018154144287 -7.586339950561523 -4.958148002624512
v 3.3182647228240967 -7.279355525970459 -4.933143615722656
v 4.139413356781006 -6.845760822296143 -4.905416965484619
v 4.832451343536377 -6.375522136688232 -4.880412578582764
v 5.538763046264648 -5.7724609375 -4.852682113647461
v 6.111910820007324 -5.1618194580078125 -4.827678680419922
v 6.401270389556885 -4.7982869148254395 -4.813811302185059
v 6.669010162353516 -4.418543338775635 -4.799943447113037
v 7.094408988952637 -3.6971826553344727 -4.774941444396973
v 7.441547393798828 -2.9364445209503174 -4.74997615814209
v 7.732122421264648 -2.0528135299682617 -4.722202777862549
v 7.90415620803833 -1.2343822717666626 -4.697234153747559
v 7.975969314575195 -0.6190451979637146 -4.678741931915283
v 8 0 -4.660250186920166
v 7.955844879150391 0.8402478694915771 -4.635131359100342
v 7.821932792663574 1.6787140369415283 -4.609780311584473
v 7.711036205291748 2.1300153732299805 -4.595910549163818
v 7.573498249053955 2.5762691497802734 -4.581974506378174
v 7.261117935180664 3.3579471111297607 -4.5568413734436035
v 6.826469421386719 4.170546054840088 -4.529319763183594
v 6.298064708709717 4.932769298553467 -4.5016303062438965
v 6.001619338989258 5.290135383605957 -4.487772464752197
v 5.687300682067871 5.627009868621826 -4.474020957946777
v 5.353723049163818 5.945077896118164 -4.460264682769775
v 5.002248287200928 6.243252754211426 -4.446510314941406
v 4.316491603851318 6.735500812530518 -4.421313762664795
v 3.5850367546081543 7.151827335357666 -4.396183013916016
v 2.7329132556915283 7.518133163452148 -4.3684844970703125
v 2.288221836090088 7.665237903594971 -4.35450553894043
v 1.8367897272109985 7.786166667938232 -4.340557098388672
v 0.9269570708274841 7.946487903594971 -4.312971591949463
v 0.46637970209121704 7.986661434173584 -4.2991743087768555
v 0.005195633042603731 8.000031471252441 -4.285405158996582
v -0.4595591723918915 7.986598968505859 -4.271528720855713
v -0.9224545955657959 7.9463653564453125 -4.257660865783691
v -1.749508023262024 7.8063273429870605 -4.232616901397705
v -2.554368019104004 7.581463813781738 -4.207668304443359
v -3.331049919128418 7.273623943328857 -4.182725429534912
v -4.150288105010986 6.838702201843262 -4.155028820037842
v -4.5426554679870605 6.584641456604004 -4.141077518463135
v -4.919144630432129 6.308772563934326 -4.127147674560547
v -5.551780700683594 5.760759353637695 -4.1021599769592285
v -6.120804309844971 5.151583671569824 -4.077273845672607
v -6.626765727996826 4.480953216552734 -4.0521955490112305
v -7.062790393829346 3.7569427490234375 -4.026960849761963
v -7.416187763214111 2.999788999557495 -4.002009868621826
v -7.713449001312256 2.1214687824249268 -3.974324941635132
v -7.823746204376221 1.6701494455337524 -3.9604592323303223
v -7.907111644744873 1.2160184383392334 -3.946678400039673
v -7.976912498474121 0.6077372431755066 -3.9284026622772217
v 8.456875801086426 0.8461858630180359 -7.345669269561768
v -8.277544975280762 1.9334520101547241 -5.173976898193359
v -7.822625637054443 -3.333606719970703 -5.022842884063721
v -7.431557655334473 -4.1265692710876465 -4.997991561889648
v 8.488866806030273 0.47526416182518005 -4.356895923614502
v 1.404843807220459 8.383452415466309 -4.034639358520508
v -2.380070686340332 -8.164019584655762 -3.312044382095337
v 4.081531047821045 7.458802700042725 -2.614645481109619
v 1.1769614219665527 -7.912949085235596 -6.845299243927002
v 0.3409346640110016 -7.992702484130859 -6.8703718185424805
v -0.5077950358390808 -7.983867645263672 -6.8957133293151855
v -1.341822624206543 -7.8866376876831055 -6.920781135559082
v -2.1626439094543457 -7.702146053314209 -6.945899486541748
v -2.6056768894195557 -7.563640594482422 -6.959752559661865
v -3.041167974472046 -7.399258136749268 -6.973644256591797
v -3.799379825592041 -7.040223121643066 -6.998692512512207
v -4.580028533935547 -6.55861234664917 -7.026084899902344
v -5.309998035430908 -5.983852386474609 -7.053822040557861
v -5.90428352355957 -5.39933443069458 -7.078707218170166
v -6.486431121826172 -4.682137489318848 -7.10628604888916
v -6.9458537101745605 -3.9682977199554443 -7.131628036499023
v -7.325842380523682 -3.2143943309783936 -7.156839847564697
v -7.646963119506836 -2.349703788757324 -7.18438196182251
v -7.867992877960205 -1.447611689567566 -7.212111949920654
v -7.967227935791016 -0.7239357233047485 -7.233917713165283
v -8 0 -7.255549907684326
v 2.0853538513183594 -7.723390102386475 -6.817592144012451
v 2.52978777885437 -7.589468955993652 -6.803738594055176
v 2.9656944274902344 -7.429974555969238 -6.7898850440979
v 3.392141342163086 -7.245193004608154 -6.7760138511657715
v 3.807156562805176 -7.035991191864014 -6.762142658233643
v 4.521468162536621 -6.599699974060059 -6.73715353012085
v 5.256572246551514 -6.030606746673584 -6.709395885467529
v 5.8576273918151855 -5.448648929595947 -6.684417724609375
v 6.164433002471924 -5.098944187164307 -6.670533180236816
v 6.450417995452881 -4.732019901275635 -6.656648635864258
v 6.955438137054443 -3.952380657196045 -6.628912925720215
v 7.3305134773254395 -3.2036800384521484 -6.603911876678467
v 7.504001617431641 -2.7730162143707275 -6.590054512023926
v 7.652221202850342 -2.3330111503601074 -6.576197624206543
v 7.854205131530762 -1.5203410387039185 -6.551196575164795
v 7.963432788848877 -0.7636560797691345 -6.5283732414245605
v 8 0 -6.505549907684326
v 8 1.2225442521122867e-14 -6.160250186920166
v -8 0 -6.910250186920166
v -7.986512660980225 -0.46380364894866943 -6.896401882171631
v -7.946167945861816 -0.9260483980178833 -6.882553577423096
v -7.879140853881836 -1.3851810693740845 -6.868704795837402
v -7.785606861114502 -1.839648723602295 -6.854856491088867
v -7.520136833190918 -2.7288637161254883 -6.827147960662842
v -7.193668842315674 -3.5001609325408936 -6.802143096923828
v -6.739990234375 -4.309487819671631 -6.774439811706543
v -6.252531051635742 -4.99057674407959 -6.749434471130371
v -5.952653408050537 -5.344661712646484 -6.735585689544678
v -5.632754325866699 -5.680776596069336 -6.721736907958984
v -5.007976055145264 -6.238603591918945 -6.696731090545654
v -4.251986026763916 -6.776412010192871 -6.669029235839844
v -3.520210027694702 -7.183878421783447 -6.644023418426514
v -2.664626359939575 -7.5431365966796875 -6.616316318511963
v -1.861376166343689 -7.780440330505371 -6.591310501098633
v -1.4069160223007202 -7.875290870666504 -6.577454566955566
v -0.947711706161499 -7.943613529205322 -6.563598155975342
v -0.11199559271335602 -7.999213218688965 -6.53859281539917
v 0.35228708386421204 -7.992218494415283 -6.524734020233154
v 0.8153871893882751 -7.958285331726074 -6.510875225067139
v 1.6429734230041504 -7.8294677734375 -6.485869884490967
v 2.539018154144287 -7.586339950561523 -6.458148002624512
v 3.3182647228240967 -7.279355525970459 -6.433143615722656
v 4.139413356781006 -6.845760822296143 -6.405416965484619
v 4.832451343536377 -6.375522136688232 -6.380412578582764
v 5.194373607635498 -6.084263324737549 -6.366547584533691
v 5.538763046264648 -5.7724609375 -6.352682113647461
v 6.111910820007324 -5.1618194580078125 -6.327678680419922
v 6.669010162353516 -4.418543338775635 -6.299943447113037
v 7.094408988952637 -3.6971826553344727 -6.274941444396973
v 7.441547393798828 -2.9364445209503174 -6.24997615814209
v 7.599667549133301 -2.498847007751465 -6.236089706420898
v 7.732122421264648 -2.0528135299682617 -6.222202777862549
v 7.90415620803833 -1.2343822717666626 -6.197234153747559
v 7.975969314575195 -0.6190451979637146 -6.178741931915283
v -8 0 -3.910250425338745
v -7.946167945861816 -0.9260483980178833 -3.8825533390045166
v -7.785606861114502 -1.839648723602295 -3.854856491088867
v -7.520136833190918 -2.7288637161254883 -3.827148199081421
v -7.193668842315674 -3.5001609325408936 -3.802142858505249
v -6.978567123413086 -3.91140079498291 -3.7882914543151855
v -6.739990234375 -4.309487819671631 -3.774440050125122
v -6.252531051635742 -4.99057674407959 -3.749434471130371
v -5.632754325866699 -5.680776596069336 -3.7217369079589844
v -5.007976055145264 -6.238603591918945 -3.6967310905456543
v -4.251986026763916 -6.776412010192871 -3.669029474258423
v -3.520210027694702 -7.183878421783447 -3.6440234184265137
v -3.097634792327881 -7.375922679901123 -3.6301698684692383
v -2.664626359939575 -7.5431365966796875 -3.616316318511963
v -1.861376166343689 -7.780440330505371 -3.591310501098633
v -1.4069160223007202 -7.875290870666504 -3.5774543285369873
v -0.947711706161499 -7.943613529205322 -3.563598155975342
v -0.11199559271335602 -7.999213218688965 -3.538592576980591
v 0.8153871893882751 -7.958285331726074 -3.5108754634857178
v 1.6429734230041504 -7.8294677734375 -3.485870122909546
v 2.539018154144287 -7.586339950561523 -3.458148241043091
v 3.3182647228240967 -7.279355525970459 -3.433143377304077
v 3.7351386547088623 -7.074495315551758 -3.4192800521850586
v 4.139413356781006 -6.845760822296143 -3.405416965484619
v 4.832451343536377 -6.375522136688232 -3.3804128170013428
v 5.538763046264648 -5.7724609375 -3.352681875228882
v 6.111910820007324 -5.1618194580078125 -3.327678680419922
v 6.669010162353516 -4.418543338775635 -3.299943685531616
v 7.094408988952637 -3.6971826553344727 -3.2749414443969727
v 7.441547393798828 -2.9364445209503174 -3.249976396560669
v 7.599667549133301 -2.498847007751465 -3.2360894680023193
v 7.732122421264648 -2.0528135299682617 -3.222202777862549
v 7.90415620803833 -1.2343822717666626 -3.1972339153289795
v 7.975969314575195 -0.6190451979637146 -3.1787421703338623
v 8 -1.0423107181230327e-14 -3.160250425338745
v -8 0 -4.255549907684326
v -7.946167945861816 -0.9260483980178833 -4.227852821350098
v -7.785606861114502 -1.839648723602295 -4.200156211853027
v -7.665767669677734 -2.288102626800537 -4.1863017082214355
v -7.520136833190918 -2.7288637161254883 -4.172447681427002
v -7.193668842315674 -3.5001609325408936 -4.14744234085083
v -6.739990234375 -4.309487819671631 -4.119739532470703
v -6.252531051635742 -4.99057674407959 -4.094734191894531
v -5.632754325866699 -5.680776596069336 -4.0670366287231445
v -5.007976055145264 -6.238603591918945 -4.0420308113098145
v -4.637784957885742 -6.518472671508789 -4.02817964553833
v -4.251986026763916 -6.776412010192871 -4.014328956604004
v -3.520210027694702 -7.183878421783447 -3.9893229007720947
v -3.097634792327881 -7.375922679901123 -3.9754693508148193
v -2.664626359939575 -7.5431365966796875 -3.961615800857544
v -1.861376166343689 -7.780440330505371 -3.936609983444214
v -0.947711706161499 -7.943613529205322 -3.908897638320923
v -0.11199559271335602 -7.999213218688965 -3.883892059326172
v 0.8153871893882751 -7.958285331726074 -3.856174945831299
v 1.6429734230041504 -7.8294677734375 -3.831169605255127
v 2.0945253372192383 -7.720923900604248 -3.8173086643218994
v 2.539018154144287 -7.586339950561523 -3.8034474849700928
v 3.3182647228240967 -7.279355525970459 -3.778442859649658
v 4.139413356781006 -6.845760822296143 -3.750716209411621
v 4.832451343536377 -6.375522136688232 -3.725712299346924
v 5.538763046264648 -5.7724609375 -3.697981357574463
v 6.111910820007324 -5.1618194580078125 -3.672978162765503
v 6.401270389556885 -4.7982869148254395 -3.6591105461120605
v 6.669010162353516 -4.418543338775635 -3.6452431678771973
v 7.094408988952637 -3.6971826553344727 -3.6202409267425537
v 7.441547393798828 -2.9364445209503174 -3.59527587890625
v 7.732122421264648 -2.0528135299682617 -3.56750226020813
v 7.90415620803833 -1.2343822717666626 -3.5425333976745605
v 7.975969314575195 -0.6190451979637146 -3.5240416526794434
v 8 0 -3.505549669265747
v -8 0 -5.410250186920166
v -7.946167945861816 -0.9260483980178833 -5.382553577423096
v -7.785606861114502 -1.839648723602295 -5.354856491088867
v -7.665767669677734 -2.288102626800537 -5.341002464294434
v -7.520136833190918 -2.7288637161254883 -5.327147960662842
v -7.193668842315674 -3.5001609325408936 -5.302143096923828
v -6.739990234375 -4.309487819671631 -5.274439811706543
v -6.252531051635742 -4.99057674407959 -5.249434471130371
v -5.632754325866699 -5.680776596069336 -5.221736907958984
v -5.007976055145264 -6.238603591918945 -5.196731090545654
v -4.637784957885742 -6.518472671508789 -5.182880401611328
v -4.251986026763916 -6.776412010192871 -5.169029235839844
v -3.520210027694702 -7.183878421783447 -5.144023418426514
v -3.097634792327881 -7.375922679901123 -5.130169868469238
v -2.664626359939575 -7.5431365966796875 -5.116316318511963
v -1.861376166343689 -7.780440330505371 -5.091310501098633
v -0.947711706161499 -7.943613529205322 -5.063598155975342
v -0.11199559271335602 -7.999213218688965 -5.03859281539917
v 0.8153871893882751 -7.958285331726074 -5.010875225067139
v 1.6429734230041504 -7.8294677734375 -4.985869884490967
v 2.0945253372192383 -7.720923900604248 -4.972009181976318
v 2.539018154144287 -7.586339950561523 -4.958148002624512
v 3.3182647228240967 -7.279355525970459 -4.933143615722656
v 4.139413356781006 -6.845760822296143 -4.905416965484619
v 4.832451343536377 -6.375522136688232 -4.880412578582764
v 5.538763046264648 -5.7724609375 -4.852682113647461
v 6.111910820007324 -5.1618194580078125 -4.827678680419922
v 6.401270389556885 -4.7982869148254395 -4.813811302185059
v 6.669010162353516 -4.418543338775635 -4.799943447113037
v 7.094408988952637 -3.6971826553344727 -4.774941444396973
v 7.441547393798828 -2.9364445209503174 -4.74997615814209
v 7.732122421264648 -2.0528135299682617 -4.722202777862549
v 7.90415620803833 -1.2343822717666626 -4.697234153747559
v 7.975969314575195 -0.6190451979637146 -4.678741931915283
v 8 0 -4.660250186920166
v -8 0 -5.755549907684326
v -7.986512660980225 -0.46380364894866943 -5.741701126098633
v -7.946167945861816 -0.9260483980178833 -5.727852821350098
v -7.879140853881836 -1.3851810693740845 -5.7140045166015625
v -7.785606861114502 -1.839648723602295 -5.700156211853027
v -7.520136833190918 -2.7288637161254883 -5.672447681427002
v -7.193668842315674 -3.5001609325408936 -5.64744234085083
v -6.739990234375 -4.309487819671631 -5.619739532470703
v -6.252531051635742 -4.99057674407959 -5.594734191894531
v -5.952653408050537 -5.344661712646484 -5.580885410308838
v -5.632754325866699 -5.680776596069336 -5.5670366287231445
v -5.007976055145264 -6.238603591918945 -5.5420308113098145
v -4.251986026763916 -6.776412010192871 -5.514328956604004
v -3.520210027694702 -7.183878421783447 -5.489323139190674
v -2.664626359939575 -7.5431365966796875 -5.461616039276123
v -1.861376166343689 -7.780440330505371 -5.436609745025635
v -1.4069160223007202 -7.875290870666504 -5.422753810882568
v -0.947711706161499 -7.943613529205322 -5.408897876739502
v -0.11199559271335602 -7.999213218688965 -5.383892059326172
v 0.35228708386421204 -7.992218494415283 -5.370033264160156
v 0.8153871893882751 -7.958285331726074 -5.356174945831299
v 1.6429734230041504 -7.8294677734375 -5.331169605255127
v 2.539018154144287 -7.586339950561523 -5.303447723388672
v 3.3182647228240967 -7.279355525970459 -5.278442859649658
v 4.139413356781006 -6.845760822296143 -5.250716209411621
v 4.832451343536377 -6.375522136688232 -5.225712299346924
v 5.194373607635498 -6.084263324737549 -5.211846828460693
v 5.538763046264648 -5.7724609375 -5.197981357574463
v 6.111910820007324 -5.1618194580078125 -5.172977924346924
v 6.669010162353516 -4.418543338775635 -5.145243167877197
v 7.094408988952637 -3.6971826553344727 -5.120240688323975
v 7.441547393798828 -2.9364445209503174 -5.09527587890625
v 7.599667549133301 -2.498847007751465 -5.0813889503479
v 7.732122421264648 -2.0528135299682617 -5.067502021789551
v 7.90415620803833 -1.2343822717666626 -5.0425333976745605
v 7.975969314575195 -0.6190451979637146 -5.024041652679443
v 8 0 -5.005549907684326
v -8 0 -2.755549669265747
v -7.946167945861816 -0.9260483980178833 -2.7278528213500977
v -7.785606861114502 -1.839648723602295 -2.7001559734344482
v -7.520136833190918 -2.7288637161254883 -2.672447681427002
v -7.193668842315674 -3.5001609325408936 -2.64744234085083
v -6.978567123413086 -3.91140079498291 -2.6335909366607666
v -6.739990234375 -4.309487819671631 -2.619739532470703
v -6.252531051635742 -4.99057674407959 -2.594733953475952
v -5.632754325866699 -5.680776596069336 -2.5670363903045654
v -5.007976055145264 -6.238603591918945 -2.5420305728912354
v -4.251986026763916 -6.776412010192871 -2.514328956604004
v -3.520210027694702 -7.183878421783447 -2.4893229007720947
v -3.097634792327881 -7.375922679901123 -2.4754693508148193
v -2.664626359939575 -7.5431365966796875 -2.461615800857544
v -1.861376166343689 -7.780440330505371 -2.436609983444214
v -1.4069160223007202 -7.875290870666504 -2.4227538108825684
v -0.947711706161499 -7.943613529205322 -2.408897638320923
v -0.11199559271335602 -7.999213218688965 -2.383892059326172
v 0.8153871893882751 -7.958285331726074 -2.356174945831299
v 1.6429734230041504 -7.8294677734375 -2.331169605255127
v 2.539018154144287 -7.586339950561523 -2.3034474849700928
v 3.3182647228240967 -7.279355525970459 -2.278442859649658
v 3.7351386547088623 -7.074495315551758 -2.2645795345306396
v 4.139413356781006 -6.845760822296143 -2.250716209411621
v 4.832451343536377 -6.375522136688232 -2.225712299346924
v 5.538763046264648 -5.7724609375 -2.197981357574463
v 6.111910820007324 -5.1618194580078125 -2.172978162765503
v 6.669010162353516 -4.418543338775635 -2.1452431678771973
v 7.094408988952637 -3.6971826553344727 -2.1202409267425537
v 7.441547393798828 -2.9364445209503174 -2.09527587890625
v 7.599667549133301 -2.498847007751465 -2.0813889503479004
v 7.732122421264648 -2.0528135299682617 -2.06750226020813
v 7.90415620803833 -1.2343822717666626 -2.0425333976745605
v 7.975969314575195 -0.6190451979637146 -2.0240416526794434
v 8 0 -2.005549669265747
v 8 0 -1.6602503061294556
v -8 0 -2.410250425338745
v -7.986512660980225 -0.46380364894866943 -2.396401882171631
v -7.946167945861816 -0.9260483980178833 -2.3825533390045166
v -7.785606861114502 -1.839648723602295 -2.354856491088867
v -7.520136833190918 -2.7288637161254883 -2.327148199081421
v -7.193668842315674 -3.5001609325408936 -2.302142858505249
v -6.739990234375 -4.309487819671631 -2.274440050125122
v -6.252531051635742 -4.99057674407959 -2.249434471130371
v -5.952653408050537 -5.344661712646484 -2.2355856895446777
v -5.632754325866699 -5.680776596069336 -2.2217369079589844
v -5.007976055145264 -6.238603591918945 -2.1967310905456543
v -4.251986026763916 -6.776412010192871 -2.169029474258423
v -3.520210027694702 -7.183878421783447 -2.1440234184265137
v -2.664626359939575 -7.5431365966796875 -2.116316318511963
v -1.861376166343689 -7.780440330505371 -2.091310501098633
v -1.4069160223007202 -7.875290870666504 -2.0774543285369873
v -0.947711706161499 -7.943613529205322 -2.063598155975342
v -0.11199559271335602 -7.999213218688965 -2.038592576980591
v 0.8153871893882751 -7.958285331726074 -2.0108754634857178
v 1.6429734230041504 -7.8294677734375 -1.985870122909546
v 2.539018154144287 -7.586339950561523 -1.9581481218338013
v 3.3182647228240967 -7.279355525970459 -1.9331433773040771
v 3.7351386547088623 -7.074495315551758 -1.9192801713943481
v 4.139413356781006 -6.845760822296143 -1.9054168462753296
v 4.832451343536377 -6.375522136688232 -1.8804128170013428
v 5.538763046264648 -5.7724609375 -1.8526818752288818
v 6.111910820007324 -5.1618194580078125 -1.8276786804199219
v 6.669010162353516 -4.418543338775635 -1.7999435663223267
v 7.094408988952637 -3.6971826553344727 -1.774941325187683
v 7.441547393798828 -2.9364445209503174 -1.7499762773513794
v 7.599667549133301 -2.498847007751465 -1.7360894680023193
v 7.732122421264648 -2.0528135299682617 -1.7222026586532593
v 7.90415620803833 -1.2343822717666626 -1.6972339153289795
v 7.975969314575195 -0.6190451979637146 -1.6787421703338623
v -8 0 2.089749574661255
v -7.986512184143066 -0.4638441205024719 2.1035993099212646
v -7.946163177490234 -0.9261289238929749 2.1174490451812744
v -7.785568714141846 -1.839805245399475 2.145148277282715
v -7.519988059997559 -2.7292919158935547 2.172865390777588
v -7.19350528717041 -3.5004918575286865 2.1978681087493896
v -6.739516258239746 -4.310242176055908 2.225586414337158
v -6.252040386199951 -4.991186141967773 2.250588893890381
v -5.951871871948242 -5.345521926879883 2.264448881149292
v -5.63166618347168 -5.68186616897583 2.278308868408203
v -5.006873607635498 -6.239483833312988 2.3033108711242676
v -4.25023078918457 -6.777522563934326 2.3310325145721436
v -3.518472671508789 -7.184725761413574 2.356034278869629
v -2.6622986793518066 -7.5439677238464355 2.3837573528289795
v -1.8591219186782837 -7.780976295471191 2.4087586402893066
v -1.404425859451294 -7.875718593597412 2.422621011734009
v -0.9449982047080994 -7.943945407867432 2.436483383178711
v -0.10942211002111435 -7.999246597290039 2.461484432220459
v 0.8182477355003357 -7.958000183105469 2.489210367202759
v 1.6456298828125 -7.828908920288086 2.5142109394073486
v 2.5417773723602295 -7.58542537689209 2.541938543319702
v 3.320765733718872 -7.278214931488037 2.566938877105713
v 3.7375969886779785 -7.073167324066162 2.580803155899048
v 4.141844272613525 -6.84429931640625 2.594667673110962
v 4.834596157073975 -6.373897552490234 2.6196675300598145
v 5.437564373016357 -5.867889881134033 2.64316725730896
v 5.987950325012207 -5.305134296417236 2.6666667461395264
v -8 0 1.7444502115249634
v -7.946167945861816 -0.9260483980178833 1.7721470594406128
v -7.785606861114502 -1.839648723602295 1.7998439073562622
v -7.520136833190918 -2.7288637161254883 1.8275524377822876
v -7.193668842315674 -3.5001609325408936 1.8525575399398804
v -6.978567123413086 -3.91140079498291 1.8664090633392334
v -6.739990234375 -4.309487819671631 1.8802604675292969
v -6.252531051635742 -4.99057674407959 1.9052660465240479
v -5.632754325866699 -5.680776596069336 1.9329636096954346
v -5.007976055145264 -6.238603591918945 1.9579694271087646
v -4.251986026763916 -6.776412010192871 1.9856711626052856
v -3.520210027694702 -7.183878421783447 2.0106770992279053
v -3.097634792327881 -7.375922679901123 2.0245306491851807
v -2.664626359939575 -7.5431365966796875 2.038384199142456
v -1.861376166343689 -7.780440330505371 2.063390016555786
v -0.947711706161499 -7.943613529205322 2.091102361679077
v -0.11199559271335602 -7.999213218688965 2.116107940673828
v 0.8153871893882751 -7.958285331726074 2.143825054168701
v 1.6429734230041504 -7.8294677734375 2.168830394744873
v 2.0945253372192383 -7.720923900604248 2.1826913356781006
v 2.539018154144287 -7.586339950561523 2.1965525150299072
v 3.3182647228240967 -7.279355525970459 2.221557140350342
v 4.139413356781006 -6.845760822296143 2.249283790588379
v 4.832451343536377 -6.375522136688232 2.274287700653076
v 5.538763046264648 -5.7724609375 2.302018642425537
v 6.111910820007324 -5.1618194580078125 2.327021837234497
v 6.401270389556885 -4.7982869148254395 2.3408894538879395
v 6.669010162353516 -4.418543338775635 2.3547568321228027
v 7.094408988952637 -3.6971826553344727 2.3797590732574463
v 7.441547393798828 -2.9364445209503174 2.40472412109375
v 7.732122421264648 -2.0528135299682617 2.43249773979187
v 7.90415620803833 -1.2343822717666626 2.4574666023254395
v 7.975969314575195 -0.6190451979637146 2.4759583473205566
v 8 -1.48640001267639e-14 2.494450330734253
v 8 0 2.839749574661255
v 6.562171936035156 -4.575761318206787 2.6943836212158203
v 6.8166093826293945 -4.187341690063477 2.708242177963257
v 7.048054218292236 -3.7847981452941895 2.7221007347106934
v 7.256088733673096 -3.368804454803467 2.7359824180603027
v 7.439619064331055 -2.9414350986480713 2.749863862991333
v 7.597817420959473 -2.5045907497406006 2.763730525970459
v 7.730391025543213 -2.0592968463897705 2.777597188949585
v 7.903293132781982 -1.2401108741760254 2.8025929927825928
v 7.975766181945801 -0.6219366788864136 2.821171283721924
v -8 0 0.5897496938705444
v -7.946167945861816 -0.9260483980178833 0.6174465417861938
v -7.785606861114502 -1.839648723602295 0.645143449306488
v -7.520136833190918 -2.7288637161254883 0.6728519201278687
v -7.193668842315674 -3.5001609325408936 0.6978570818901062
v -6.978567123413086 -3.91140079498291 0.7117084860801697
v -6.739990234375 -4.309487819671631 0.7255599498748779
v -6.252531051635742 -4.99057674407959 0.7505654692649841
v -5.632754325866699 -5.680776596069336 0.7782630324363708
v -5.007976055145264 -6.238603591918945 0.8032688498497009
v -4.251986026763916 -6.776412010192871 0.8309705853462219
v -3.520210027694702 -7.183878421783447 0.8559765219688416
v -3.097634792327881 -7.375922679901123 0.8698300719261169
v -2.664626359939575 -7.5431365966796875 0.8836836218833923
v -1.861376166343689 -7.780440330505371 0.9086894989013672
v -0.947711706161499 -7.943613529205322 0.9364017844200134
v -0.11199559271335602 -7.999213218688965 0.9614074230194092
v 0.8153871893882751 -7.958285331726074 0.9891246557235718
v 1.6429734230041504 -7.8294677734375 1.014129877090454
v 2.0945253372192383 -7.720923900604248 1.0279909372329712
v 2.539018154144287 -7.586339950561523 1.0418518781661987
v 3.3182647228240967 -7.279355525970459 1.0668566226959229
v 4.139413356781006 -6.845760822296143 1.0945831537246704
v 4.832451343536377 -6.375522136688232 1.1195871829986572
v 5.538763046264648 -5.7724609375 1.1473181247711182
v 6.111910820007324 -5.1618194580078125 1.1723213195800781
v 6.401270389556885 -4.7982869148254395 1.186188817024231
v 6.669010162353516 -4.418543338775635 1.2000564336776733
v 7.094408988952637 -3.6971826553344727 1.225058674812317
v 7.441547393798828 -2.9364445209503174 1.2500237226486206
v 7.732122421264648 -2.0528135299682617 1.2777973413467407
v 7.90415620803833 -1.2343822717666626 1.3027660846710205
v 7.975969314575195 -0.6190451979637146 1.3212578296661377
v 8 0 1.3397496938705444
v -8 0 0.24445022642612457
v -7.986512660980225 -0.46380364894866943 0.2582986652851105
v -7.946167945861816 -0.9260483980178833 0.2721470892429352
v -7.879140853881836 -1.3851810693740845 0.2859955430030823
v -7.785606861114502 -1.839648723602295 0.299843966960907
v -7.665767669677734 -2.288102626800537 0.3136982023715973
v -7.520136833190918 -2.7288637161254883 0.3275524377822876
v -7.193668842315674 -3.5001609325408936 0.35255759954452515
v -6.739990234375 -4.309487819671631 0.38026049733161926
v -6.252531051635742 -4.99057674407959 0.4052659869194031
v -5.632754325866699 -5.680776596069336 0.4329635500907898
v -5.007976055145264 -6.238603591918945 0.4579693675041199
v -4.637784957885742 -6.518472671508789 0.47182026505470276
v -4.251986026763916 -6.776412010192871 0.48567113280296326
v -3.520210027694702 -7.183878421783447 0.5106770396232605
v -2.664626359939575 -7.5431365966796875 0.538384199142456
v -1.861376166343689 -7.780440330505371 0.5633900165557861
v -0.947711706161499 -7.943613529205322 0.5911023020744324
v -0.11199559271335602 -7.999213218688965 0.6161079406738281
v 0.35228708386421204 -7.992218494415283 0.6299665570259094
v 0.8153871893882751 -7.958285331726074 0.6438251733779907
v 1.6429734230041504 -7.8294677734375 0.6688304543495178
v 2.539018154144287 -7.586339950561523 0.6965523958206177
v 3.3182647228240967 -7.279355525970459 0.7215571403503418
v 4.139413356781006 -6.845760822296143 0.7492836713790894
v 4.832451343536377 -6.375522136688232 0.774287760257721
v 5.194373607635498 -6.084263324737549 0.7881531715393066
v 5.538763046264648 -5.7724609375 0.8020185828208923
v 6.111910820007324 -5.1618194580078125 0.8270218372344971
v 6.401270389556885 -4.7982869148254395 0.8408893942832947
v 6.669010162353516 -4.418543338775635 0.8547569513320923
v 7.094408988952637 -3.6971826553344727 0.8797591328620911
v 7.441547393798828 -2.9364445209503174 0.9047242403030396
v 7.732122421264648 -2.0528135299682617 0.9324978590011597
v 7.90415620803833 -1.2343822717666626 0.9574666023254395
v 7.975969314575195 -0.6190451979637146 0.9759584069252014
v 8 0 0.9944502115249634
v -8 0 -0.9102503061294556
v -7.986512660980225 -0.46380364894866943 -0.8964018821716309
v -7.946167945861816 -0.9260483980178833 -0.8825534582138062
v -7.879140853881836 -1.3851810693740845 -0.8687050342559814
v -7.785606861114502 -1.839648723602295 -0.854856550693512
v -7.665767669677734 -2.288102626800537 -0.841002345085144
v -7.520136833190918 -2.7288637161254883 -0.8271480798721313
v -7.193668842315674 -3.5001609325408936 -0.8021429181098938
v -6.739990234375 -4.309487819671631 -0.7744400501251221
v -6.252531051635742 -4.99057674407959 -0.7494345307350159
v -5.632754325866699 -5.680776596069336 -0.7217369675636292
v -5.007976055145264 -6.238603591918945 -0.6967311501502991
v -4.637784957885742 -6.518472671508789 -0.6828802824020386
v -4.251986026763916 -6.776412010192871 -0.6690294146537781
v -3.520210027694702 -7.183878421783447 -0.6440234780311584
v -2.664626359939575 -7.5431365966796875 -0.6163163781166077
v -1.861376166343689 -7.780440330505371 -0.5913105010986328
v -0.947711706161499 -7.943613529205322 -0.5635982155799866
v -0.11199559271335602 -7.999213218688965 -0.5385925769805908
v 0.35228708386421204 -7.992218494415283 -0.5247339606285095
v 0.8153871893882751 -7.958285331726074 -0.5108753442764282
v 1.6429734230041504 -7.8294677734375 -0.4858700931072235
v 2.539018154144287 -7.586339950561523 -0.45814812183380127
v 3.3182647228240967 -7.279355525970459 -0.43314337730407715
v 4.139413356781006 -6.845760822296143 -0.405416876077652
v 4.832451343536377 -6.375522136688232 -0.3804127871990204
v 5.194373607635498 -6.084263324737549 -0.3665473759174347
v 5.538763046264648 -5.7724609375 -0.3526819348335266
v 6.111910820007324 -5.1618194580078125 -0.3276786804199219
v 6.401270389556885 -4.7982869148254395 -0.31381115317344666
v 6.669010162353516 -4.418543338775635 -0.29994359612464905
v 7.094408988952637 -3.6971826553344727 -0.2749413847923279
v 7.441547393798828 -2.9364445209503174 -0.24997630715370178
v 7.732122421264648 -2.0528135299682617 -0.22220268845558167
v 7.90415620803833 -1.2343822717666626 -0.19723394513130188
v 7.975969314575195 -0.6190451979637146 -0.17874212563037872
v 8 0 -0.16025030612945557
v -8 0 -1.2555497884750366
v -7.986512660980225 -0.46380364894866943 -1.241701364517212
v -7.946167945861816 -0.9260483980178833 -1.2278529405593872
v -7.785606861114502 -1.839648723602295 -1.2001560926437378
v -7.520136833190918 -2.7288637161254883 -1.1724475622177124
v -7.193668842315674 -3.5001609325408936 -1.1474424600601196
v -6.739990234375 -4.309487819671631 -1.1197395324707031
v -6.252531051635742 -4.99057674407959 -1.0947339534759521
v -5.952653408050537 -5.344661712646484 -1.0808851718902588
v -5.632754325866699 -5.680776596069336 -1.0670363903045654
v -5.007976055145264 -6.238603591918945 -1.0420305728912354
v -4.251986026763916 -6.776412010192871 -1.0143288373947144
v -3.520210027694702 -7.183878421783447 -0.9893229603767395
v -2.664626359939575 -7.5431365966796875 -0.961615800857544
v -1.861376166343689 -7.780440330505371 -0.9366099834442139
v -1.4069160223007202 -7.875290870666504 -0.9227538108825684
v -0.947711706161499 -7.943613529205322 -0.9088976979255676
v -0.11199559271335602 -7.999213218688965 -0.8838920593261719
v 0.8153871893882751 -7.958285331726074 -0.8561748266220093
v 1.6429734230041504 -7.8294677734375 -0.8311695456504822
v 2.539018154144287 -7.586339950561523 -0.8034476041793823
v 3.3182647228240967 -7.279355525970459 -0.7784428596496582
v 3.7351386547088623 -7.074495315551758 -0.7645795941352844
v 4.139413356781006 -6.845760822296143 -0.7507163286209106
v 4.832451343536377 -6.375522136688232 -0.725712239742279
v 5.538763046264648 -5.7724609375 -0.6979814171791077
v 6.111910820007324 -5.1618194580078125 -0.6729781627655029
v 6.669010162353516 -4.418543338775635 -0.6452430486679077
v 7.094408988952637 -3.6971826553344727 -0.6202408671379089
v 7.441547393798828 -2.9364445209503174 -0.5952757596969604
v 7.599667549133301 -2.498847007751465 -0.5813889503479004
v 7.732122421264648 -2.0528135299682617 -0.5675021409988403
v 7.90415620803833 -1.2343822717666626 -0.5425333976745605
v 7.975969314575195 -0.6190451979637146 -0.5240415930747986
v 8 1.2373471693050923e-14 -0.5055497884750366
v -8 0 3.244450330734253
v -7.986512184143066 -0.4638441205024719 3.2582998275756836
v -7.946163177490234 -0.9261289238929749 3.2721495628356934
v -7.785568714141846 -1.839805245399475 3.299848794937134
v -7.519988059997559 -2.7292919158935547 3.327565908432007
v -7.19350528717041 -3.5004918575286865 3.3525686264038086
v -6.739516258239746 -4.310242176055908 3.3802871704101562
v -6.252040386199951 -4.991186141967773 3.4052894115448
v -5.951871871948242 -5.345521926879883 3.419149398803711
v -5.63166618347168 -5.68186616897583 3.433009386062622
v -5.006873607635498 -6.239483833312988 3.4580116271972656
v -4.25023078918457 -6.777522563934326 3.4857330322265625
v -3.518472671508789 -7.184725761413574 3.510734796524048
v -2.6622986793518066 -7.5439677238464355 3.5384578704833984
v -1.8591219186782837 -7.780976295471191 3.5634591579437256
v -1.404425859451294 -7.875718593597412 3.5773215293884277
v -0.9449982047080994 -7.943945407867432 3.59118390083313
v -0.10942211002111435 -7.999246597290039 3.616184949874878
v 0.8182477355003357 -7.958000183105469 3.6439108848571777
v 1.6456298828125 -7.828908920288086 3.6689114570617676
v 2.5417773723602295 -7.58542537689209 3.696639060974121
v 3.320765733718872 -7.278214931488037 3.721639394760132
v 3.7375969886779785 -7.073167324066162 3.735503673553467
v 4.141844272613525 -6.84429931640625 3.749368190765381
v 4.834596157073975 -6.373897552490234 3.7743682861328125
v 5.437564373016357 -5.867889881134033 3.797867774963379
v 5.987950325012207 -5.305134296417236 3.8213672637939453
v 8 0 3.994450330734253
v 7.9461236000061035 -0.9267217516899109 3.96673321723938
v 7.785282611846924 -1.840961217880249 3.939016103744507
v 7.665132522583008 -2.2902865409851074 3.9251346588134766
v 7.519097328186035 -2.7318763732910156 3.911252975463867
v 7.347817897796631 -3.163759708404541 3.897386312484741
v 7.151755332946777 -3.584974527359009 3.8835196495056152
v 6.7379350662231445 -4.312788486480713 3.8585238456726074
v 6.382243633270264 -4.823548316955566 3.8399455547332764
v 8 0 4.339749813079834
v -8 0 3.589749574661255
v -7.986530780792236 -0.4628922641277313 3.6035714149475098
v -7.946313381195068 -0.9240885972976685 3.6173887252807617
v -7.786767482757568 -1.8348292112350464 3.6449954509735107
v -7.552880764007568 -2.6376559734344482 3.6699588298797607
v -7.2363362312316895 -3.4111194610595703 3.6949105262756348
v -6.792674541473389 -4.22515344619751 3.7225935459136963
v -6.5342841148376465 -4.61493444442749 3.73655104637146
v -6.254302024841309 -4.988430976867676 3.7504823207855225
v -5.700312614440918 -5.613802433013916 3.7754247188568115
v -5.08440637588501 -6.176538944244385 3.800330877304077
v -4.40682315826416 -6.676392078399658 3.825465440750122
v -3.6792914867401123 -7.103701114654541 3.850658655166626
v -2.836413621902466 -7.479828834533691 3.8782243728637695
v -2.395606279373169 -7.632383823394775 3.8921456336975098
v -1.9493762254714966 -7.7587056159973145 3.905985116958618
v -1.1313179731369019 -7.920201778411865 3.9308791160583496
v -0.6734921336174011 -7.972117900848389 3.9446306228637695
v -0.21311306953430176 -7.997293472290039 3.958390235900879
v 0.6292022466659546 -7.975013732910156 3.9835426807403564
v 1.4660495519638062 -7.86451530456543 4.008746147155762
v 2.2814505100250244 -7.66762638092041 4.0337910652160645
v 3.074066638946533 -7.385748863220215 4.058905601501465
v 3.827256202697754 -7.024847507476807 4.083845138549805
v 4.228148937225342 -6.790816783905029 4.097700595855713
v 4.6129655838012695 -6.535600662231445 4.111481666564941
v 4.985913276672363 -6.256229877471924 4.125387668609619
v 5.338685512542725 -5.958562850952148 4.139164447784424
v 5.987115383148193 -5.3064680099487305 4.166622638702393
v 6.562067985534668 -4.57588529586792 4.194375514984131
v 7.006768226623535 -3.8610074520111084 4.21951150894165
v 7.371524333953857 -3.1072916984558105 4.2445149421691895
v 7.540138244628906 -2.6715967655181885 4.258458614349365
v 7.683505535125732 -2.226562738418579 4.2724127769470215
v 7.874772071838379 -1.4109407663345337 4.297425746917725
v 7.968849182128906 -0.7067667841911316 4.31863260269165
v 8 0 5.494450092315674
v 7.955945014953613 -0.8399389982223511 5.469340801239014
v 7.822732925415039 -1.6750965118408203 5.444090843200684
v 7.71225118637085 -2.125169277191162 5.430258274078369
v 7.575587272644043 -2.5693697929382324 5.416387557983398
v 7.264064311981201 -3.35135817527771 5.391255855560303
v 6.83052396774292 -4.1647868156433105 5.363729476928711
v 6.304441452026367 -4.924787998199463 5.336134433746338
v 5.752862453460693 -5.5598320960998535 5.311026096343994
v 5.14134407043457 -6.12938928604126 5.286075592041016
v 4.468966484069824 -6.63481330871582 5.2609639167785645
v 3.7427194118499756 -7.070323944091797 5.23568058013916
v 2.984098434448242 -7.422521591186523 5.210705757141113
v 2.104505777359009 -7.718118190765381 5.183000564575195
v 1.1994410753250122 -7.90950345993042 5.155376434326172
v 0.2801685333251953 -7.994919300079346 5.127810955047607
v -0.1857934296131134 -7.997950077056885 5.113905906677246
v -0.6490169167518616 -7.974132537841797 5.100063800811768
v -1.4744694232940674 -7.863326549530029 5.075198650360107
v -1.928025722503662 -7.764062404632568 5.061342239379883
v -2.3787457942962646 -7.637661457061768 5.047373294830322
v -3.172650098800659 -7.343785285949707 5.022098064422607
v -3.9216647148132324 -6.9726881980896 4.997134685516357
v -4.319219589233398 -6.733417987823486 4.983284950256348
v -4.701001167297363 -6.472702980041504 4.969488620758057
v -5.070235729217529 -6.1881561279296875 4.955578327178955
v -5.419975280761719 -5.884747505187988 4.941760540008545
v -6.06132173538208 -5.221621513366699 4.914216041564941
v -6.624505519866943 -4.484317302703857 4.886514186859131
v -7.059348106384277 -3.7631888389587402 4.861372470855713
v -7.414330005645752 -3.005100965499878 4.836379051208496
v -7.575886249542236 -2.570815324783325 4.822549819946289
v -7.7118821144104 -2.1280484199523926 4.808726787567139
v -7.822311878204346 -1.6766064167022705 4.794856548309326
v -7.90643835067749 -1.219093918800354 4.780973434448242
v -7.976500034332275 -0.6114891171455383 4.762716770172119
v -8 0 4.744450092315674
v 8 0 5.839749813079834
v -8 0 5.089749813079834
v -7.956179141998291 -0.8369331955909729 5.11476993560791
v -7.8246073722839355 -1.6661885976791382 5.139837741851807
v -7.714743137359619 -2.116490364074707 5.153672218322754
v -7.578912734985352 -2.5600979328155518 5.1675190925598145
v -7.416653156280518 -2.998120069503784 5.181459903717041
v -7.229808807373047 -3.4248499870300293 5.195363998413086
v -6.787347793579102 -4.234812259674072 5.222923755645752
v -6.25171422958374 -4.991613864898682 5.250604629516602
v -5.692996978759766 -5.6208319664001465 5.275725364685059
v -5.073441982269287 -6.185515403747559 5.300753593444824
v -4.395248889923096 -6.684138774871826 5.3258819580078125
v -3.6668527126312256 -7.110151767730713 5.351077079772949
v -2.8214778900146484 -7.485476970672607 5.37869930267334
v -2.3799338340759277 -7.63732385635376 5.392634391784668
v -1.9324895143508911 -7.7629475593566895 5.406504154205322
v -1.025052547454834 -7.934396266937256 5.434080123901367
v -0.10473547875881195 -7.999334335327148 5.461624622344971
v 0.736570417881012 -7.966172218322754 5.486757755279541
v 1.566809892654419 -7.8451924324035645 5.511808395385742
v 2.379160165786743 -7.637628555297852 5.536840438842773
v 3.1704471111297607 -7.344766139984131 5.562030792236328
v 3.9186837673187256 -6.974394798278809 5.58696174621582
v 4.697226047515869 -6.475534915924072 5.614569187164307
v 5.414182662963867 -5.889838695526123 5.642210960388184
v 6.0554046630859375 -5.228150844573975 5.669722557067871
v 6.348848342895508 -4.86745023727417 5.683598518371582
v 6.6209845542907715 -4.49043083190918 5.697474002838135
v 7.0546698570251465 -3.772815465927124 5.722507953643799
v 7.409742832183838 -3.0150229930877686 5.747494220733643
v 7.685549259185791 -2.2197721004486084 5.7726240158081055
v 7.876051902770996 -1.4035050868988037 5.797650337219238
v 7.969062328338623 -0.7038520574569702 5.818719863891602
v 8 0 6.994450092315674
v 7.9561238288879395 -0.8377377390861511 6.969406604766846
v 7.824163913726807 -1.66831374168396 6.944297790527344
v 7.578198432922363 -2.561978578567505 6.916621208190918
v 7.415688514709473 -3.000345468521118 6.90266752243042
v 7.22867488861084 -3.427229404449463 6.888757228851318
v 6.786429405212402 -4.236384868621826 6.861221790313721
v 6.251128673553467 -4.992342472076416 6.8335676193237305
v 5.69188117980957 -5.621959686279297 6.808427810668945
v 5.0721306800842285 -6.186594009399414 6.783395767211914
v 4.3938469886779785 -6.685032367706299 6.758267879486084
v 3.6650800704956055 -7.111052513122559 6.733063220977783
v 2.8191168308258057 -7.486428737640381 6.705425262451172
v 2.377713203430176 -7.638079643249512 6.691495895385742
v 1.93022882938385 -7.763530254364014 6.677626132965088
v 1.4776949882507324 -7.862502098083496 6.66379976272583
v 1.023166537284851 -7.934513568878174 6.6500630378723145
v 0.10215885192155838 -7.999342918395996 6.622498035430908
v -0.7382821440696716 -7.9661407470703125 6.597391128540039
v -1.566856026649475 -7.8452301025390625 6.572390079498291
v -2.379465103149414 -7.637470245361328 6.547349452972412
v -3.1716349124908447 -7.344217777252197 6.522130012512207
v -3.9200713634490967 -6.973642349243164 6.497190952301025
v -4.698307037353516 -6.474765300750732 6.469590663909912
v -5.415307998657227 -5.888797760009766 6.441943168640137
v -6.05661678314209 -5.226760387420654 6.414422512054443
v -6.621781349182129 -4.489182949066162 6.38668155670166
v -7.055361270904541 -3.771444797515869 6.3616461753845215
v -7.410378456115723 -3.0136170387268066 6.3366594314575195
v -7.685800075531006 -2.2190892696380615 6.311553955078125
v -7.876129627227783 -1.4029122591018677 6.286531925201416
v -7.969048976898193 -0.703728199005127 6.265476703643799
v -8 0 6.244450092315674
v 8 0 7.339749813079834
v -8 0 6.589749813079834
v -7.9559712409973145 -0.8397103548049927 6.614851951599121
v -7.822941303253174 -1.6741275787353516 6.640079498291016
v -7.576033115386963 -2.5679996013641357 6.667769432067871
v -7.264704704284668 -3.3499515056610107 6.692897796630859
v -7.059191703796387 -3.7643539905548096 6.7067060470581055
v -6.831185817718506 -4.1638383865356445 6.720435619354248
v -6.5788254737854 -4.551885604858398 6.734250545501709
v -6.3053388595581055 -4.923662185668945 6.748022079467773
v -5.753409385681152 -5.559146404266357 6.7731475830078125
v -5.141141891479492 -6.129517555236816 6.798131465911865
v -4.468898773193359 -6.634918689727783 6.823239326477051
v -3.743224859237671 -7.070088863372803 6.848503112792969
v -2.984835624694824 -7.422191619873047 6.873470306396484
v -2.54850435256958 -7.582986354827881 6.887348651885986
v -2.1049041748046875 -7.717990875244141 6.901186466217041
v -1.653686761856079 -7.827228546142578 6.915043354034424
v -1.199835181236267 -7.909470081329346 6.928811550140381
v -0.2806853652000427 -7.994919300079346 6.956373691558838
v 0.18537166714668274 -7.997962951660156 6.97028112411499
v 0.6489699482917786 -7.9741339683532715 6.984134197235107
v 1.4749168157577515 -7.863241195678711 7.00901460647583
v 1.9284567832946777 -7.763942241668701 7.022871017456055
v 2.3792619705200195 -7.637463569641113 7.036843299865723
v 3.1733341217041016 -7.343461990356445 7.062124252319336
v 3.9222686290740967 -6.972383975982666 7.087085247039795
v 4.701025485992432 -6.472724914550781 7.114711284637451
v 5.419491767883301 -5.885129928588867 7.142421245574951
v 6.060893535614014 -5.222049236297607 7.169966220855713
v 6.624354839324951 -4.484704494476318 7.197673320770264
v 7.05884313583374 -3.76428484916687 7.22279167175293
v 7.413788795471191 -3.00622296333313 7.247783660888672
v 7.5756144523620605 -2.571307420730591 7.261633396148682
v 7.711904525756836 -2.1277620792388916 7.275481224060059
v 7.891836166381836 -1.3105980157852173 7.300461769104004
v 7.97284460067749 -0.6576629877090454 7.320101261138916
v 7.997838497161865 0.18595778942108154 -8
v 7.977485656738281 1.0278953313827515 -8
v 7.867271900177002 1.8718266487121582 -8
v 7.67155647277832 2.6910452842712402 -8
v 7.358474254608154 3.565992593765259 -8
v 7.164037704467773 3.9906115531921387 -8
v 6.946434020996094 4.402585983276367 -8
v 6.48492431640625 5.127285480499268 -8
v 5.9315185546875 5.821846008300781 -8
v 5.299247741699219 6.460905075073242 -8
v 4.605870723724365 7.024502277374268 -8
v 3.851836681365967 7.514423847198486 -8
v 3.0683751106262207 7.912223815917969 -8
v 2.2409510612487793 8.2303466796875 -8
v 1.406353235244751 8.455867767333984 -8
v 0.548015832901001 8.596118927001953 -8
v -0.4082002341747284 8.64920711517334 -8
v -1.2769659757614136 8.606610298156738 -8
v -2.2008073329925537 8.463313102722168 -8
v -3.1108431816101074 8.220817565917969 -8
v -3.9731016159057617 7.888849258422852 -8
v -4.805643081665039 7.463119983673096 -8
v -5.590509414672852 6.950977802276611 -8
v -6.272536754608154 6.398843288421631 -8
v -6.8838887214660645 5.7975921630859375 -8
v -7.190512657165527 5.412575721740723 -7.986942291259766
v -7.4756364822387695 5.011373996734619 -7.9738850593566895
v -7.978104114532471 4.165315628051758 -7.947770118713379
v -8.385126113891602 3.2693519592285156 -7.9216532707214355
v -8.666650772094727 2.426748514175415 -7.898078441619873
v -8.786407470703125 1.9490158557891846 -7.885012149810791
v -8.879837989807129 1.4654390811920166 -7.871945858001709
v -8.981096267700195 0.5828810334205627 -7.848372459411621
v -8.999532699584961 0.09044964611530304 -7.835299015045166
v -8.99095630645752 -0.4022572934627533 -7.822226047515869
v -8.907546997070312 -1.2865856885910034 -7.798655033111572
v -8.737582206726074 -2.1573128700256348 -7.775112628936768
v -8.44900894165039 -3.1006112098693848 -7.7489333152771
v -8.102538108825684 -3.9176998138427734 -7.725381374359131
v -7.875709533691406 -4.355709552764893 -7.7122955322265625
v -7.625265598297119 -4.7806596755981445 -7.699209690093994
v -7.117162704467773 -5.508688449859619 -7.675650596618652
v -6.471985340118408 -6.2540106773376465 -7.649488925933838
v -5.824162006378174 -6.861409664154053 -7.625923156738281
v -5.039154529571533 -7.456945896148682 -7.599772930145264
v -4.279602527618408 -7.917381286621094 -7.576202869415283
v -3.8399906158447266 -8.13963794708252 -7.56313419342041
v -3.388883113861084 -8.337536811828613 -7.550065994262695
v -2.55045223236084 -8.631059646606445 -7.526492595672607
v -1.5926791429519653 -8.857898712158203 -7.500370979309082
v -0.7116299867630005 -8.971820831298828 -7.4767961502075195
v 0.2724607288837433 -8.995820045471191 -7.450671672821045
v 0.7996478080749512 -8.964371681213379 -7.4366607666015625
v 1.3240816593170166 -8.902067184448242 -7.42264986038208
v 1.1769614219665527 -7.912949085235596 -6.845299243927002
v 0.3409346640110016 -7.992702484130859 -6.8703718185424805
v -0.5077950358390808 -7.983867645263672 -6.8957133293151855
v -1.341822624206543 -7.8866376876831055 -6.920781135559082
v -2.1626439094543457 -7.702146053314209 -6.945899486541748
v -2.6056768894195557 -7.563640594482422 -6.959752559661865
v -3.041167974472046 -7.399258136749268 -6.973644256591797
v -3.799379825592041 -7.040223121643066 -6.998692512512207
v -4.580028533935547 -6.55861234664917 -7.026084899902344
v -5.309998035430908 -5.983852386474609 -7.053822040557861
v -5.90428352355957 -5.39933443069458 -7.078707218170166
v -6.486431121826172 -4.682137489318848 -7.10628604888916
v -6.9458537101745605 -3.9682977199554443 -7.131628036499023
v -7.325842380523682 -3.2143943309783936 -7.156839847564697
v -7.646963119506836 -2.349703788757324 -7.18438196182251
v -7.867992877960205 -1.447611689567566 -7.212111949920654
v -7.967227935791016 -0.7239357233047485 -7.233917713165283
v -8 0 -7.255549907684326
v -7.986495018005371 0.46357864141464233 -7.2693915367126465
v -7.94602632522583 0.9266300201416016 -7.283265113830566
v -7.805453300476074 1.7535468339920044 -7.308306694030762
v -7.579252243041992 2.5609729290008545 -7.333337783813477
v -7.269963264465332 3.3389832973480225 -7.358335018157959
v -6.834716320037842 4.156408786773682 -7.385989665985107
v -6.579678535461426 4.549615383148193 -7.399977684020996
v -6.303459167480469 4.926046371459961 -7.413912296295166
v -5.758052825927734 5.554771900177002 -7.438760757446289
v -5.080102443695068 6.180068016052246 -7.466297149658203
v -4.711763858795166 6.464667320251465 -7.480189323425293
v -4.326786518096924 6.728205680847168 -7.494113922119141
v -3.595184803009033 7.1466169357299805 -7.519278049468994
v -2.747302770614624 7.513859272003174 -7.546867847442627
v -2.30796217918396 7.6600871086120605 -7.560686111450195
v -1.8606770038604736 7.780578136444092 -7.57451057434082
v -1.404990553855896 7.875387191772461 -7.588402271270752
v -0.9440372586250305 7.943770885467529 -7.602311134338379
v -0.10528167337179184 7.999339580535889 -7.627408027648926
v 0.7313621640205383 7.966874122619629 -7.652403354644775
v 1.5586682558059692 7.846736907958984 -7.677361965179443
v 2.457636833190918 7.61251163482666 -7.705099582672119
v 3.2446017265319824 7.3124308586120605 -7.730246543884277
v 4.062839031219482 6.891667366027832 -7.757722854614258
v 4.831079959869385 6.3765716552734375 -7.785336017608643
v 5.474155426025391 5.834315299987793 -7.8104472160339355
v 6.053065776824951 5.230808258056641 -7.835415840148926
v 6.569409370422363 4.564892768859863 -7.860570430755615
v 7.014423847198486 3.8467657566070557 -7.885795593261719
v 7.376739978790283 3.095008134841919 -7.910714149475098
v 7.686636447906494 2.2165439128875732 -7.938526630401611
v 7.891456604003906 1.3142099380493164 -7.966155052185059
v 7.964778423309326 0.7505491375923157 -7.983120441436768
v -6.8838887214660645 5.7975921630859375 -8
v -7.389569282531738 5.066129684448242 -8
v -7.815861225128174 4.295271396636963 -8
v -8.199055671691895 3.3901801109313965 -8
v -8.457029342651367 2.544296979904175 -8
v -8.64067268371582 1.591758131980896 -8
v -8.69266414642334 1.1087535619735718 -8
v -8.717702865600586 0.6243094205856323 -8
v -8.71584415435791 0.13830655813217163 -8
v -8.687163352966309 -0.34537190198898315 -8
v -8.549822807312012 -1.3003512620925903 -8
v -8.308356285095215 -2.229027271270752 -8
v -7.966882228851318 -3.1205286979675293 -8
v -7.5304484367370605 -3.964311122894287 -8
v -7.014815330505371 -4.737000465393066 -8
v -6.41771936416626 -5.450123310089111 -8
v -5.76711368560791 -6.073180198669434 -8
v -5.048272609710693 -6.626497268676758 -8
v -4.2787370681762695 -7.0951409339904785 -8
v -3.452157497406006 -7.4819440841674805 -8
v -2.571052312850952 -7.7791314125061035 -8
v -1.7347519397735596 -7.962972640991211 -8
v -0.8906673192977905 -8.057504653930664 -8
v 0.03870603069663048 -8.058930397033691 -8
v 0.6120753884315491 -8.006224632263184 -8
v 1.1769614219665527 -7.912949085235596 -8
v 1.3240816593170166 -8.902067184448242 -7.42264986038208
v -7.190512657165527 5.412575721740723 -7.986942291259766
v -7.4756364822387695 5.011373996734619 -7.9738850593566895
v -7.978104114532471 4.165315628051758 -7.947770118713379
v -8.385126113891602 3.2693519592285156 -7.9216532707214355
v -8.666650772094727 2.426748514175415 -7.898078441619873
v -8.786407470703125 1.9490158557891846 -7.885012149810791
v -8.879837989807129 1.4654390811920166 -7.871945858001709
v -8.981096267700195 0.5828810334205627 -7.848372459411621
v -8.999532699584961 0.09044964611530304 -7.835299015045166
v -8.99095630645752 -0.4022572934627533 -7.822226047515869
v -8.907546997070312 -1.2865856885910034 -7.798655033111572
v -8.737582206726074 -2.1573128700256348 -7.775112628936768
v -8.44900894165039 -3.1006112098693848 -7.7489333152771
v -8.102538108825684 -3.9176998138427734 -7.725381374359131
v -7.875709533691406 -4.355709552764893 -7.7122955322265625
v -7.625265598297119 -4.7806596755981445 -7.699209690093994
v -7.117162704467773 -5.508688449859619 -7.675650596618652
v -6.471985340118408 -6.2540106773376465 -7.649488925933838
v -5.824162006378174 -6.861409664154053 -7.625923156738281
v -5.039154529571533 -7.456945896148682 -7.599772930145264
v -4.279602527618408 -7.917381286621094 -7.576202869415283
v -3.8399906158447266 -8.13963794708252 -7.56313419342041
v -3.388883113861084 -8.337536811828613 -7.550065994262695
v -2.55045223236084 -8.631059646606445 -7.526492595672607
v -1.5926791429519653 -8.857898712158203 -7.500370979309082
v -0.7116299867630005 -8.971820831298828 -7.4767961502075195
v 0.2724607288837433 -8.995820045471191 -7.450671672821045
v 0.7996478080749512 -8.964371681213379 -7.4366607666015625
v -8 0 -2.755549669265747
v -7.946167945861816 -0.9260483980178833 -2.7278528213500977
v -7.785606861114502 -1.839648723602295 -2.7001559734344482
v -7.520136833190918 -2.7288637161254883 -2.672447681427002
v -7.193668842315674 -3.5001609325408936 -2.64744234085083
v -6.978567123413086 -3.91140079498291 -2.6335909366607666
v -6.739990234375 -4.309487819671631 -2.619739532470703
v -6.252531051635742 -4.99057674407959 -2.594733953475952
v -5.632754325866699 -5.680776596069336 -2.5670363903045654
v -5.007976055145264 -6.238603591918945 -2.5420305728912354
v -4.251986026763916 -6.776412010192871 -2.514328956604004
v -3.520210027694702 -7.183878421783447 -2.4893229007720947
v -3.097634792327881 -7.375922679901123 -2.4754693508148193
v -2.664626359939575 -7.5431365966796875 -2.461615800857544
v -1.861376166343689 -7.780440330505371 -2.436609983444214
v -1.4069160223007202 -7.875290870666504 -2.4227538108825684
v -0.947711706161499 -7.943613529205322 -2.408897638320923
v -0.11199559271335602 -7.999213218688965 -2.383892059326172
v 0.8153871893882751 -7.958285331726074 -2.356174945831299
v 1.6429734230041504 -7.8294677734375 -2.331169605255127
v 2.539018154144287 -7.586339950561523 -2.3034474849700928
v 3.3182647228240967 -7.279355525970459 -2.278442859649658
v 3.7351386547088623 -7.074495315551758 -2.2645795345306396
v 4.139413356781006 -6.845760822296143 -2.250716209411621
v 4.832451343536377 -6.375522136688232 -2.225712299346924
v 5.538763046264648 -5.7724609375 -2.197981357574463
v 6.111910820007324 -5.1618194580078125 -2.172978162765503
v 6.669010162353516 -4.418543338775635 -2.1452431678771973
v 7.094408988952637 -3.6971826553344727 -2.1202409267425537
v 7.441547393798828 -2.9364445209503174 -2.09527587890625
v 7.599667549133301 -2.498847007751465 -2.0813889503479004
v 7.732122421264648 -2.0528135299682617 -2.06750226020813
v 7.90415620803833 -1.2343822717666626 -2.0425333976745605
v 7.975969314575195 -0.6190451979637146 -2.0240416526794434
v 8 0 -2.005549669265747
v -7.95585298538208 0.8397606611251831 -2.7806546688079834
v -7.821996212005615 1.6783168315887451 -2.8060081005096436
v -7.60309362411499 2.4879276752471924 -2.831045150756836
v -7.299764156341553 3.273131847381592 -2.85617733001709
v -6.872929096221924 4.093509674072266 -2.8837947845458984
v -6.622749328613281 4.486889839172363 -2.8977086544036865
v -6.351746559143066 4.863408088684082 -2.911552667617798
v -5.747420787811279 5.565593242645264 -2.9392130374908447
v -5.41700553894043 5.887571334838867 -2.952981948852539
v -5.06851863861084 6.189640045166016 -2.966745376586914
v -4.699909687042236 6.473469257354736 -2.9806299209594727
v -4.314765930175781 6.73610258102417 -2.9945430755615234
v -3.5831236839294434 7.15263032913208 -3.0196800231933594
v -2.732292890548706 7.519186973571777 -3.047342538833618
v -1.8436201810836792 7.784679412841797 -3.0750343799591064
v -0.9282763600349426 7.945687770843506 -3.102785348892212
v -0.08995506912469864 7.999475002288818 -3.1278653144836426
v 0.7477622032165527 7.965330600738525 -3.1528944969177246
v 1.5752640962600708 7.843503952026367 -3.1778664588928223
v 2.0274159908294678 7.738520622253418 -3.1917202472686768
v 2.4745116233825684 7.607067584991455 -3.2056286334991455
v 3.261388063430786 7.304870128631592 -3.230795383453369
v 4.080500602722168 6.881124973297119 -3.2583372592926025
v 4.846977710723877 6.364418029785156 -3.2859339714050293
v 5.4876532554626465 5.8218159675598145 -3.3109958171844482
v 6.063925743103027 5.21846866607666 -3.3359060287475586
v 6.577854633331299 4.552477836608887 -3.361018657684326
v 7.022586822509766 3.8315794467926025 -3.3863086700439453
v 7.384520053863525 3.0767574310302734 -3.411306381225586
v 7.691300392150879 2.200089454650879 -3.439037561416626
v 7.806427001953125 1.7492755651474 -3.452923536300659
v 7.894557952880859 1.2953187227249146 -3.4667258262634277
v 7.9738054275512695 0.6476686000823975 -3.4862022399902344
v 8 0 -3.505549669265747
v -8 0 -4.255549907684326
v -7.946167945861816 -0.9260483980178833 -4.227852821350098
v -7.785606861114502 -1.839648723602295 -4.200156211853027
v -7.665767669677734 -2.288102626800537 -4.1863017082214355
v -7.520136833190918 -2.7288637161254883 -4.172447681427002
v -7.193668842315674 -3.5001609325408936 -4.14744234085083
v -6.739990234375 -4.309487819671631 -4.119739532470703
v -6.252531051635742 -4.99057674407959 -4.094734191894531
v -5.632754325866699 -5.680776596069336 -4.0670366287231445
v -5.007976055145264 -6.238603591918945 -4.0420308113098145
v -4.637784957885742 -6.518472671508789 -4.02817964553833
v -4.251986026763916 -6.776412010192871 -4.014328956604004
v -3.520210027694702 -7.183878421783447 -3.9893229007720947
v -3.097634792327881 -7.375922679901123 -3.9754693508148193
v -2.664626359939575 -7.5431365966796875 -3.961615800857544
v -1.861376166343689 -7.780440330505371 -3.936609983444214
v -0.947711706161499 -7.943613529205322 -3.908897638320923
v -0.11199559271335602 -7.999213218688965 -3.883892059326172
v 0.8153871893882751 -7.958285331726074 -3.856174945831299
v 1.6429734230041504 -7.8294677734375 -3.831169605255127
v 2.0945253372192383 -7.720923900604248 -3.8173086643218994
v 2.539018154144287 -7.586339950561523 -3.8034474849700928
v 3.3182647228240967 -7.279355525970459 -3.778442859649658
v 4.139413356781006 -6.845760822296143 -3.750716209411621
v 4.832451343536377 -6.375522136688232 -3.725712299346924
v 5.538763046264648 -5.7724609375 -3.697981357574463
v 6.111910820007324 -5.1618194580078125 -3.672978162765503
v 6.401270389556885 -4.7982869148254395 -3.6591105461120605
v 6.669010162353516 -4.418543338775635 -3.6452431678771973
v 7.094408988952637 -3.6971826553344727 -3.6202409267425537
v 7.441547393798828 -2.9364445209503174 -3.59527587890625
v 7.732122421264648 -2.0528135299682617 -3.56750226020813
v 7.90415620803833 -1.2343822717666626 -3.5425333976745605
v 7.975969314575195 -0.6190451979637146 -3.5240416526794434
v -7.94596529006958 0.9272838830947876 -4.283284664154053
v -7.805034160614014 1.7554036378860474 -4.308363437652588
v -7.578583717346191 2.5628554821014404 -4.333397388458252
v -7.268970966339111 3.341157913208008 -4.358406066894531
v -7.063308238983154 3.755530834197998 -4.372215747833252
v -6.833751678466797 4.157958030700684 -4.386044502258301
v -6.578619003295898 4.551060676574707 -4.400031566619873
v -6.302389621734619 4.927358627319336 -4.4139628410339355
v -5.756058692932129 5.556987285614014 -4.438848972320557
v -5.078187942504883 6.181705951690674 -4.466372013092041
v -4.709704875946045 6.466100692749023 -4.480263710021973
v -4.324145317077637 6.729766845703125 -4.494204521179199
v -3.5911524295806885 7.148591995239258 -4.519411563873291
v -3.172475814819336 7.344352722167969 -4.533207893371582
v -2.7445900440216064 7.51479959487915 -4.54695463180542
v -1.8589013814926147 7.781035423278809 -4.574565410614014
v -1.0344114303588867 7.932704925537109 -4.599593162536621
v -0.19780533015727997 7.997528553009033 -4.624646186828613
v 0.6417797207832336 7.9744038581848145 -4.649720668792725
v 1.4734299182891846 7.863243579864502 -4.674771308898926
v 2.2889184951782227 7.665257453918457 -4.699822902679443
v 3.0828299522399902 7.382075309753418 -4.724987983703613
v 3.8339827060699463 7.021100044250488 -4.749876976013184
v 4.619174957275391 6.531128406524658 -4.777511119842529
v 5.346468925476074 5.952078342437744 -4.805264949798584
v 5.933037757873535 5.367438316345215 -4.829989433288574
v 6.233126163482666 5.014716625213623 -4.843809604644775
v 6.515036582946777 4.641740322113037 -4.857760429382324
v 6.970724582672119 3.9248275756835938 -4.88312292098999
v 7.343821048736572 3.1729013919830322 -4.908190727233887
v 7.661317825317383 2.302281141281128 -4.9358601570129395
v 7.8767924308776855 1.399185061454773 -4.963581085205078
v 7.96940279006958 0.6997649669647217 -4.984642028808594
v 8 0 -5.005549907684326
v -8 0 -5.755549907684326
v -7.986512660980225 -0.46380364894866943 -5.741701126098633
v -7.946167945861816 -0.9260483980178833 -5.727852821350098
v -7.879140853881836 -1.3851810693740845 -5.7140045166015625
v -7.785606861114502 -1.839648723602295 -5.700156211853027
v -7.520136833190918 -2.7288637161254883 -5.672447681427002
v -7.193668842315674 -3.5001609325408936 -5.64744234085083
v -6.739990234375 -4.309487819671631 -5.619739532470703
v -6.252531051635742 -4.99057674407959 -5.594734191894531
v -5.952653408050537 -5.344661712646484 -5.580885410308838
v -5.632754325866699 -5.680776596069336 -5.5670366287231445
v -5.007976055145264 -6.238603591918945 -5.5420308113098145
v -4.251986026763916 -6.776412010192871 -5.514328956604004
v -3.520210027694702 -7.183878421783447 -5.489323139190674
v -2.664626359939575 -7.5431365966796875 -5.461616039276123
v -1.861376166343689 -7.780440330505371 -5.436609745025635
v -1.4069160223007202 -7.875290870666504 -5.422753810882568
v -0.947711706161499 -7.943613529205322 -5.408897876739502
v -0.11199559271335602 -7.999213218688965 -5.383892059326172
v 0.35228708386421204 -7.992218494415283 -5.370033264160156
v 0.8153871893882751 -7.958285331726074 -5.356174945831299
v 1.6429734230041504 -7.8294677734375 -5.331169605255127
v 2.539018154144287 -7.586339950561523 -5.303447723388672
v 3.3182647228240967 -7.279355525970459 -5.278442859649658
v 4.139413356781006 -6.845760822296143 -5.250716209411621
v 4.832451343536377 -6.375522136688232 -5.225712299346924
v 5.194373607635498 -6.084263324737549 -5.211846828460693
v 5.538763046264648 -5.7724609375 -5.197981357574463
v 6.111910820007324 -5.1618194580078125 -5.172977924346924
v 6.669010162353516 -4.418543338775635 -5.145243167877197
v 7.094408988952637 -3.6971826553344727 -5.120240688323975
v 7.441547393798828 -2.9364445209503174 -5.09527587890625
v 7.599667549133301 -2.498847007751465 -5.0813889503479
v 7.732122421264648 -2.0528135299682617 -5.067502021789551
v 7.90415620803833 -1.2343822717666626 -5.0425333976745605
v 7.975969314575195 -0.6190451979637146 -5.024041652679443
v -7.946362018585205 0.9231343865394592 -5.78316068649292
v -7.78715705871582 1.8332518339157104 -5.810746669769287
v -7.553260326385498 2.6371095180511475 -5.8357391357421875
v -7.2369561195373535 3.4098246097564697 -5.860667705535889
v -6.792914867401123 4.224311828613281 -5.888368606567383
v -6.311116695404053 4.916186332702637 -5.913539886474609
v -5.765403747558594 5.5471601486206055 -5.938445568084717
v -5.086860656738281 6.174543380737305 -5.966036796569824
v -4.7179460525512695 6.460254192352295 -5.979960918426514
v -4.331216812133789 6.725521564483643 -5.993956565856934
v -3.599189043045044 7.144608020782471 -6.019143581390381
v -2.754699230194092 7.510499477386475 -6.046628952026367
v -2.313049793243408 7.658030986785889 -6.060525417327881
v -1.8660204410552979 7.779304504394531 -6.074347019195557
v -1.0452723503112793 7.931885242462158 -6.099269390106201
v -0.12290063500404358 7.999081134796143 -6.126882076263428
v 0.7207532525062561 7.967304229736328 -6.152085304260254
v 1.5554988384246826 7.847322463989258 -6.177265644073486
v 2.368191957473755 7.641313076019287 -6.202294826507568
v 3.1575300693511963 7.350541591644287 -6.2274088859558105
v 3.5773444175720215 7.155489444732666 -6.241228103637695
v 3.984370231628418 6.936626434326172 -6.255023956298828
v 4.381531715393066 6.6926469802856445 -6.2689361572265625
v 4.761525630950928 6.428229808807373 -6.282751560211182
v 5.473520755767822 5.83546257019043 -6.310412883758545
v 6.105932235717773 5.169271945953369 -6.3378376960754395
v 6.396541118621826 4.8042497634887695 -6.351759910583496
v 6.6672797203063965 4.420687675476074 -6.365769386291504
v 7.09651517868042 3.693162202835083 -6.390992164611816
v 7.442512512207031 2.933232545852661 -6.415925979614258
v 7.600888729095459 2.49399995803833 -6.429861068725586
v 7.733482837677002 2.0470335483551025 -6.443774700164795
v 7.83950138092041 1.594878077507019 -6.457635879516602
v 7.9185614585876465 1.1396846771240234 -6.471425533294678
v 7.979733467102051 0.5701044797897339 -6.488523483276367
v 8 0 -6.505549907684326
v 1.1769614219665527 -7.912949085235596 -6.845299243927002
v 2.0853538513183594 -7.723390102386475 -6.817592144012451
v 2.52978777885437 -7.589468955993652 -6.803738594055176
v 2.9656944274902344 -7.429974555969238 -6.7898850440979
v 3.392141342163086 -7.245193004608154 -6.7760138511657715
v 3.807156562805176 -7.035991191864014 -6.762142658233643
v 4.521468162536621 -6.599699974060059 -6.73715353012085
v 5.256572246551514 -6.030606746673584 -6.709395885467529
v 5.8576273918151855 -5.448648929595947 -6.684417724609375
v 6.164433002471924 -5.098944187164307 -6.670533180236816
v 6.450417995452881 -4.732019901275635 -6.656648635864258
v 6.955438137054443 -3.952380657196045 -6.628912925720215
v 7.3305134773254395 -3.2036800384521484 -6.603911876678467
v 7.504001617431641 -2.7730162143707275 -6.590054512023926
v 7.652221202850342 -2.3330111503601074 -6.576197624206543
v 7.854205131530762 -1.5203410387039185 -6.551196575164795
v 7.963432788848877 -0.7636560797691345 -6.5283732414245605
v 1.3240816593170166 -8.902067184448242 -7.42264986038208
v 2.2878289222717285 -8.704289436340332 -7.396539688110352
v 2.7601711750030518 -8.566250801086426 -7.383484840393066
v 3.2242629528045654 -8.402624130249023 -7.370429992675781
v 3.6789772510528564 -8.213687896728516 -7.357366561889648
v 4.122677803039551 -8.000147819519043 -7.344303131103516
v 4.891376495361328 -7.554742336273193 -7.320727825164795
v 5.611252307891846 -7.0365519523620605 -7.297190189361572
v 6.347661018371582 -6.380168914794922 -7.271009922027588
v 6.945310592651367 -5.72382926940918 -7.247453689575195
v 7.529642105102539 -4.929861068725586 -7.2212910652160645
v 7.978925704956055 -4.163725852966309 -7.197722434997559
v 8.194757461547852 -3.720888376235962 -7.184653282165527
v 8.386067390441895 -3.266911745071411 -7.171583652496338
v 8.667366981506348 -2.4242022037506104 -7.148008346557617
v 8.88012981414795 -1.4635920524597168 -7.121896266937256
v 8.98122501373291 -0.5808965563774109 -7.0983195304870605
v 8.990866661071777 0.40406137704849243 -7.072178363800049
v 8.892611503601074 1.386054277420044 -7.045987129211426
v 8.712957382202148 2.2546815872192383 -7.022448539733887
v 8.576275825500488 2.728788375854492 -7.0093584060668945
v 8.413867950439453 3.194709062576294 -6.9962687492370605
v 8.058231353759766 4.008050918579102 -6.97271203994751
v 7.5715155601501465 4.8653035163879395 -6.946550369262695
v 7.055133819580078 5.587930202484131 -6.922981262207031
v 6.402274131774902 6.325323581695557 -6.896843433380127
v 5.74748420715332 6.925779819488525 -6.873267650604248
v 5.36029052734375 7.229569911956787 -6.860211372375488
v 4.957064628601074 7.511745452880859 -6.84715461730957
v 4.192291736602783 7.963951587677002 -6.823577880859375
v 3.750187397003174 8.181432723999023 -6.810506820678711
v 3.296823501586914 8.374360084533691 -6.797435760498047
v 2.3601086139678955 8.685019493103027 -6.771245002746582
v 1.4936861991882324 8.875141143798828 -6.747705459594727
v 0.5134137868881226 8.985306739807129 -6.721526145935059
v -0.3742729127407074 8.992191314697266 -6.69796895980835
v -0.8661602139472961 8.958159446716309 -6.6848883628845215
v -1.355454683303833 8.897289276123047 -6.671808242797852
v -2.225841760635376 8.720407485961914 -6.648238658905029
v -2.6996145248413086 8.58552074432373 -6.635169982910156
v -3.1653130054473877 8.424941062927246 -6.622101783752441
v -3.9805712699890137 8.071867942810059 -6.5985260009765625
v -4.837926864624023 7.589023590087891 -6.572412014007568
v -5.562650203704834 7.075078964233398 -6.548835277557373
v -6.3025221824646 6.424731731414795 -6.5226922035217285
v -6.645287990570068 6.069518089294434 -6.509596824645996
v -6.968095302581787 5.696078777313232 -6.496501445770264
v -7.494968891143799 4.982437610626221 -6.47296142578125
v -7.756730556488037 4.564201354980469 -6.459872245788574
v -7.995225429534912 4.132274627685547 -6.446783065795898
v -8.363445281982422 3.3245110511779785 -6.423225402832031
v -8.676825523376465 2.3899176120758057 -6.397064685821533
v -8.870189666748047 1.52303147315979 -6.373495101928711
v -8.98343276977539 0.5447592735290527 -6.3473591804504395
v -8.993437767028809 -0.3436180353164673 -6.323782920837402
v -8.961173057556152 -0.8347445726394653 -6.310725688934326
v -8.902105331420898 -1.323379635810852 -6.29766845703125
v -8.728300094604492 -2.194672107696533 -6.274091720581055
v -8.436110496520996 -3.1354424953460693 -6.247947692871094
v -8.04213809967041 -4.040256023406982 -6.221757411956787
v -7.6053080558776855 -4.812332630157471 -6.198216438293457
v -7.032986164093018 -5.615728855133057 -6.172038555145264
v -6.445526599884033 -6.281304836273193 -6.148480415344238
v -6.091853141784668 -6.624816417694092 -6.135400295257568
v -5.71992826461792 -6.948483467102051 -6.122320652008057
v -5.007195472717285 -7.4784955978393555 -6.098750591278076
v -4.160126209259033 -7.980737686157227 -6.072615623474121
v -3.3530168533325195 -8.352082252502441 -6.049039363861084
v -2.4211132526397705 -8.668161392211914 -6.022923469543457
v -1.5546674728393555 -8.864694595336914 -5.999346733093262
v -1.0671778917312622 -8.936492919921875 -5.986274719238281
v -0.576479971408844 -8.981461524963379 -5.973202228546143
v -0.08319803327322006 -8.999553680419922 -5.96010684967041
v 0.410331130027771 -8.990621566772461 -5.947011947631836
v 1.2934478521347046 -8.906529426574707 -5.923470973968506
v 2.2603609561920166 -8.711490631103516 -5.8972930908203125
v 3.1076362133026123 -8.446432113647461 -5.873734474182129
v 4.012653827667236 -8.05590534210205 -5.8475751876831055
v 4.78721284866333 -7.621187686920166 -5.824005126953125
v 5.196953296661377 -7.347842216491699 -5.810937881469727
v 5.5911478996276855 -7.052509307861328 -5.797871112823486
v 6.259298324584961 -6.4669294357299805 -5.774294853210449
v 6.9278883934021 -5.744839668273926 -5.748178005218506
v 7.460600852966309 -5.033808708190918 -5.7246012687683105
v 7.966053485870361 -4.188194274902344 -5.698455810546875
v 8.376742362976074 -3.2908689975738525 -5.672266006469727
v 8.660017967224121 -2.450176239013672 -5.64872407913208
v 8.781246185302734 -1.9719325304031372 -5.6356353759765625
v 8.876136779785156 -1.4877748489379883 -5.622546672821045
v 8.979551315307617 -0.6060335040092468 -5.598987579345703
v 8.991937637329102 0.37954407930374146 -5.572829246520996
v 8.910784721374512 1.2640517950057983 -5.549258708953857
v 8.719295501708984 2.2299561500549316 -5.523125648498535
v 8.457006454467773 3.0788025856018066 -5.499549388885498
v 8.070232391357422 3.9837372303009033 -5.47343111038208
v 7.638172626495361 4.7600531578063965 -5.449854850769043
v 7.366192817687988 5.170976638793945 -5.436781883239746
v 7.072089672088623 5.566375255584717 -5.423708438873291
v 6.756275653839111 5.945723056793213 -5.410613536834717
v 6.420176029205322 6.307215213775635 -5.397519111633301
v 5.768002986907959 6.90864896774292 -5.373976230621338
v 4.977347373962402 7.498352527618408 -5.347799777984619
v 4.214365005493164 7.952280521392822 -5.324240207672119
v 3.772580623626709 8.1710786819458 -5.311161518096924
v 3.319493532180786 8.365401268005371 -5.29808235168457
v 2.4787416458129883 8.651922225952148 -5.274511814117432
v 2.0017290115356445 8.774520874023438 -5.26144552230835
v 1.5187232494354248 8.870867729187012 -5.248379230499268
v 0.6366903781890869 8.977450370788574 -5.2248029708862305
v -0.3473450243473053 8.993228912353516 -5.198684215545654
v -1.2323590517044067 8.915215492248535 -5.175107955932617
v -2.199446678161621 8.727051734924316 -5.148960590362549
v -2.674586772918701 8.593338012695312 -5.135865688323975
v -3.1416940689086914 8.433823585510254 -5.122771263122559
v -3.9567859172821045 8.083510398864746 -5.099228382110596
v -4.393774509429932 7.854523658752441 -5.086140155792236
v -4.817586898803711 7.601981163024902 -5.073051929473877
v -5.543158531188965 7.090348243713379 -5.049491882324219
v -6.285205364227295 6.44167423248291 -5.023334980010986
v -6.889615535736084 5.790779113769531 -4.9997639656066895
v -7.480919361114502 5.003464221954346 -4.973632335662842
v -7.937852382659912 4.241519451141357 -4.950056076049805
v -8.157867431640625 3.8011410236358643 -4.936995983123779
v -8.353470802307129 3.349381923675537 -4.923935890197754
v -8.643054008483887 2.5094590187072754 -4.900360107421875
v -8.865528106689453 1.5496526956558228 -4.87421178817749
v -8.981926918029785 0.569733738899231 -4.848022937774658
v -8.994363784790039 -0.31738534569740295 -4.824479103088379
v -8.905618667602539 -1.2996963262557983 -4.798303604125977
v -8.73425006866455 -2.1708364486694336 -4.77474308013916
v -8.602245330810547 -2.645803928375244 -4.761664867401123
v -8.444473266601562 -3.112849235534668 -4.748586654663086
v -8.096545219421387 -3.9301249980926514 -4.725015640258789
v -7.618727684020996 -4.791012763977051 -4.698884963989258
v -7.109274864196777 -5.518893718719482 -4.6753082275390625
v -6.46407413482666 -6.2621541023254395 -4.6491875648498535
v -5.815191745758057 -6.869009971618652 -4.625611305236816
v -5.11090612411499 -7.407954692840576 -4.602077484130859
v -4.697183132171631 -7.676931858062744 -4.588986396789551
v -4.26936674118042 -7.922873497009277 -4.575894832611084
v -3.4682135581970215 -8.304877281188965 -4.552341461181641
v -2.538956642150879 -8.634395599365234 -4.526175498962402
v -1.6756312847137451 -8.842628479003906 -4.502608299255371
v -0.6991724371910095 -8.972737312316895 -4.476465225219727
v 0.18885503709316254 -8.998018264770508 -4.452889919281006
v 0.6804526448249817 -8.974202156066895 -4.439833164215088
v 1.1700210571289062 -8.923556327819824 -4.426775932312012
v 2.0441906452178955 -8.764768600463867 -4.403198719024658
v 2.520663261413574 -8.639787673950195 -4.390130519866943
v 2.9895808696746826 -8.488893508911133 -4.3770623207092285
v 3.811908006668091 -8.152848243713379 -4.353488922119141
v 4.596137523651123 -7.737884044647217 -4.329944133758545
v 5.415230751037598 -7.188498497009277 -4.303769111633301
v 6.097193717956543 -6.619962692260742 -4.280208110809326
v 6.450469017028809 -6.276174068450928 -4.2671308517456055
v 6.784427165985107 -5.913586139678955 -4.254053115844727
v 7.334371089935303 -5.216027736663818 -4.230481147766113
v 7.608651638031006 -4.807034969329834 -4.217416763305664
v 7.860174655914307 -4.383658409118652 -4.204352855682373
v 8.254154205322266 -3.587327480316162 -4.1807756423950195
v 8.596478462219238 -2.66446852684021 -4.154653072357178
v 8.81734561920166 -1.8039301633834839 -4.131077289581299
v 8.952051162719727 -0.9273342490196228 -4.107542037963867
v 8.989400863647461 -0.4352918863296509 -4.094450950622559
v 8.999778747558594 0.05805564299225807 -4.081360340118408
v 8.950299263000488 0.9442775249481201 -4.057806015014648
v 8.88510513305664 1.4330861568450928 -4.0447235107421875
v 8.793285369873047 1.9176018238067627 -4.031641006469727
v 8.561517715454102 2.7749335765838623 -4.008073329925537
v 8.206932067871094 3.69392991065979 -3.981931447982788
v 7.8028154373168945 4.4850945472717285 -3.9583563804626465
v 7.266535758972168 5.310014724731445 -3.932244062423706
v 6.707609176635742 6.000654220581055 -3.9086670875549316
v 6.369225978851318 6.358667850494385 -3.8955979347229004
v 6.011733531951904 6.697610378265381 -3.8825290203094482
v 5.322199821472168 7.257668495178223 -3.8589558601379395
v 4.581677436828613 7.746456146240234 -3.8354098796844482
v 3.7065653800964355 8.201254844665527 -3.8092360496520996
v 2.880422353744507 8.526597023010254 -3.7856740951538086
v 1.930906057357788 8.790366172790527 -3.7595205307006836
v 1.0549639463424683 8.937952995300293 -3.735948324203491
v 0.5645436644554138 8.982231140136719 -3.7228848934173584
v 0.07242988795042038 8.999642372131348 -3.7098214626312256
v -0.8152788877487183 8.962995529174805 -3.686244487762451
v -1.7892510890960693 8.820284843444824 -3.6601200103759766
v -2.6501717567443848 8.600948333740234 -3.6365442276000977
v -3.483872890472412 8.29830265045166 -3.6130077838897705
v -4.371184349060059 7.867154598236084 -3.586826801300049
v -5.124897480010986 7.398307800292969 -3.5632715225219727
v -5.522387981414795 7.106481075286865 -3.550189733505249
v -5.903332233428955 6.79335880279541 -3.5371077060699463
v -6.544183254241943 6.17847204208374 -3.5135395526885986
v -7.180116653442383 5.426303863525391 -3.4873993396759033
v -7.680180072784424 4.691997051239014 -3.4638237953186035
v -8.146374702453613 3.8256216049194336 -3.437713384628296
v -8.48393726348877 3.0037763118743896 -3.4141364097595215
v -8.635581970214844 2.535043239593506 -3.401066780090332
v -8.761317253112793 2.058699607849121 -3.3879969120025635
v -8.861015319824219 1.5752267837524414 -3.3749008178710938
v -8.934096336364746 1.087025761604309 -3.361804962158203
v -8.9976806640625 0.2023470103740692 -3.3382678031921387
v -8.965784072875977 -0.7836334109306335 -3.312087297439575
v -8.844990730285645 -1.6630338430404663 -3.288531541824341
v -8.61000919342041 -2.6204559803009033 -3.2623684406280518
v -8.309847831726074 -3.4563395977020264 -3.238799810409546
v -8.108232498168945 -3.9058449268341064 -3.2257301807403564
v -7.882348537445068 -4.343664646148682 -3.212660551071167
v -7.415743827819824 -5.099680423736572 -3.189084768295288
v -7.12589168548584 -5.4973673820495605 -3.1760294437408447
v -6.814733028411865 -5.8786234855651855 -3.1629741191864014
v -6.201941967010498 -6.521944522857666 -3.139397382736206
v -5.45206356048584 -7.160582542419434 -3.1132566928863525
v -4.635282039642334 -7.714522838592529 -3.0870652198791504
v -3.853382110595703 -8.133305549621582 -3.0635273456573486
v -3.401839256286621 -8.332243919372559 -3.0504372119903564
v -2.940091848373413 -8.506186485290527 -3.0373470783233643
v -2.0878398418426514 -8.75445556640625 -3.0137908458709717
v -1.6052415370941162 -8.855622291564941 -3.0007097721099854
v -1.1178315877914429 -8.930256843566895 -2.98762845993042
v -0.23218733072280884 -8.996996879577637 -2.964059591293335
v 0.7523021101951599 -8.968438148498535 -2.9379212856292725
v 1.6328767538070679 -8.85063362121582 -2.9143455028533936
v 2.589221715927124 -8.619439125061035 -2.8882336616516113
v 3.4264907836914062 -8.322198867797852 -2.864656925201416
v 3.876765251159668 -8.122218132019043 -2.851586103439331
v 4.315409183502197 -7.897859573364258 -2.838515281677246
v 4.741941452026367 -7.6493730545043945 -2.8254196643829346
v 5.154229164123535 -7.377913475036621 -2.812324047088623
v 5.855443477630615 -6.834691047668457 -2.788785457611084
v 6.5682806968688965 -6.152806282043457 -2.762605905532837
v 7.142474174499512 -5.475822925567627 -2.739049196243286
v 7.69848108291626 -4.661803722381592 -2.7128872871398926
v 8.120529174804688 -3.8803200721740723 -2.6893181800842285
v 8.320634841918945 -3.4301772117614746 -2.6762495040893555
v 8.495841979980469 -2.9697659015655518 -2.6631805896759033
v 8.74731159210205 -2.117673397064209 -2.6396048069000244
v 8.926141738891602 -1.1501274108886719 -2.613492012023926
v 8.996105194091797 -0.26442307233810425 -2.5899152755737305
v 8.971071243286133 0.7202989459037781 -2.5637729167938232
v 8.838311195373535 1.6982134580612183 -2.5375819206237793
v 8.62818717956543 2.5600054264068604 -2.514042615890503
v 8.474902153015137 3.0289974212646484 -2.500952959060669
v 8.296196937561035 3.4889028072357178 -2.487863302230835
v 7.912142753601074 4.28924036026001 -2.464306116104126
v 7.395565509796143 5.1288042068481445 -2.438145160675049
v 6.85405969619751 5.832817077636719 -2.4145755767822266
v 6.175673961639404 6.546745777130127 -2.3884389400482178
v 5.50015115737915 7.123786449432373 -2.3648629188537598
v 5.102487564086914 7.413773059844971 -2.351806163787842
v 4.6895599365234375 7.681591033935547 -2.3387491703033447
v 3.909344434738159 8.106593132019043 -2.3151724338531494
v 3.4598429203033447 8.30838394165039 -2.302100896835327
v 2.9999518394470215 8.485237121582031 -2.289029121398926
v 2.052891254425049 8.76272201538086 -2.26283860206604
v 1.180285096168518 8.922228813171387 -2.2392985820770264
v 0.19676198065280914 8.997811317443848 -2.2131199836730957
v -0.6906349062919617 8.97343921661377 -2.1895620822906494
v -1.1810052394866943 8.922112464904785 -2.1764819622039795
v -1.6678394079208374 8.84405517578125 -2.1634018421173096
v -2.5314748287200928 8.636638641357422 -2.139832019805908
v -3.429344654083252 8.320962905883789 -2.1145741939544678
v -4.288916110992432 7.912344455718994 -2.0893163681030273
v -3.8123700618743896 7.0331950187683105 -1.5119661092758179
v -3.0555145740509033 7.393603801727295 -1.5369917154312134
v -2.2637245655059814 7.673114776611328 -1.562061071395874
v -1.8158596754074097 7.790957927703857 -1.5758849382400513
v -1.3614524602890015 7.882778644561768 -1.589722752571106
v -0.8985875844955444 7.948871612548828 -1.603677749633789
v -0.43367964029312134 7.988104820251465 -1.6176018714904785
v 0.4027983248233795 7.990481376647949 -1.6425729990005493
v 1.2302943468093872 7.905172824859619 -1.6674082279205322
v 2.1382393836975098 7.708198070526123 -1.695148229598999
v 2.939134120941162 7.440124034881592 -1.7203643321990967
v 3.698925733566284 7.093807220458984 -1.7452985048294067
v 4.101903438568115 6.8686065673828125 -1.7590770721435547
v 4.48998498916626 6.6212477684021 -1.772810459136963
v 4.867494583129883 6.348830223083496 -1.7867014408111572
v 5.22844934463501 6.055242538452148 -1.8005857467651367
v 5.833303451538086 5.475034713745117 -1.8256099224090576
v 6.374595642089844 4.833366870880127 -1.8506723642349243
v 6.848767280578613 4.134270191192627 -1.8758907318115234
v 7.2447428703308105 3.392967700958252 -1.900987148284912
v 7.428892135620117 2.9674453735351562 -1.91482675075531
v 7.588252067565918 2.5321269035339355 -1.9286620616912842
v 7.812106132507324 1.7239235639572144 -1.9536991119384766
v 7.953431129455566 0.863131046295166 -1.9797444343566895
v 1.708357572555542 -8.326221466064453 -7.123428821563721
v -3.346116065979004 7.812045097351074 -6.324503421783447
v -7.8225626945495605 -3.333735227584839 -4.4505486488342285
v -7.431482315063477 -4.126690864562988 -4.425697326660156
v 3.9229369163513184 7.538116931915283 -3.5361082553863525
v -6.4734601974487305 5.509103298187256 -3.214829683303833
v -2.3799569606781006 -8.164078712463379 -2.7392189502716064
v -2.8259530067443848 8.017231941223145 -1.8397331237792969
v -3.6529934406280518 7.673727512359619 -1.8150997161865234
v -8 0 3.244450330734253
v -7.986512184143066 -0.4638441205024719 3.2582998275756836
v -7.946163177490234 -0.9261289238929749 3.2721495628356934
v -7.785568714141846 -1.839805245399475 3.299848794937134
v -7.519988059997559 -2.7292919158935547 3.327565908432007
v -7.19350528717041 -3.5004918575286865 3.3525686264038086
v -6.739516258239746 -4.310242176055908 3.3802871704101562
v -6.252040386199951 -4.991186141967773 3.4052894115448
v -5.951871871948242 -5.345521926879883 3.419149398803711
v -5.63166618347168 -5.68186616897583 3.433009386062622
v -5.006873607635498 -6.239483833312988 3.4580116271972656
v -4.25023078918457 -6.777522563934326 3.4857330322265625
v -3.518472671508789 -7.184725761413574 3.510734796524048
v -2.6622986793518066 -7.5439677238464355 3.5384578704833984
v -1.8591219186782837 -7.780976295471191 3.5634591579437256
v -1.404425859451294 -7.875718593597412 3.5773215293884277
v -0.9449982047080994 -7.943945407867432 3.59118390083313
v -0.10942211002111435 -7.999246597290039 3.616184949874878
v 0.8182477355003357 -7.958000183105469 3.6439108848571777
v 1.6456298828125 -7.828908920288086 3.6689114570617676
v 2.5417773723602295 -7.58542537689209 3.696639060974121
v 3.320765733718872 -7.278214931488037 3.721639394760132
v 3.7375969886779785 -7.073167324066162 3.735503673553467
v 4.141844272613525 -6.84429931640625 3.749368190765381
v 4.834596157073975 -6.373897552490234 3.7743682861328125
v 5.437564373016357 -5.867889881134033 3.797867774963379
v 5.987950325012207 -5.305134296417236 3.8213672637939453
v 8 -1.48640001267639e-14 2.494450330734253
v 7.946167945861816 0.9260483980178833 2.5221471786499023
v 7.879140853881836 1.3851810693740845 2.5359954833984375
v 7.785606861114502 1.839648723602295 2.5498440265655518
v 7.665767669677734 2.288102626800537 2.5636982917785645
v 7.520136833190918 2.7288637161254883 2.577552318572998
v 7.193668842315674 3.5001609325408936 2.60255765914917
v 6.739990234375 4.309487819671631 2.630260467529297
v 6.252531051635742 4.99057674407959 2.655266046524048
v 5.632754325866699 5.680776596069336 2.6829636096954346
v 5.007976055145264 6.238603591918945 2.7079694271087646
v 4.637784957885742 6.518472671508789 2.72182035446167
v 4.251986026763916 6.776412010192871 2.735671043395996
v 3.520210027694702 7.183878421783447 2.7606770992279053
v 2.664626359939575 7.5431365966796875 2.788384199142456
v 1.861376166343689 7.780440330505371 2.813390016555786
v 0.947711706161499 7.943613529205322 2.841102361679077
v 0.11199559271335602 7.999213218688965 2.866107940673828
v -0.35228708386421204 7.992218494415283 2.8799664974212646
v -0.8153871893882751 7.958285331726074 2.893825054168701
v -1.6429734230041504 7.8294677734375 2.918830394744873
v -2.539018154144287 7.586339950561523 2.9465525150299072
v -3.3182647228240967 7.279355525970459 2.971557140350342
v -4.139413356781006 6.845760822296143 2.999283790588379
v -4.832451343536377 6.375522136688232 3.024287700653076
v -5.194373607635498 6.084263324737549 3.0381531715393066
v -5.538763046264648 5.7724609375 3.052018642425537
v -6.111910820007324 5.1618194580078125 3.077021837234497
v -6.401270389556885 4.7982869148254395 3.0908894538879395
v -6.669010162353516 4.418543338775635 3.1047568321228027
v -7.094408988952637 3.6971826553344727 3.1297590732574463
v -7.441547393798828 2.9364445209503174 3.15472412109375
v -7.732122421264648 2.0528135299682617 3.18249773979187
v -7.90415620803833 1.2343822717666626 3.2074666023254395
v -7.975969314575195 0.6190451979637146 3.2259583473205566
v -8 0 1.7444502115249634
v -7.946167945861816 -0.9260483980178833 1.7721470594406128
v -7.785606861114502 -1.839648723602295 1.7998439073562622
v -7.520136833190918 -2.7288637161254883 1.8275524377822876
v -7.193668842315674 -3.5001609325408936 1.8525575399398804
v -6.978567123413086 -3.91140079498291 1.8664090633392334
v -6.739990234375 -4.309487819671631 1.8802604675292969
v -6.252531051635742 -4.99057674407959 1.9052660465240479
v -5.632754325866699 -5.680776596069336 1.9329636096954346
v -5.007976055145264 -6.238603591918945 1.9579694271087646
v -4.251986026763916 -6.776412010192871 1.9856711626052856
v -3.520210027694702 -7.183878421783447 2.0106770992279053
v -3.097634792327881 -7.375922679901123 2.0245306491851807
v -2.664626359939575 -7.5431365966796875 2.038384199142456
v -1.861376166343689 -7.780440330505371 2.063390016555786
v -0.947711706161499 -7.943613529205322 2.091102361679077
v -0.11199559271335602 -7.999213218688965 2.116107940673828
v 0.8153871893882751 -7.958285331726074 2.143825054168701
v 1.6429734230041504 -7.8294677734375 2.168830394744873
v 2.0945253372192383 -7.720923900604248 2.1826913356781006
v 2.539018154144287 -7.586339950561523 2.1965525150299072
v 3.3182647228240967 -7.279355525970459 2.221557140350342
v 4.139413356781006 -6.845760822296143 2.249283790588379
v 4.832451343536377 -6.375522136688232 2.274287700653076
v 5.538763046264648 -5.7724609375 2.302018642425537
v 6.111910820007324 -5.1618194580078125 2.327021837234497
v 6.401270389556885 -4.7982869148254395 2.3408894538879395
v 6.669010162353516 -4.418543338775635 2.3547568321228027
v 7.094408988952637 -3.6971826553344727 2.3797590732574463
v 7.441547393798828 -2.9364445209503174 2.40472412109375
v 7.732122421264648 -2.0528135299682617 2.43249773979187
v 7.90415620803833 -1.2343822717666626 2.4574666023254395
v 7.975969314575195 -0.6190451979637146 2.4759583473205566
v 8 0 0.9944502115249634
v 7.986512660980225 0.46380364894866943 1.008298635482788
v 7.946167945861816 0.9260483980178833 1.0221470594406128
v 7.785606861114502 1.839648723602295 1.0498439073562622
v 7.520136833190918 2.7288637161254883 1.0775524377822876
v 7.193668842315674 3.5001609325408936 1.1025575399398804
v 6.739990234375 4.309487819671631 1.1302604675292969
v 6.252531051635742 4.99057674407959 1.1552660465240479
v 5.952653408050537 5.344661712646484 1.1691148281097412
v 5.632754325866699 5.680776596069336 1.1829636096954346
v 5.007976055145264 6.238603591918945 1.2079694271087646
v 4.251986026763916 6.776412010192871 1.2356711626052856
v 3.520210027694702 7.183878421783447 1.2606770992279053
v 2.664626359939575 7.5431365966796875 1.288384199142456
v 1.861376166343689 7.780440330505371 1.3133900165557861
v 1.4069160223007202 7.875290870666504 1.3272461891174316
v 0.947711706161499 7.943613529205322 1.3411023616790771
v 0.11199559271335602 7.999213218688965 1.3661079406738281
v -0.8153871893882751 7.958285331726074 1.3938251733779907
v -1.6429734230041504 7.8294677734375 1.418830394744873
v -2.539018154144287 7.586339950561523 1.4465523958206177
v -3.3182647228240967 7.279355525970459 1.4715571403503418
v -3.7351386547088623 7.074495315551758 1.4854204654693604
v -4.139413356781006 6.845760822296143 1.4992836713790894
v -4.832451343536377 6.375522136688232 1.5242877006530762
v -5.538763046264648 5.7724609375 1.552018642425537
v -6.111910820007324 5.1618194580078125 1.577021837234497
v -6.669010162353516 4.418543338775635 1.6047569513320923
v -7.094408988952637 3.6971826553344727 1.6297591924667358
v -7.441547393798828 2.9364445209503174 1.6547242403030396
v -7.599667549133301 2.498847007751465 1.6686110496520996
v -7.732122421264648 2.0528135299682617 1.6824978590011597
v -7.90415620803833 1.2343822717666626 1.7074666023254395
v -7.975969314575195 0.6190451979637146 1.7259584665298462
v -8 0 0.24445022642612457
v -7.986512660980225 -0.46380364894866943 0.2582986652851105
v -7.946167945861816 -0.9260483980178833 0.2721470892429352
v -7.879140853881836 -1.3851810693740845 0.2859955430030823
v -7.785606861114502 -1.839648723602295 0.299843966960907
v -7.665767669677734 -2.288102626800537 0.3136982023715973
v -7.520136833190918 -2.7288637161254883 0.3275524377822876
v -7.193668842315674 -3.5001609325408936 0.35255759954452515
v -6.739990234375 -4.309487819671631 0.38026049733161926
v -6.252531051635742 -4.99057674407959 0.4052659869194031
v -5.632754325866699 -5.680776596069336 0.4329635500907898
v -5.007976055145264 -6.238603591918945 0.4579693675041199
v -4.637784957885742 -6.518472671508789 0.47182026505470276
v -4.251986026763916 -6.776412010192871 0.48567113280296326
v -3.520210027694702 -7.183878421783447 0.5106770396232605
v -2.664626359939575 -7.5431365966796875 0.538384199142456
v -1.861376166343689 -7.780440330505371 0.5633900165557861
v -0.947711706161499 -7.943613529205322 0.5911023020744324
v -0.11199559271335602 -7.999213218688965 0.6161079406738281
v 0.35228708386421204 -7.992218494415283 0.6299665570259094
v 0.8153871893882751 -7.958285331726074 0.6438251733779907
v 1.6429734230041504 -7.8294677734375 0.6688304543495178
v 2.539018154144287 -7.586339950561523 0.6965523958206177
v 3.3182647228240967 -7.279355525970459 0.7215571403503418
v 4.139413356781006 -6.845760822296143 0.7492836713790894
v 4.832451343536377 -6.375522136688232 0.774287760257721
v 5.194373607635498 -6.084263324737549 0.7881531715393066
v 5.538763046264648 -5.7724609375 0.8020185828208923
v 6.111910820007324 -5.1618194580078125 0.8270218372344971
v 6.401270389556885 -4.7982869148254395 0.8408893942832947
v 6.669010162353516 -4.418543338775635 0.8547569513320923
v 7.094408988952637 -3.6971826553344727 0.8797591328620911
v 7.441547393798828 -2.9364445209503174 0.9047242403030396
v 7.732122421264648 -2.0528135299682617 0.9324978590011597
v 7.90415620803833 -1.2343822717666626 0.9574666023254395
v 7.975969314575195 -0.6190451979637146 0.9759584069252014
v 8 1.2373471693050923e-14 -0.5055497884750366
v 7.946167945861816 0.9260483980178833 -0.4778529107570648
v 7.785606861114502 1.839648723602295 -0.450156033039093
v 7.665767669677734 2.288102626800537 -0.4363017976284027
v 7.520136833190918 2.7288637161254883 -0.4224475622177124
v 7.193668842315674 3.5001609325408936 -0.39744240045547485
v 6.978567123413086 3.91140079498291 -0.3835909366607666
v 6.739990234375 4.309487819671631 -0.36973950266838074
v 6.252531051635742 4.99057674407959 -0.3447340130805969
v 5.632754325866699 5.680776596069336 -0.3170364499092102
v 5.007976055145264 6.238603591918945 -0.2920306324958801
v 4.251986026763916 6.776412010192871 -0.26432886719703674
v 3.520210027694702 7.183878421783447 -0.2393229603767395
v 3.097634792327881 7.375922679901123 -0.22546939551830292
v 2.664626359939575 7.5431365966796875 -0.21161583065986633
v 1.861376166343689 7.780440330505371 -0.18660996854305267
v 0.947711706161499 7.943613529205322 -0.15889769792556763
v 0.11199559271335602 7.999213218688965 -0.13389204442501068
v -0.8153871893882751 7.958285331726074 -0.10617483407258987
v -1.6429734230041504 7.8294677734375 -0.08116955310106277
v -2.0945253372192383 7.720923900604248 -0.06730857491493225
v -2.539018154144287 7.586339950561523 -0.05344759300351143
v -3.3182647228240967 7.279355525970459 -0.02844284474849701
v -4.139413356781006 6.845760822296143 -0.0007163251866586506
v -4.832451343536377 6.375522136688232 0.024287736043334007
v -5.538763046264648 5.7724609375 0.05201860889792442
v -6.111910820007324 5.1618194580078125 0.07702184468507767
v -6.401270389556885 4.7982869148254395 0.09088939428329468
v -6.669010162353516 4.418543338775635 0.10475693643093109
v -7.094408988952637 3.6971826553344727 0.12975916266441345
v -7.441547393798828 2.9364445209503174 0.15472424030303955
v -7.732122421264648 2.0528135299682617 0.18249785900115967
v -7.90415620803833 1.2343822717666626 0.20746660232543945
v -7.975969314575195 0.6190451979637146 0.22595840692520142
v -8 0 -1.2555497884750366
v -7.986512660980225 -0.46380364894866943 -1.241701364517212
v -7.946167945861816 -0.9260483980178833 -1.2278529405593872
v -7.785606861114502 -1.839648723602295 -1.2001560926437378
v -7.520136833190918 -2.7288637161254883 -1.1724475622177124
v -7.193668842315674 -3.5001609325408936 -1.1474424600601196
v -6.739990234375 -4.309487819671631 -1.1197395324707031
v -6.252531051635742 -4.99057674407959 -1.0947339534759521
v -5.952653408050537 -5.344661712646484 -1.0808851718902588
v -5.632754325866699 -5.680776596069336 -1.0670363903045654
v -5.007976055145264 -6.238603591918945 -1.0420305728912354
v -4.251986026763916 -6.776412010192871 -1.0143288373947144
v -3.520210027694702 -7.183878421783447 -0.9893229603767395
v -2.664626359939575 -7.5431365966796875 -0.961615800857544
v -1.861376166343689 -7.780440330505371 -0.9366099834442139
v -1.4069160223007202 -7.875290870666504 -0.9227538108825684
v -0.947711706161499 -7.943613529205322 -0.9088976979255676
v -0.11199559271335602 -7.999213218688965 -0.8838920593261719
v 0.8153871893882751 -7.958285331726074 -0.8561748266220093
v 1.6429734230041504 -7.8294677734375 -0.8311695456504822
v 2.539018154144287 -7.586339950561523 -0.8034476041793823
v 3.3182647228240967 -7.279355525970459 -0.7784428596496582
v 3.7351386547088623 -7.074495315551758 -0.7645795941352844
v 4.139413356781006 -6.845760822296143 -0.7507163286209106
v 4.832451343536377 -6.375522136688232 -0.725712239742279
v 5.538763046264648 -5.7724609375 -0.6979814171791077
v 6.111910820007324 -5.1618194580078125 -0.6729781627655029
v 6.669010162353516 -4.418543338775635 -0.6452430486679077
v 7.094408988952637 -3.6971826553344727 -0.6202408671379089
v 7.441547393798828 -2.9364445209503174 -0.5952757596969604
v 7.599667549133301 -2.498847007751465 -0.5813889503479004
v 7.732122421264648 -2.0528135299682617 -0.5675021409988403
v 7.90415620803833 -1.2343822717666626 -0.5425333976745605
v 7.975969314575195 -0.6190451979637146 -0.5240415930747986
v -3.8123700618743896 7.0331950187683105 -1.5119661092758179
v -4.6014485359191895 6.544187068939209 -1.484248161315918
v -4.973399639129639 6.266202449798584 -1.4703891277313232
v -5.328574180603027 5.967081069946289 -1.4565300941467285
v -5.666355609893799 5.64730978012085 -1.442647933959961
v -5.984996795654297 5.308465003967285 -1.4287656545639038
v -6.283015251159668 4.952121257781982 -1.4149011373519897
v -6.559854507446289 4.5790815353393555 -1.4010365009307861
v -7.002482891082764 3.868476390838623 -1.376042127609253
v -7.403897285461426 3.0302133560180664 -1.348291277885437
v -7.705350399017334 2.151099920272827 -1.3205419778823853
v -7.887989521026611 1.3340167999267578 -1.2955456972122192
v -7.971927165985107 0.6693545579910278 -1.275547742843628
v -4.288916110992432 7.912344455718994 -2.0893163681030273
v -5.126898288726807 7.3968729972839355 -2.063206434249878
v -5.523542881011963 7.1056084632873535 -2.0501515865325928
v -5.903682708740234 6.793120861053467 -2.0370965003967285
v -6.266354560852051 6.460058212280273 -2.024033308029175
v -6.610261917114258 6.107641220092773 -2.010969877243042
v -7.180264472961426 5.426186561584473 -1.9873944520950317
v -7.679494857788086 4.693034648895264 -1.9638566970825195
v -8.14699649810791 3.8243699073791504 -1.9376765489578247
v -8.484122276306152 3.003203868865967 -1.9141204357147217
v -8.7616605758667 2.057264566421509 -1.8879579305648804
v -8.921815872192383 1.183669090270996 -1.8643890619277954
v -8.973172187805176 0.6937191486358643 -1.8513197898864746
v -8.997674942016602 0.2016889601945877 -1.8382505178451538
v -8.973786354064941 -0.6864089965820312 -1.814674735069275
v -8.845170021057129 -1.6618566513061523 -1.7885631322860718
v -8.638269424438477 -2.525895595550537 -1.764986276626587
v -8.310453414916992 -3.4547510147094727 -1.738844871520996
v -7.88226318359375 -4.343917369842529 -1.712653636932373
v -7.416355609893799 -5.098714828491211 -1.689115047454834
v -7.125762939453125 -5.497481346130371 -1.676025152206421
v -6.81379508972168 -5.879756927490234 -1.6629353761672974
v -6.201426982879639 -6.52241325378418 -1.6393786668777466
v -5.450865745544434 -7.161500930786133 -1.6132168769836426
v -4.718472480773926 -7.663934707641602 -1.589647650718689
v -3.8527820110321045 -8.133566856384277 -1.5635100603103638
v -3.0321123600006104 -8.473859786987305 -1.5399341583251953
v -2.5643670558929443 -8.626900672912598 -1.5268778800964355
v -2.0889487266540527 -8.75414752960205 -1.5138214826583862
v -1.2156338691711426 -8.91751480102539 -1.490244746208191
v -0.7258087396621704 -8.970671653747559 -1.4771735668182373
v -0.2338007688522339 -8.996904373168945 -1.4641023874282837
v 0.75267493724823 -8.968453407287598 -1.4379113912582397
v 1.631871223449707 -8.850775718688965 -1.414372205734253
v 2.5907046794891357 -8.619024276733398 -1.3881930112838745
v 3.4272119998931885 -8.321887016296387 -1.3646358251571655
v 3.877795457839966 -8.121672630310059 -1.3515552282333374
v 4.316762924194336 -7.897124767303467 -1.3384747505187988
v 5.074162006378174 -7.433220386505127 -1.3149051666259766
v 5.473228931427002 -7.14442777633667 -1.3018368482589722
v 5.855920791625977 -6.834253787994385 -1.2887685298919678
v 6.501254558563232 -6.223639011383057 -1.2651925086975098
v 7.141762733459473 -5.476680755615234 -1.2390787601470947
v 7.647001266479492 -4.745861053466797 -1.2155020236968994
v 8.119820594787598 -3.881683349609375 -1.1893589496612549
v 8.320425987243652 -3.4306588172912598 -1.1762635707855225
v 8.496041297912598 -2.969334125518799 -1.16316819190979
v 8.747060775756836 -2.118529796600342 -1.139628291130066
v 8.849990844726562 -1.6359882354736328 -1.126538872718811
v 8.926375389099121 -1.1485397815704346 -1.1134495735168457
v 8.99611759185791 -0.2635517716407776 -1.0898919105529785
v 8.970949172973633 0.7218613028526306 -1.0637314319610596
v 8.856159210205078 1.602602243423462 -1.0401617288589478
v 8.627984046936035 2.5606086254119873 -1.0140259265899658
v 8.333542823791504 3.398832082748413 -0.9904497265815735
v 8.135249137878418 3.8493051528930664 -0.977392315864563
v 7.9126200675964355 4.288269519805908 -0.9643349051475525
v 7.451297283172607 5.047571659088135 -0.9407582879066467
v 6.854966640472412 5.831672191619873 -0.9146143198013306
v 6.175289154052734 6.5471720695495605 -0.8884238600730896
v 5.500737190246582 7.123281955718994 -0.864883303642273
v 4.68815279006958 7.6824822425842285 -0.8387051224708557
v 3.9084811210632324 8.106995582580566 -0.8151469230651855
v 3.458648920059204 8.30882740020752 -0.8020671010017395
v 2.998453140258789 8.485769271850586 -0.7889872193336487
v 2.147428274154663 8.7400484085083 -0.7654171586036682
v 1.1796666383743286 8.922286987304688 -0.7392822504043579
v 0.29422488808631897 8.99518871307373 -0.7157059907913208
v -0.6895837187767029 8.973477363586426 -0.6895901560783386
v -1.5709946155548096 8.861815452575684 -0.6660135984420776
v -2.0536413192749023 8.762552261352539 -0.6529411673545837
v -2.5301265716552734 8.636981010437012 -0.6398687958717346
v -2.9998481273651123 8.485269546508789 -0.6267737150192261
v -3.4605588912963867 8.30807876586914 -0.6136786341667175
v -4.261655807495117 7.927014350891113 -0.5901374220848083
v -5.103549480438232 7.413034439086914 -0.5639597177505493
v -5.809072494506836 6.874175548553467 -0.540401041507721
v -6.525943279266357 6.197665691375732 -0.5142420530319214
v -7.105108261108398 5.524250507354736 -0.49067169427871704
v -7.39664888381958 5.127250671386719 -0.4776046872138977
v -7.666060447692871 4.714905738830566 -0.46453768014907837
v -8.093636512756348 3.936119556427002 -0.4409613311290741
v -8.474936485290527 3.0289058685302734 -0.41484448313713074
v -8.732336044311523 2.1785569190979004 -0.3912679851055145
v -8.918088912963867 1.2110644578933716 -0.36512237787246704
v -8.997106552124023 0.22739064693450928 -0.3389325439929962
v -8.975764274597168 -0.6594882011413574 -0.3153906762599945
v -8.926112174987793 -1.1503524780273438 -0.3023020625114441
v -8.849689483642578 -1.637766718864441 -0.2892134487628937
v -8.645294189453125 -2.501702308654785 -0.2656543254852295
v -8.319845199584961 -3.4320783615112305 -0.23949603736400604
v -7.941067695617676 -4.235487937927246 -0.21592538058757782
v -7.43076753616333 -5.077648162841797 -0.18979227542877197
v -6.893974304199219 -5.785594940185547 -0.16621585190296173
v -6.221019744873047 -6.503670692443848 -0.1400979608297348
v -5.549500465393066 -7.085395812988281 -0.11652155965566635
v -5.153378963470459 -7.378514766693115 -0.10344835370779037
v -4.741778373718262 -7.649478912353516 -0.0903751477599144
v -4.31526517868042 -7.897934436798096 -0.07728037983179092
v -3.8757972717285156 -8.122673034667969 -0.06418560445308685
v -3.0572526454925537 -8.4647798538208 -0.0406431145966053
v -2.112589120864868 -8.748499870300293 -0.014466392807662487
v -1.2403676509857178 -8.91409683227539 0.009093169122934341
v -0.7503928542137146 -8.968600273132324 0.022171970456838608
v -0.25816774368286133 -8.99623966217041 0.035250771790742874
v 0.6298765540122986 -8.977927207946777 0.05882169306278229
v 1.1200528144836426 -8.929984092712402 0.0718877911567688
v 1.6068824529647827 -8.85532283782959 0.08495389670133591
v 2.4721755981445312 -8.653804779052734 0.10853041708469391
v 3.4022631645202637 -8.332072257995605 0.13464930653572083
v 4.207221984863281 -7.956070423126221 0.15822561085224152
v 5.051631450653076 -7.448491096496582 0.18437281250953674
v 5.4523844718933105 -7.160333633422852 0.19746743142604828
v 5.836764335632324 -6.85067892074585 0.21056205034255981
v 6.482885837554932 -6.242714881896973 0.2341051697731018
v 6.8152031898498535 -5.878078460693359 0.24719327688217163
v 7.127081394195557 -5.495813846588135 0.26028138399124146
v 7.633907318115234 -4.766876220703125 0.28384140133857727
v 8.109343528747559 -3.903526782989502 0.3099983036518097
v 8.454684257507324 -3.085165023803711 0.3335694670677185
v 8.741050720214844 -2.1430933475494385 0.3597007691860199
v 8.909826278686523 -1.270819067955017 0.38327738642692566
v 8.965954780578613 -0.7817491888999939 0.3963373005390167
v 8.995250701904297 -0.2903343439102173 0.4093972444534302
v 8.98009967803955 0.5979785919189453 0.4329734444618225
v 8.860883712768555 1.5759918689727783 0.4591214656829834
v 8.635110855102539 2.536625385284424 0.4853103756904602
v 8.343384742736816 3.374498128890991 0.50885409116745
v 7.9240217208862305 4.267216205596924 0.5350298285484314
v 7.465040683746338 5.02720832824707 0.5585902333259583
v 7.1785478591918945 5.4283833503723145 0.5716683268547058
v 6.8705525398254395 5.8133015632629395 0.5847464203834534
v 6.264081954956055 6.462291240692139 0.6083179116249084
v 5.520639419555664 7.107837677001953 0.6344482898712158
v 4.7929606437683105 7.617578983306885 0.6580249667167664
v 3.932460069656372 8.095343589782715 0.6841458082199097
v 3.1151530742645264 8.443671226501465 0.7077218890190125
v 2.2690112590789795 8.709233283996582 0.731255829334259
v 1.7882428169250488 8.820487022399902 0.7443471550941467
v 1.3021098375320435 8.905275344848633 0.7574385404586792
v 0.4186193645000458 8.990230560302734 0.780991792678833
v -0.567298412322998 8.982051849365234 0.8071579933166504
v -1.4497787952423096 8.882452964782715 0.8307249546051025
v -2.4118497371673584 8.670746803283691 0.8568682670593262
v -3.2549691200256348 8.390779495239258 0.8804432153701782
v -3.7087743282318115 8.200263023376465 0.8935003280639648
v -4.151495933532715 7.985229015350342 0.9065573811531067
v -4.918638229370117 7.537034034729004 0.9301344752311707
v -5.323629856109619 7.256627082824707 0.9432027339935303
v -5.71265983581543 6.954453945159912 0.9562709331512451
v -6.370460033416748 6.357422351837158 0.9798443913459778
v -6.965468883514404 5.69926118850708 1.0033892393112183
v -7.5472636222839355 4.90286111831665 1.0295640230178833
v -7.993648529052734 4.135367393493652 1.053125262260437
v -8.208035469055176 3.691484212875366 1.0662026405334473
v -8.397841453552246 3.2365424633026123 1.079280138015747
v -8.676040649414062 2.3929603099823 1.1028519868850708
v -8.793896675109863 1.914823055267334 1.11591637134552
v -8.88544750213623 1.4309531450271606 1.1289806365966797
v -8.983305931091309 0.5478982925415039 1.1525574922561646
v -8.989349365234375 -0.436387300491333 1.178680181503296
v -8.90257453918457 -1.3205697536468506 1.2022560834884644
v -8.72934341430664 -2.1903727054595947 1.2257912158966064
v -8.596152305603027 -2.665515661239624 1.2388821840286255
v -8.437170028686523 -3.132660150527954 1.2519731521606445
v -8.087568283081055 -3.9485132694244385 1.2755273580551147
v -7.859123706817627 -4.38554573059082 1.2886098623275757
v -7.6071271896362305 -4.809437274932861 1.3016923666000366
v -7.09611177444458 -5.535796165466309 1.325260043144226
v -6.44859504699707 -6.27809476852417 1.3514018058776855
v -5.798255443572998 -6.883330345153809 1.3749769926071167
v -5.012178421020508 -7.475083351135254 1.4010893106460571
v -4.250746250152588 -7.932908058166504 1.4246662855148315
v -3.8103220462799072 -8.153596878051758 1.4377353191375732
v -3.358463764190674 -8.349828720092773 1.450804352760315
v -2.518963098526001 -8.640276908874512 1.4743773937225342
v -1.6559244394302368 -8.8463134765625 1.497923493385315
v -0.678037703037262 -8.974379539489746 1.524097204208374
v 0.20955634117126465 -8.997543334960938 1.5476592779159546
v 1.1920242309570312 -8.92065143585205 1.57381272315979
v 2.0656180381774902 -8.759747505187988 1.597385048866272
v 2.5416064262390137 -8.633621215820312 1.6104484796524048
v 3.0099971294403076 -8.481669425964355 1.6235120296478271
v 3.831636428833008 -8.1436185836792 1.647088885307312
v 4.698060989379883 -7.676396369934082 1.6732133626937866
v 5.432044506072998 -7.175835609436035 1.696789026260376
v 6.1119561195373535 -6.606298923492432 1.7203254699707031
v 6.798295021057129 -5.897674083709717 1.7465065717697144
v 7.346199035644531 -5.19931697845459 1.7700618505477905
v 7.619906902313232 -4.789139747619629 1.7831437587738037
v 7.87078332901001 -4.36461067199707 1.7962255477905273
v 8.262682914733887 -3.567622184753418 1.8197938203811646
v 8.603007316589355 -2.643313407897949 1.8459340333938599
v 8.821765899658203 -1.7822585105895996 1.8695094585418701
v 8.96352767944336 -0.8086839914321899 1.8956198692321777
v 8.999645233154297 0.07905097305774689 1.9191968441009521
v 8.981827735900879 0.5713815093040466 1.9322667121887207
v 8.93706226348877 1.062002420425415 1.9453364610671997
v 8.865389823913574 1.5504165887832642 1.9584324359893799
v 8.76708984375 2.0341708660125732 1.9715282917022705
v 8.524260520935059 2.8872439861297607 1.9950655698776245
v 8.157062530517578 3.8028533458709717 2.0212461948394775
v 7.742781639099121 4.5879058837890625 2.044801950454712
v 7.194513320922852 5.407219409942627 2.070965051651001
v 6.626565456390381 6.09003210067749 2.0945334434509277
v 6.2833685874938965 6.443472385406494 2.107603073120117
v 5.9213643074035645 6.777631759643555 2.1206729412078857
v 5.224326133728027 7.328465938568115 2.1442484855651855
v 4.815937519073486 7.603034019470215 2.157303810119629
v 4.393146514892578 7.854875087738037 2.1703591346740723
v 3.597282886505127 8.249812126159668 2.1939361095428467
v 2.6742005348205566 8.593461990356445 2.220076560974121
v 1.7172179222106934 8.834639549255371 2.2462680339813232
v 0.839240312576294 8.960741996765137 2.269806146621704
v 0.3468879163265228 8.993246078491211 2.282896041870117
v -0.14650456607341766 8.998771667480469 2.2959861755371094
v -1.0322723388671875 8.940580368041992 2.319542407989502
v -1.5203676223754883 8.870588302612305 2.3326237201690674
v -2.0039095878601074 8.774017333984375 2.3457047939300537
v -2.8589694499969482 8.533824920654297 2.3692736625671387
v -3.7743191719055176 8.170272827148438 2.3954122066497803
v -4.561497211456299 7.758398056030273 2.418987989425659
v -5.381094455718994 7.214057445526123 2.4450995922088623
v -6.0662078857421875 6.648380279541016 2.4686765670776367
v -6.420929908752441 6.306456565856934 2.4817471504211426
v -6.756385326385498 5.945603370666504 2.4948179721832275
v -7.072206974029541 5.566219806671143 2.507913589477539
v -7.366786003112793 5.170120716094971 2.5210092067718506
v -7.839919090270996 4.419829368591309 2.5445477962493896
v -8.276548385620117 3.5352625846862793 2.5707273483276367
v -8.584571838378906 2.7027204036712646 2.5942842960357666
v -8.82863712310791 1.7476270198822021 2.620445966720581
v -8.957948684692383 0.8689234852790833 2.644015073776245
v -8.99202823638916 0.3774876892566681 2.6570839881896973
v -8.999199867248535 -0.11508198827505112 2.6701526641845703
v -8.944070816040039 -1.001794695854187 2.6937286853790283
v -8.781196594238281 -1.972154140472412 2.719841480255127
v -8.544012069702148 -2.8283729553222656 2.7434182167053223
v -8.183692932128906 -3.7451467514038086 2.7695605754852295
v -7.724472999572754 -4.618679046630859 2.7957515716552734
v -7.232269763946533 -5.356631755828857 2.8192906379699707
v -6.927825450897217 -5.7449140548706055 2.8323802947998047
v -6.60260009765625 -6.115962982177734 2.8454699516296387
v -5.967975616455078 -6.736679553985596 2.8690271377563477
v -5.195403575897217 -7.348931789398193 2.895188093185425
v -4.445768356323242 -7.825281620025635 2.918757677078247
v -3.5641162395477295 -8.26413345336914 2.944894313812256
v -2.7319729328155518 -8.575332641601562 2.968470335006714
v -2.2591099739074707 -8.711821556091309 2.981527328491211
v -1.779485821723938 -8.822257995605469 2.994584321975708
v -0.900964081287384 -8.954779624938965 3.0181610584259033
v -0.40955427289009094 -8.990662574768066 3.0312325954437256
v 0.08308935910463333 -8.999558448791504 3.044304132461548
v 1.0679407119750977 -8.936395645141602 3.0704948902130127
v 1.9424769878387451 -8.787834167480469 3.0940349102020264
v 2.8925368785858154 -8.522473335266113 3.120213508605957
v 3.718081474304199 -8.196063995361328 3.143771171569824
v 4.1613240242004395 -7.9801154136657715 3.156851291656494
v 4.592101573944092 -7.740258693695068 3.169931411743164
v 5.332712650299072 -7.249970436096191 3.1935014724731445
v 6.068466663360596 -6.646242141723633 3.218759059906006
v 6.736443996429443 -5.968276023864746 3.2440168857574463
v -4.453066349029541 7.239796161651611 -1.7900954484939575
v -3.237816572189331 -7.857876777648926 -1.2645008563995361
v 2.434983968734741 8.145552635192871 -0.4909724295139313
v 1.5495710372924805 8.356236457824707 -0.4653840661048889
v -7.818662166595459 -3.3453314304351807 1.5497169494628906
v 2.2728662490844727 -8.187342643737793 3.3931498527526855
v 3.1373860836029053 -7.899288654327393 3.4186928272247314
v -8 0 2.089749574661255
v -7.986512184143066 -0.4638441205024719 2.1035993099212646
v -7.946163177490234 -0.9261289238929749 2.1174490451812744
v -7.785568714141846 -1.839805245399475 2.145148277282715
v -7.519988059997559 -2.7292919158935547 2.172865390777588
v -7.19350528717041 -3.5004918575286865 2.1978681087493896
v -6.739516258239746 -4.310242176055908 2.225586414337158
v -6.252040386199951 -4.991186141967773 2.250588893890381
v -5.951871871948242 -5.345521926879883 2.264448881149292
v -5.63166618347168 -5.68186616897583 2.278308868408203
v -5.006873607635498 -6.239483833312988 2.3033108711242676
v -4.25023078918457 -6.777522563934326 2.3310325145721436
v -3.518472671508789 -7.184725761413574 2.356034278869629
v -2.6622986793518066 -7.5439677238464355 2.3837573528289795
v -1.8591219186782837 -7.780976295471191 2.4087586402893066
v -1.404425859451294 -7.875718593597412 2.422621011734009
v -0.9449982047080994 -7.943945407867432 2.436483383178711
v -0.10942211002111435 -7.999246597290039 2.461484432220459
v 0.8182477355003357 -7.958000183105469 2.489210367202759
v 1.6456298828125 -7.828908920288086 2.5142109394073486
v 2.5417773723602295 -7.58542537689209 2.541938543319702
v 3.320765733718872 -7.278214931488037 2.566938877105713
v 3.7375969886779785 -7.073167324066162 2.580803155899048
v 4.141844272613525 -6.84429931640625 2.594667673110962
v 4.834596157073975 -6.373897552490234 2.6196675300598145
v 5.437564373016357 -5.867889881134033 2.64316725730896
v 5.987950325012207 -5.305134296417236 2.6666667461395264
v 6.736443996429443 -5.968276023864746 3.2440168857574463
v -4.288916110992432 7.912344455718994 -2.0893163681030273
v -5.126898288726807 7.3968729972839355 -2.063206434249878
v -5.523542881011963 7.1056084632873535 -2.0501515865325928
v -5.903682708740234 6.793120861053467 -2.0370965003967285
v -6.266354560852051 6.460058212280273 -2.024033308029175
v -6.610261917114258 6.107641220092773 -2.010969877243042
v -7.180264472961426 5.426186561584473 -1.9873944520950317
v -7.679494857788086 4.693034648895264 -1.9638566970825195
v -8.14699649810791 3.8243699073791504 -1.9376765489578247
v -8.484122276306152 3.003203868865967 -1.9141204357147217
v -8.7616605758667 2.057264566421509 -1.8879579305648804
v -8.921815872192383 1.183669090270996 -1.8643890619277954
v -8.973172187805176 0.6937191486358643 -1.8513197898864746
v -8.997674942016602 0.2016889601945877 -1.8382505178451538
v -8.973786354064941 -0.6864089965820312 -1.814674735069275
v -8.845170021057129 -1.6618566513061523 -1.7885631322860718
v -8.638269424438477 -2.525895595550537 -1.764986276626587
v -8.310453414916992 -3.4547510147094727 -1.738844871520996
v -7.88226318359375 -4.343917369842529 -1.712653636932373
v -7.416355609893799 -5.098714828491211 -1.689115047454834
v -7.125762939453125 -5.497481346130371 -1.676025152206421
v -6.81379508972168 -5.879756927490234 -1.6629353761672974
v -6.201426982879639 -6.52241325378418 -1.6393786668777466
v -5.450865745544434 -7.161500930786133 -1.6132168769836426
v -4.718472480773926 -7.663934707641602 -1.589647650718689
v -3.8527820110321045 -8.133566856384277 -1.5635100603103638
v -3.0321123600006104 -8.473859786987305 -1.5399341583251953
v -2.5643670558929443 -8.626900672912598 -1.5268778800964355
v -2.0889487266540527 -8.75414752960205 -1.5138214826583862
v -1.2156338691711426 -8.91751480102539 -1.490244746208191
v -0.7258087396621704 -8.970671653747559 -1.4771735668182373
v -0.2338007688522339 -8.996904373168945 -1.4641023874282837
v 0.75267493724823 -8.968453407287598 -1.4379113912582397
v 1.631871223449707 -8.850775718688965 -1.414372205734253
v 2.5907046794891357 -8.619024276733398 -1.3881930112838745
v 3.4272119998931885 -8.321887016296387 -1.3646358251571655
v 3.877795457839966 -8.121672630310059 -1.3515552282333374
v 4.316762924194336 -7.897124767303467 -1.3384747505187988
v 5.074162006378174 -7.433220386505127 -1.3149051666259766
v 5.473228931427002 -7.14442777633667 -1.3018368482589722
v 5.855920791625977 -6.834253787994385 -1.2887685298919678
v 6.501254558563232 -6.223639011383057 -1.2651925086975098
v 7.141762733459473 -5.476680755615234 -1.2390787601470947
v 7.647001266479492 -4.745861053466797 -1.2155020236968994
v 8.119820594787598 -3.881683349609375 -1.1893589496612549
v 8.320425987243652 -3.4306588172912598 -1.1762635707855225
v 8.496041297912598 -2.969334125518799 -1.16316819190979
v 8.747060775756836 -2.118529796600342 -1.139628291130066
v 8.849990844726562 -1.6359882354736328 -1.126538872718811
v 8.926375389099121 -1.1485397815704346 -1.1134495735168457
v 8.99611759185791 -0.2635517716407776 -1.0898919105529785
v 8.970949172973633 0.7218613028526306 -1.0637314319610596
v 8.856159210205078 1.602602243423462 -1.0401617288589478
v 8.627984046936035 2.5606086254119873 -1.0140259265899658
v 8.333542823791504 3.398832082748413 -0.9904497265815735
v 8.135249137878418 3.8493051528930664 -0.977392315864563
v 7.9126200675964355 4.288269519805908 -0.9643349051475525
v 7.451297283172607 5.047571659088135 -0.9407582879066467
v 6.854966640472412 5.831672191619873 -0.9146143198013306
v 6.175289154052734 6.5471720695495605 -0.8884238600730896
v 5.500737190246582 7.123281955718994 -0.864883303642273
v 4.68815279006958 7.6824822425842285 -0.8387051224708557
v 3.9084811210632324 8.106995582580566 -0.8151469230651855
v 3.458648920059204 8.30882740020752 -0.8020671010017395
v 2.998453140258789 8.485769271850586 -0.7889872193336487
v 2.147428274154663 8.7400484085083 -0.7654171586036682
v 1.1796666383743286 8.922286987304688 -0.7392822504043579
v 0.29422488808631897 8.99518871307373 -0.7157059907913208
v -0.6895837187767029 8.973477363586426 -0.6895901560783386
v -1.5709946155548096 8.861815452575684 -0.6660135984420776
v -2.0536413192749023 8.762552261352539 -0.6529411673545837
v -2.5301265716552734 8.636981010437012 -0.6398687958717346
v -2.9998481273651123 8.485269546508789 -0.6267737150192261
v -3.4605588912963867 8.30807876586914 -0.6136786341667175
v -4.261655807495117 7.927014350891113 -0.5901374220848083
v -5.103549480438232 7.413034439086914 -0.5639597177505493
v -5.809072494506836 6.874175548553467 -0.540401041507721
v -6.525943279266357 6.197665691375732 -0.5142420530319214
v -7.105108261108398 5.524250507354736 -0.49067169427871704
v -7.39664888381958 5.127250671386719 -0.4776046872138977
v -7.666060447692871 4.714905738830566 -0.46453768014907837
v -8.093636512756348 3.936119556427002 -0.4409613311290741
v -8.474936485290527 3.0289058685302734 -0.41484448313713074
v -8.732336044311523 2.1785569190979004 -0.3912679851055145
v -8.918088912963867 1.2110644578933716 -0.36512237787246704
v -8.997106552124023 0.22739064693450928 -0.3389325439929962
v -8.975764274597168 -0.6594882011413574 -0.3153906762599945
v -8.926112174987793 -1.1503524780273438 -0.3023020625114441
v -8.849689483642578 -1.637766718864441 -0.2892134487628937
v -8.645294189453125 -2.501702308654785 -0.2656543254852295
v -8.319845199584961 -3.4320783615112305 -0.23949603736400604
v -7.941067695617676 -4.235487937927246 -0.21592538058757782
v -7.43076753616333 -5.077648162841797 -0.18979227542877197
v -6.893974304199219 -5.785594940185547 -0.16621585190296173
v -6.221019744873047 -6.503670692443848 -0.1400979608297348
v -5.549500465393066 -7.085395812988281 -0.11652155965566635
v -5.153378963470459 -7.378514766693115 -0.10344835370779037
v -4.741778373718262 -7.649478912353516 -0.0903751477599144
v -4.31526517868042 -7.897934436798096 -0.07728037983179092
v -3.8757972717285156 -8.122673034667969 -0.06418560445308685
v -3.0572526454925537 -8.4647798538208 -0.0406431145966053
v -2.112589120864868 -8.748499870300293 -0.014466392807662487
v -1.2403676509857178 -8.91409683227539 0.009093169122934341
v -0.7503928542137146 -8.968600273132324 0.022171970456838608
v -0.25816774368286133 -8.99623966217041 0.035250771790742874
v 0.6298765540122986 -8.977927207946777 0.05882169306278229
v 1.1200528144836426 -8.929984092712402 0.0718877911567688
v 1.6068824529647827 -8.85532283782959 0.08495389670133591
v 2.4721755981445312 -8.653804779052734 0.10853041708469391
v 3.4022631645202637 -8.332072257995605 0.13464930653572083
v 4.207221984863281 -7.956070423126221 0.15822561085224152
v 5.051631450653076 -7.448491096496582 0.18437281250953674
v 5.4523844718933105 -7.160333633422852 0.19746743142604828
v 5.836764335632324 -6.85067892074585 0.21056205034255981
v 6.482885837554932 -6.242714881896973 0.2341051697731018
v 6.8152031898498535 -5.878078460693359 0.24719327688217163
v 7.127081394195557 -5.495813846588135 0.26028138399124146
v 7.633907318115234 -4.766876220703125 0.28384140133857727
v 8.109343528747559 -3.903526782989502 0.3099983036518097
v 8.454684257507324 -3.085165023803711 0.3335694670677185
v 8.741050720214844 -2.1430933475494385 0.3597007691860199
v 8.909826278686523 -1.270819067955017 0.38327738642692566
v 8.965954780578613 -0.7817491888999939 0.3963373005390167
v 8.995250701904297 -0.2903343439102173 0.4093972444534302
v 8.98009967803955 0.5979785919189453 0.4329734444618225
v 8.860883712768555 1.5759918689727783 0.4591214656829834
v 8.635110855102539 2.536625385284424 0.4853103756904602
v 8.343384742736816 3.374498128890991 0.50885409116745
v 7.9240217208862305 4.267216205596924 0.5350298285484314
v 7.465040683746338 5.02720832824707 0.5585902333259583
v 7.1785478591918945 5.4283833503723145 0.5716683268547058
v 6.8705525398254395 5.8133015632629395 0.5847464203834534
v 6.264081954956055 6.462291240692139 0.6083179116249084
v 5.520639419555664 7.107837677001953 0.6344482898712158
v 4.7929606437683105 7.617578983306885 0.6580249667167664
v 3.932460069656372 8.095343589782715 0.6841458082199097
v 3.1151530742645264 8.443671226501465 0.7077218890190125
v 2.2690112590789795 8.709233283996582 0.731255829334259
v 1.7882428169250488 8.820487022399902 0.7443471550941467
v 1.3021098375320435 8.905275344848633 0.7574385404586792
v 0.4186193645000458 8.990230560302734 0.780991792678833
v -0.567298412322998 8.982051849365234 0.8071579933166504
v -1.4497787952423096 8.882452964782715 0.8307249546051025
v -2.4118497371673584 8.670746803283691 0.8568682670593262
v -3.2549691200256348 8.390779495239258 0.8804432153701782
v -3.7087743282318115 8.200263023376465 0.8935003280639648
v -4.151495933532715 7.985229015350342 0.9065573811531067
v -4.918638229370117 7.537034034729004 0.9301344752311707
v -5.323629856109619 7.256627082824707 0.9432027339935303
v -5.71265983581543 6.954453945159912 0.9562709331512451
v -6.370460033416748 6.357422351837158 0.9798443913459778
v -6.965468883514404 5.69926118850708 1.0033892393112183
v -7.5472636222839355 4.90286111831665 1.0295640230178833
v -7.993648529052734 4.135367393493652 1.053125262260437
v -8.208035469055176 3.691484212875366 1.0662026405334473
v -8.397841453552246 3.2365424633026123 1.079280138015747
v -8.676040649414062 2.3929603099823 1.1028519868850708
v -8.793896675109863 1.914823055267334 1.11591637134552
v -8.88544750213623 1.4309531450271606 1.1289806365966797
v -8.983305931091309 0.5478982925415039 1.1525574922561646
v -8.989349365234375 -0.436387300491333 1.178680181503296
v -8.90257453918457 -1.3205697536468506 1.2022560834884644
v -8.72934341430664 -2.1903727054595947 1.2257912158966064
v -8.596152305603027 -2.665515661239624 1.2388821840286255
v -8.437170028686523 -3.132660150527954 1.2519731521606445
v -8.087568283081055 -3.9485132694244385 1.2755273580551147
v -7.859123706817627 -4.38554573059082 1.2886098623275757
v -7.6071271896362305 -4.809437274932861 1.3016923666000366
v -7.09611177444458 -5.535796165466309 1.325260043144226
v -6.44859504699707 -6.27809476852417 1.3514018058776855
v -5.798255443572998 -6.883330345153809 1.3749769926071167
v -5.012178421020508 -7.475083351135254 1.4010893106460571
v -4.250746250152588 -7.932908058166504 1.4246662855148315
v -3.8103220462799072 -8.153596878051758 1.4377353191375732
v -3.358463764190674 -8.349828720092773 1.450804352760315
v -2.518963098526001 -8.640276908874512 1.4743773937225342
v -1.6559244394302368 -8.8463134765625 1.497923493385315
v -0.678037703037262 -8.974379539489746 1.524097204208374
v 0.20955634117126465 -8.997543334960938 1.5476592779159546
v 1.1920242309570312 -8.92065143585205 1.57381272315979
v 2.0656180381774902 -8.759747505187988 1.597385048866272
v 2.5416064262390137 -8.633621215820312 1.6104484796524048
v 3.0099971294403076 -8.481669425964355 1.6235120296478271
v 3.831636428833008 -8.1436185836792 1.647088885307312
v 4.698060989379883 -7.676396369934082 1.6732133626937866
v 5.432044506072998 -7.175835609436035 1.696789026260376
v 6.1119561195373535 -6.606298923492432 1.7203254699707031
v 6.798295021057129 -5.897674083709717 1.7465065717697144
v 7.346199035644531 -5.19931697845459 1.7700618505477905
v 7.619906902313232 -4.789139747619629 1.7831437587738037
v 7.87078332901001 -4.36461067199707 1.7962255477905273
v 8.262682914733887 -3.567622184753418 1.8197938203811646
v 8.603007316589355 -2.643313407897949 1.8459340333938599
v 8.821765899658203 -1.7822585105895996 1.8695094585418701
v 8.96352767944336 -0.8086839914321899 1.8956198692321777
v 8.999645233154297 0.07905097305774689 1.9191968441009521
v 8.981827735900879 0.5713815093040466 1.9322667121887207
v 8.93706226348877 1.062002420425415 1.9453364610671997
v 8.865389823913574 1.5504165887832642 1.9584324359893799
v 8.76708984375 2.0341708660125732 1.9715282917022705
v 8.524260520935059 2.8872439861297607 1.9950655698776245
v 8.157062530517578 3.8028533458709717 2.0212461948394775
v 7.742781639099121 4.5879058837890625 2.044801950454712
v 7.194513320922852 5.407219409942627 2.070965051651001
v 6.626565456390381 6.09003210067749 2.0945334434509277
v 6.2833685874938965 6.443472385406494 2.107603073120117
v 5.9213643074035645 6.777631759643555 2.1206729412078857
v 5.224326133728027 7.328465938568115 2.1442484855651855
v 4.815937519073486 7.603034019470215 2.157303810119629
v 4.393146514892578 7.854875087738037 2.1703591346740723
v 3.597282886505127 8.249812126159668 2.1939361095428467
v 2.6742005348205566 8.593461990356445 2.220076560974121
v 1.7172179222106934 8.834639549255371 2.2462680339813232
v 0.839240312576294 8.960741996765137 2.269806146621704
v 0.3468879163265228 8.993246078491211 2.282896041870117
v -0.14650456607341766 8.998771667480469 2.2959861755371094
v -1.0322723388671875 8.940580368041992 2.319542407989502
v -1.5203676223754883 8.870588302612305 2.3326237201690674
v -2.0039095878601074 8.774017333984375 2.3457047939300537
v -2.8589694499969482 8.533824920654297 2.3692736625671387
v -3.7743191719055176 8.170272827148438 2.3954122066497803
v -4.561497211456299 7.758398056030273 2.418987989425659
v -5.381094455718994 7.214057445526123 2.4450995922088623
v -6.0662078857421875 6.648380279541016 2.4686765670776367
v -6.420929908752441 6.306456565856934 2.4817471504211426
v -6.756385326385498 5.945603370666504 2.4948179721832275
v -7.072206974029541 5.566219806671143 2.507913589477539
v -7.366786003112793 5.170120716094971 2.5210092067718506
v -7.839919090270996 4.419829368591309 2.5445477962493896
v -8.276548385620117 3.5352625846862793 2.5707273483276367
v -8.584571838378906 2.7027204036712646 2.5942842960357666
v -8.82863712310791 1.7476270198822021 2.620445966720581
v -8.957948684692383 0.8689234852790833 2.644015073776245
v -8.99202823638916 0.3774876892566681 2.6570839881896973
v -8.999199867248535 -0.11508198827505112 2.6701526641845703
v -8.944070816040039 -1.001794695854187 2.6937286853790283
v -8.781196594238281 -1.972154140472412 2.719841480255127
v -8.544012069702148 -2.8283729553222656 2.7434182167053223
v -8.183692932128906 -3.7451467514038086 2.7695605754852295
v -7.724472999572754 -4.618679046630859 2.7957515716552734
v -7.232269763946533 -5.356631755828857 2.8192906379699707
v -6.927825450897217 -5.7449140548706055 2.8323802947998047
v -6.60260009765625 -6.115962982177734 2.8454699516296387
v -5.967975616455078 -6.736679553985596 2.8690271377563477
v -5.195403575897217 -7.348931789398193 2.895188093185425
v -4.445768356323242 -7.825281620025635 2.918757677078247
v -3.5641162395477295 -8.26413345336914 2.944894313812256
v -2.7319729328155518 -8.575332641601562 2.968470335006714
v -2.2591099739074707 -8.711821556091309 2.981527328491211
v -1.779485821723938 -8.822257995605469 2.994584321975708
v -0.900964081287384 -8.954779624938965 3.0181610584259033
v -0.40955427289009094 -8.990662574768066 3.0312325954437256
v 0.08308935910463333 -8.999558448791504 3.044304132461548
v 1.0679407119750977 -8.936395645141602 3.0704948902130127
v 1.9424769878387451 -8.787834167480469 3.0940349102020264
v 2.8925368785858154 -8.522473335266113 3.120213508605957
v 3.718081474304199 -8.196063995361328 3.143771171569824
v 4.1613240242004395 -7.9801154136657715 3.156851291656494
v 4.592101573944092 -7.740258693695068 3.169931411743164
v 5.332712650299072 -7.249970436096191 3.1935014724731445
v 6.068466663360596 -6.646242141723633 3.218759059906006
v -3.8123700618743896 7.0331950187683105 -2.6666667461395264
v -4.6014485359191895 6.544187068939209 -2.638948678970337
v -4.973399639129639 6.266202449798584 -2.625089645385742
v -5.328574180603027 5.967081069946289 -2.6112306118011475
v -5.666355609893799 5.64730978012085 -2.59734845161438
v -5.984996795654297 5.308465003967285 -2.5834662914276123
v -6.283015251159668 4.952121257781982 -2.569601535797119
v -6.559854507446289 4.5790815353393555 -2.555737018585205
v -7.002482891082764 3.868476390838623 -2.530742645263672
v -7.403897285461426 3.0302133560180664 -2.5029916763305664
v -7.705350399017334 2.151099920272827 -2.4752423763275146
v -7.887989521026611 1.3340167999267578 -2.4502463340759277
v -7.971927165985107 0.6693545579910278 -2.430248260498047
v -8 0 -2.410250425338745
v -7.986512660980225 -0.46380364894866943 -2.396401882171631
v -7.946167945861816 -0.9260483980178833 -2.3825533390045166
v -7.785606861114502 -1.839648723602295 -2.354856491088867
v -7.520136833190918 -2.7288637161254883 -2.327148199081421
v -7.193668842315674 -3.5001609325408936 -2.302142858505249
v -6.739990234375 -4.309487819671631 -2.274440050125122
v -6.252531051635742 -4.99057674407959 -2.249434471130371
v -5.952653408050537 -5.344661712646484 -2.2355856895446777
v -5.632754325866699 -5.680776596069336 -2.2217369079589844
v -5.007976055145264 -6.238603591918945 -2.1967310905456543
v -4.251986026763916 -6.776412010192871 -2.169029474258423
v -3.520210027694702 -7.183878421783447 -2.1440234184265137
v -2.664626359939575 -7.5431365966796875 -2.116316318511963
v -1.861376166343689 -7.780440330505371 -2.091310501098633
v -1.4069160223007202 -7.875290870666504 -2.0774543285369873
v -0.947711706161499 -7.943613529205322 -2.063598155975342
v -0.11199559271335602 -7.999213218688965 -2.038592576980591
v 0.8153871893882751 -7.958285331726074 -2.0108754634857178
v 1.6429734230041504 -7.8294677734375 -1.985870122909546
v 2.539018154144287 -7.586339950561523 -1.9581481218338013
v 3.3182647228240967 -7.279355525970459 -1.9331433773040771
v 3.7351386547088623 -7.074495315551758 -1.9192801713943481
v 4.139413356781006 -6.845760822296143 -1.9054168462753296
v 4.832451343536377 -6.375522136688232 -1.8804128170013428
v 5.538763046264648 -5.7724609375 -1.8526818752288818
v 6.111910820007324 -5.1618194580078125 -1.8276786804199219
v 6.669010162353516 -4.418543338775635 -1.7999435663223267
v 7.094408988952637 -3.6971826553344727 -1.774941325187683
v 7.441547393798828 -2.9364445209503174 -1.7499762773513794
v 7.599667549133301 -2.498847007751465 -1.7360894680023193
v 7.732122421264648 -2.0528135299682617 -1.7222026586532593
v 7.90415620803833 -1.2343822717666626 -1.6972339153289795
v 7.975969314575195 -0.6190451979637146 -1.6787421703338623
v 8 0 -1.6602503061294556
v 7.946167945861816 0.9260483980178833 -1.6325534582138062
v 7.785606861114502 1.839648723602295 -1.6048566102981567
v 7.665767669677734 2.288102626800537 -1.591002345085144
v 7.520136833190918 2.7288637161254883 -1.5771480798721313
v 7.193668842315674 3.5001609325408936 -1.5521429777145386
v 6.978567123413086 3.91140079498291 -1.5382914543151855
v 6.739990234375 4.309487819671631 -1.524440050125122
v 6.252531051635742 4.99057674407959 -1.4994345903396606
v 5.632754325866699 5.680776596069336 -1.471737027168274
v 5.007976055145264 6.238603591918945 -1.4467312097549438
v 4.251986026763916 6.776412010192871 -1.4190293550491333
v 3.520210027694702 7.183878421783447 -1.3940235376358032
v 3.097634792327881 7.375922679901123 -1.3801699876785278
v 2.664626359939575 7.5431365966796875 -1.366316318511963
v 1.861376166343689 7.780440330505371 -1.3413105010986328
v 0.947711706161499 7.943613529205322 -1.3135982751846313
v 0.11199559271335602 7.999213218688965 -1.2885925769805908
v -0.8153871893882751 7.958285331726074 -1.2608753442764282
v -1.6429734230041504 7.8294677734375 -1.235870122909546
v -2.0945253372192383 7.720923900604248 -1.2220090627670288
v -2.539018154144287 7.586339950561523 -1.2081481218338013
v -3.3182647228240967 7.279355525970459 -1.1831433773040771
v -4.139413356781006 6.845760822296143 -1.1554168462753296
v -4.832451343536377 6.375522136688232 -1.1304128170013428
v -5.538763046264648 5.7724609375 -1.1026818752288818
v -6.111910820007324 5.1618194580078125 -1.0776786804199219
v -6.401270389556885 4.7982869148254395 -1.063811182975769
v -6.669010162353516 4.418543338775635 -1.0499435663223267
v -7.094408988952637 3.6971826553344727 -1.024941325187683
v -7.441547393798828 2.9364445209503174 -0.9999762773513794
v -7.732122421264648 2.0528135299682617 -0.9722026586532593
v -7.90415620803833 1.2343822717666626 -0.9472339153289795
v -7.975969314575195 0.6190451979637146 -0.9287421107292175
v -8 0 -0.9102503061294556
v -7.986512660980225 -0.46380364894866943 -0.8964018821716309
v -7.946167945861816 -0.9260483980178833 -0.8825534582138062
v -7.879140853881836 -1.3851810693740845 -0.8687050342559814
v -7.785606861114502 -1.839648723602295 -0.854856550693512
v -7.665767669677734 -2.288102626800537 -0.841002345085144
v -7.520136833190918 -2.7288637161254883 -0.8271480798721313
v -7.193668842315674 -3.5001609325408936 -0.8021429181098938
v -6.739990234375 -4.309487819671631 -0.7744400501251221
v -6.252531051635742 -4.99057674407959 -0.7494345307350159
v -5.632754325866699 -5.680776596069336 -0.7217369675636292
v -5.007976055145264 -6.238603591918945 -0.6967311501502991
v -4.637784957885742 -6.518472671508789 -0.6828802824020386
v -4.251986026763916 -6.776412010192871 -0.6690294146537781
v -3.520210027694702 -7.183878421783447 -0.6440234780311584
v -2.664626359939575 -7.5431365966796875 -0.6163163781166077
v -1.861376166343689 -7.780440330505371 -0.5913105010986328
v -0.947711706161499 -7.943613529205322 -0.5635982155799866
v -0.11199559271335602 -7.999213218688965 -0.5385925769805908
v 0.35228708386421204 -7.992218494415283 -0.5247339606285095
v 0.8153871893882751 -7.958285331726074 -0.5108753442764282
v 1.6429734230041504 -7.8294677734375 -0.4858700931072235
v 2.539018154144287 -7.586339950561523 -0.45814812183380127
v 3.3182647228240967 -7.279355525970459 -0.43314337730407715
v 4.139413356781006 -6.845760822296143 -0.405416876077652
v 4.832451343536377 -6.375522136688232 -0.3804127871990204
v 5.194373607635498 -6.084263324737549 -0.3665473759174347
v 5.538763046264648 -5.7724609375 -0.3526819348335266
v 6.111910820007324 -5.1618194580078125 -0.3276786804199219
v 6.401270389556885 -4.7982869148254395 -0.31381115317344666
v 6.669010162353516 -4.418543338775635 -0.29994359612464905
v 7.094408988952637 -3.6971826553344727 -0.2749413847923279
v 7.441547393798828 -2.9364445209503174 -0.24997630715370178
v 7.732122421264648 -2.0528135299682617 -0.22220268845558167
v 7.90415620803833 -1.2343822717666626 -0.19723394513130188
v 7.975969314575195 -0.6190451979637146 -0.17874212563037872
v 8 0 -0.16025030612945557
v 7.986512660980225 0.46380364894866943 -0.14640186727046967
v 7.946167945861816 0.9260483980178833 -0.13255344331264496
v 7.785606861114502 1.839648723602295 -0.10485657304525375
v 7.520136833190918 2.7288637161254883 -0.07714810967445374
v 7.193668842315674 3.5001609325408936 -0.052142947912216187
v 6.739990234375 4.309487819671631 -0.024440031498670578
v 6.252531051635742 4.99057674407959 0.0005654623964801431
v 5.952653408050537 5.344661712646484 0.014414241537451744
v 5.632754325866699 5.680776596069336 0.028263021260499954
v 5.007976055145264 6.238603591918945 0.05326883867383003
v 4.251986026763916 6.776412010192871 0.08097059279680252
v 3.520210027694702 7.183878421783447 0.10597650706768036
v 2.664626359939575 7.5431365966796875 0.13368363678455353
v 1.861376166343689 7.780440330505371 0.1586894989013672
v 1.4069160223007202 7.875290870666504 0.1725456267595291
v 0.947711706161499 7.943613529205322 0.18640176951885223
v 0.11199559271335602 7.999213218688965 0.21140740811824799
v -0.8153871893882751 7.958285331726074 0.2391246259212494
v -1.6429734230041504 7.8294677734375 0.2641299068927765
v -2.539018154144287 7.586339950561523 0.29185187816619873
v -3.3182647228240967 7.279355525970459 0.31685662269592285
v -3.7351386547088623 7.074495315551758 0.33071988821029663
v -4.139413356781006 6.845760822296143 0.344583123922348
v -4.832451343536377 6.375522136688232 0.3695872128009796
v -5.538763046264648 5.7724609375 0.3973180651664734
v -6.111910820007324 5.1618194580078125 0.4223213195800781
v -6.669010162353516 4.418543338775635 0.45005640387535095
v -7.094408988952637 3.6971826553344727 0.4750586152076721
v -7.441547393798828 2.9364445209503174 0.5000237226486206
v -7.599667549133301 2.498847007751465 0.5139105319976807
v -7.732122421264648 2.0528135299682617 0.5277973413467407
v -7.90415620803833 1.2343822717666626 0.5527660846710205
v -7.975969314575195 0.6190451979637146 0.5712578892707825
v -8 0 0.5897496938705444
v -7.946167945861816 -0.9260483980178833 0.6174465417861938
v -7.785606861114502 -1.839648723602295 0.645143449306488
v -7.520136833190918 -2.7288637161254883 0.6728519201278687
v -7.193668842315674 -3.5001609325408936 0.6978570818901062
v -6.978567123413086 -3.91140079498291 0.7117084860801697
v -6.739990234375 -4.309487819671631 0.7255599498748779
v -6.252531051635742 -4.99057674407959 0.7505654692649841
v -5.632754325866699 -5.680776596069336 0.7782630324363708
v -5.007976055145264 -6.238603591918945 0.8032688498497009
v -4.251986026763916 -6.776412010192871 0.8309705853462219
v -3.520210027694702 -7.183878421783447 0.8559765219688416
v -3.097634792327881 -7.375922679901123 0.8698300719261169
v -2.664626359939575 -7.5431365966796875 0.8836836218833923
v -1.861376166343689 -7.780440330505371 0.9086894989013672
v -0.947711706161499 -7.943613529205322 0.9364017844200134
v -0.11199559271335602 -7.999213218688965 0.9614074230194092
v 0.8153871893882751 -7.958285331726074 0.9891246557235718
v 1.6429734230041504 -7.8294677734375 1.014129877090454
v 2.0945253372192383 -7.720923900604248 1.0279909372329712
v 2.539018154144287 -7.586339950561523 1.0418518781661987
v 3.3182647228240967 -7.279355525970459 1.0668566226959229
v 4.139413356781006 -6.845760822296143 1.0945831537246704
v 4.832451343536377 -6.375522136688232 1.1195871829986572
v 5.538763046264648 -5.7724609375 1.1473181247711182
v 6.111910820007324 -5.1618194580078125 1.1723213195800781
v 6.401270389556885 -4.7982869148254395 1.186188817024231
v 6.669010162353516 -4.418543338775635 1.2000564336776733
v 7.094408988952637 -3.6971826553344727 1.225058674812317
v 7.441547393798828 -2.9364445209503174 1.2500237226486206
v 7.732122421264648 -2.0528135299682617 1.2777973413467407
v 7.90415620803833 -1.2343822717666626 1.3027660846710205
v 7.975969314575195 -0.6190451979637146 1.3212578296661377
v 8 0 1.3397496938705444
v 7.946167945861816 0.9260483980178833 1.3674465417861938
v 7.879140853881836 1.3851810693740845 1.3812949657440186
v 7.785606861114502 1.839648723602295 1.3951433897018433
v 7.665767669677734 2.288102626800537 1.408997654914856
v 7.520136833190918 2.7288637161254883 1.4228519201278687
v 7.193668842315674 3.5001609325408936 1.4478570222854614
v 6.739990234375 4.309487819671631 1.475559949874878
v 6.252531051635742 4.99057674407959 1.5005654096603394
v 5.632754325866699 5.680776596069336 1.528262972831726
v 5.007976055145264 6.238603591918945 1.5532687902450562
v 4.637784957885742 6.518472671508789 1.5671197175979614
v 4.251986026763916 6.776412010192871 1.5809706449508667
v 3.520210027694702 7.183878421783447 1.6059764623641968
v 2.664626359939575 7.5431365966796875 1.633683681488037
v 1.861376166343689 7.780440330505371 1.6586894989013672
v 0.947711706161499 7.943613529205322 1.6864017248153687
v 0.11199559271335602 7.999213218688965 1.7114074230194092
v -0.35228708386421204 7.992218494415283 1.7252659797668457
v -0.8153871893882751 7.958285331726074 1.7391246557235718
v -1.6429734230041504 7.8294677734375 1.764129877090454
v -2.539018154144287 7.586339950561523 1.7918518781661987
v -3.3182647228240967 7.279355525970459 1.8168566226959229
v -4.139413356781006 6.845760822296143 1.8445831537246704
v -4.832451343536377 6.375522136688232 1.8695871829986572
v -5.194373607635498 6.084263324737549 1.8834526538848877
v -5.538763046264648 5.7724609375 1.8973181247711182
v -6.111910820007324 5.1618194580078125 1.9223213195800781
v -6.401270389556885 4.7982869148254395 1.936188817024231
v -6.669010162353516 4.418543338775635 1.9500564336776733
v -7.094408988952637 3.6971826553344727 1.975058674812317
v -7.441547393798828 2.9364445209503174 2.000023603439331
v -7.732122421264648 2.0528135299682617 2.027797222137451
v -7.90415620803833 1.2343822717666626 2.0527660846710205
v -7.975969314575195 0.6190451979637146 2.0712578296661377
v -4.452975273132324 7.239912509918213 -2.3625168800354004
v -3.23791766166687 -7.857846736907959 -1.8379946947097778
v 2.435120105743408 8.145528793334961 -1.0634371042251587
v 1.5497080087661743 8.356226921081543 -1.0378857851028442
v -7.818707466125488 -3.345193386077881 0.9774852395057678
v 2.2727341651916504 -8.18733024597168 2.820253849029541
v 3.1372504234313965 -7.899291038513184 2.8458919525146484
v -7.441295623779297 2.9371960163116455 8
v -7.1312575340271 3.7205986976623535 8
v -6.7361931800842285 4.474458694458008 8
v -6.267799377441406 5.178093910217285 8
v -5.671199321746826 5.890976428985596 8
v -4.996540546417236 6.532186985015869 8
v -4.314746856689453 7.051876544952393 8
v -3.5724873542785645 7.503289222717285 8
v -2.7748031616210938 7.879859447479248 8
v -1.9326304197311401 8.172677993774414 8
v -1.0563799142837524 8.376113891601562 8
v -0.17456142604351044 8.483630180358887 8
v 0.7049094438552856 8.498360633850098 8
v 1.5833638906478882 8.423375129699707 8
v 2.5099973678588867 8.242101669311523 8
v 3.4244766235351562 7.956833362579346 8
v 4.288789749145508 7.577816963195801 8
v 4.711122512817383 7.349318027496338 8
v 5.115562438964844 7.101199626922607 8
v 5.893319606781006 6.531982898712158 8
v 6.601938247680664 5.882963180541992 8
v 7.239245414733887 5.15586519241333 8
v 7.7992658615112305 4.355433940887451 8
v 8.156607627868652 3.724149227142334 8
v 8.462806701660156 3.06282639503479 8
v 6.736443996429443 -5.968276023864746 3.2440168857574463
v 7.3476033210754395 -5.197265148162842 3.270127534866333
v 7.620715141296387 -4.7878947257995605 3.2831828594207764
v 7.871055603027344 -4.364223957061768 3.2962381839752197
v 8.097928047180176 -3.92722487449646 3.3093008995056152
v 8.300552368164062 -3.478459596633911 3.3223633766174316
v 8.603110313415527 -2.6431469917297363 3.3459389209747314
v 8.821460723876953 -1.7835440635681152 3.3694746494293213
v 8.9636869430542 -0.8073064088821411 3.3956565856933594
v 8.99962043762207 0.07953988015651703 3.4192099571228027
v 8.981717109680176 0.5723788142204285 3.432293176651001
v 8.936894416809082 1.0635038614273071 3.445376396179199
v 8.788612365722656 1.9390971660614014 3.468942880630493
v 8.669268608093262 2.417189359664917 3.482015371322632
v 8.523970603942871 2.8880488872528076 3.4950881004333496
v 8.197778701782227 3.714352607727051 3.518662214279175
v 7.743150234222412 4.587205410003662 3.544780731201172
v 7.25317907333374 5.328350067138672 3.5683577060699463
v 6.627647399902344 6.088775634765625 3.594489574432373
v 5.995105266571045 6.712553977966309 3.6180639266967773
v 5.305150985717773 7.2701191902160645 3.641604423522949
v 4.898751735687256 7.5499043464660645 3.654693603515625
v 4.477658748626709 7.807043075561523 3.66778302192688
v 3.6867740154266357 8.210193634033203 3.691340208053589
v 2.766718864440918 8.564129829406738 3.7175018787384033
v 1.9091463088989258 8.795170783996582 3.741070508956909
v 1.425020694732666 8.8864164352417 3.7541401386260986
v 0.9366262555122375 8.951066970825195 3.767210006713867
v 0.049566078931093216 8.999863624572754 3.790785074234009
v -0.44243425130844116 8.989083290100098 3.8038408756256104
v -0.9331170320510864 8.951431274414062 3.816896438598633
v -1.811173439025879 8.815868377685547 3.840473175048828
v -2.2908263206481934 8.703551292419434 3.8535423278808594
v -2.7636122703552246 8.565126419067383 3.8666114807128906
v -3.594538688659668 8.250992774963379 3.8901844024658203
v -4.389492034912109 7.85695219039917 3.913729429244995
v -4.8133955001831055 7.604607105255127 3.926816940307617
v -5.222865104675293 7.329457759857178 3.9399044513702393
v -5.9196271896362305 6.779209136962891 3.9634649753570557
v -6.281915664672852 6.444878101348877 3.976543426513672
v -6.625389575958252 6.091240882873535 3.989621639251709
v -7.193591117858887 5.40852689743042 4.013192653656006
v -7.478657245635986 5.006877899169922 4.026258945465088
v -7.741350173950195 4.590244293212891 4.03932523727417
v -8.156264305114746 3.8046486377716064 4.062901496887207
v -8.352046012878418 3.353025436401367 4.075960159301758
v -8.522842407226562 2.8913660049438477 4.089018821716309
v -8.76644515991211 2.036970853805542 4.112595081329346
v -8.93651294708252 1.0666431188583374 4.138739585876465
v -8.981548309326172 0.5750840902328491 4.151834964752197
v -8.999610900878906 0.08180073648691177 4.1649298667907715
v -8.963926315307617 -0.8045345544815063 4.188469886779785
v -8.906341552734375 -1.294569969177246 4.201559066772461
v -8.822039604187012 -1.780721664428711 4.214648723602295
v -8.603715896606445 -2.6411428451538086 4.238205432891846
v -8.446118354797363 -3.108370065689087 4.251286506652832
v -8.263212203979492 -3.5662856101989746 4.264368057250977
v -7.871516704559326 -4.363379955291748 4.287936210632324
v -7.347509384155273 -5.197401523590088 4.3140764236450195
v -6.799345016479492 -5.8965163230896 4.33765172958374
v -6.4668378829956055 -6.259342193603516 4.3507080078125
v -6.114994049072266 -6.603459358215332 4.36376428604126
v -5.434145927429199 -7.174255847930908 4.387341022491455
v -5.033469200134277 -7.460822582244873 4.400409698486328
v -4.617691516876221 -7.725015163421631 4.413478374481201
v -3.8336522579193115 -8.142647743225098 4.437051773071289
v -3.013284206390381 -8.4805326461792 4.460595607757568
v -2.067199468612671 -8.759336471557617 4.486771583557129
v -1.1941184997558594 -8.920411109924316 4.510331153869629
v -0.7038674354553223 -8.972373008728027 4.523410320281982
v -0.2115054577589035 -8.997459411621094 4.536489009857178
v 0.6764155626296997 -8.974540710449219 4.560059547424316
v 1.652840256690979 -8.846861839294434 4.586193561553955
v 2.5170557498931885 -8.640857696533203 4.609769344329834
v 3.4453673362731934 -8.31434154510498 4.635885715484619
v 4.24837064743042 -7.934177398681641 4.659461975097656
v 4.676212310791016 -7.689785003662109 4.6725335121154785
v 5.090021133422852 -7.422308444976807 4.685605525970459
v 5.48930549621582 -7.132072925567627 4.698700904846191
v 5.872101306915283 -6.8204193115234375 4.711796283721924
v 6.514956474304199 -6.209233283996582 4.735334873199463
v 7.1553850173950195 -5.458922863006592 4.761514663696289
v 7.658348083496094 -4.7275004386901855 4.785070896148682
v 8.129446029663086 -3.861499786376953 4.811233997344971
v 8.470495223999023 -3.0414724349975586 4.834802150726318
v 8.624198913574219 -2.573373317718506 4.847872734069824
v 8.752090454101562 -2.0975682735443115 4.86094331741333
v 8.916312217712402 -1.2244906425476074 4.884518146514893
v 8.969880104064941 -0.7352491021156311 4.897575378417969
v 8.996631622314453 -0.24380429089069366 4.910632133483887
v 8.976892471313477 0.6444385647773743 4.934208869934082
v 8.85268497467041 1.6213867664337158 4.960345268249512
v 8.64975357055664 2.486239194869995 4.9839186668396
v 8.362919807434082 3.3257906436920166 5.007462024688721
v 8.168088912963867 3.7790415287017822 5.02055025100708
v 7.948760986328125 4.220958709716797 5.0336384773254395
v 7.494236946105957 4.983577728271484 5.057197570800781
v 7.210064888000488 5.3864521980285645 5.070276737213135
v 6.904292583465576 5.773193359375 5.0833563804626465
v 6.3016438484191895 6.425666332244873 5.106926441192627
v 5.561839580535889 7.075648307800293 5.133061408996582
v 4.837159633636475 7.589590549468994 5.156637191772461
v 4.415009021759033 7.842647552490234 5.169694900512695
v 3.979649543762207 8.072250366210938 5.1827521324157715
v 3.164379835128784 8.4253511428833 5.206328868865967
v 2.69856333732605 8.58588981628418 5.219399929046631
v 2.2246437072753906 8.720661163330078 5.232470989227295
v 1.7431648969650269 8.829514503479004 5.245566368103027
v 1.2564536333084106 8.911848068237305 5.258662223815918
v 0.3731088936328888 8.992219924926758 5.282200336456299
v -0.12027102708816528 8.999131202697754 5.295290470123291
v -0.6132895350456238 8.979045867919922 5.308380603790283
v -1.4948103427886963 8.874969482421875 5.331935882568359
v -1.9786479473114014 8.779739379882812 5.345017910003662
v -2.4565582275390625 8.658199310302734 5.358099937438965
v -3.2979533672332764 8.373968124389648 5.381667613983154
v -3.7512574195861816 8.180899620056152 5.394738674163818
v -4.1933369636535645 7.96334171295166 5.407809734344482
v -4.9580397605896 7.511180877685547 5.431384563446045
v -5.361219882965088 7.22887659072876 5.444442272186279
v -5.7483744621276855 6.92495584487915 5.4574995040893555
v -6.403195381164551 6.3244757652282715 5.481076240539551
v -6.739603042602539 5.964680194854736 5.494143962860107
v -7.055805683135986 5.586996078491211 5.507211685180664
v -7.572265148162842 4.864198684692383 5.530785083770752
v -8.014363288879395 4.095031261444092 5.554327964782715
v -8.226696014404297 3.649697780609131 5.567416667938232
v -8.414356231689453 3.193418502807617 5.580504894256592
v -8.688056945800781 2.348889112472534 5.604063987731934
v -8.803608894348145 1.8695921897888184 5.617143630981445
v -8.892786979675293 1.3846921920776367 5.630223274230957
v -8.986016273498535 0.5014076232910156 5.653792858123779
v -8.986944198608398 -0.48340973258018494 5.679929256439209
v -8.895560264587402 -1.367116093635559 5.70350456237793
v -8.807494163513184 -1.8513375520706177 5.716561794281006
v -8.693089485168457 -2.3300278186798096 5.729618549346924
v -8.421050071716309 -3.1758079528808594 5.753194808959961
v -8.234639167785645 -3.631866693496704 5.766265869140625
v -8.023513793945312 -4.077030658721924 5.779336452484131
v -7.787908554077148 -4.510812759399414 5.7924323081970215
v -7.5289130210876465 -4.9310431480407715 5.805527687072754
v -7.006956100463867 -5.648165702819824 5.829064846038818
v -6.346691608428955 -6.381136417388916 5.855246067047119
v -5.687256336212158 -6.975287914276123 5.878800868988037
v -5.2966437339782715 -7.276292324066162 5.89188289642334
v -4.8901567459106445 -7.555492401123047 5.904965400695801
v -4.121720790863037 -8.000702857971191 5.928532600402832
v -3.677671432495117 -8.214241981506348 5.941604137420654
v -3.2226102352142334 -8.403194427490234 5.954676151275635
v -2.3784708976745605 -8.68002700805664 5.978250503540039
v -1.4165821075439453 -8.887751579284668 6.004366874694824
v -0.5333667397499084 -8.984176635742188 6.0279436111450195
v 0.4513552486896515 -8.988614082336426 6.054077625274658
v 1.335320234298706 -8.900368690490723 6.077651500701904
v 2.205085039138794 -8.725645065307617 6.101193428039551
v 2.6799213886260986 -8.591672897338867 6.114282608032227
v 3.1467196941375732 -8.431931495666504 6.127371311187744
v 3.962127923965454 -8.080912590026855 6.1509294509887695
v 4.822082996368408 -7.599115371704102 6.177089691162109
v 5.547649383544922 -7.086852073669434 6.200658798217773
v 5.927061080932617 -6.772668838500977 6.2137274742126465
v 6.2887396812438965 -6.438215255737305 6.2267961502075195
v 6.892909049987793 -5.786864757537842 6.250371932983398
v 7.1988983154296875 -5.401412487030029 6.263428211212158
v 7.4833664894104 -4.999805927276611 6.27648401260376
v 7.939920902252197 -4.237630367279053 6.300060749053955
v 8.355401992797852 -3.3445801734924316 6.326201438903809
v 8.64444637298584 -2.504617929458618 6.34977388381958
v 8.849053382873535 -1.6412228345870972 6.37332010269165
v 8.92565631866455 -1.1539032459259033 6.386406898498535
v 8.975495338439941 -0.6631233096122742 6.39949369430542
v 8.99718189239502 0.224485844373703 6.423055171966553
v 8.971353530883789 0.7167568206787109 6.436132907867432
v 8.918655395507812 1.2068839073181152 6.449210166931152
v 8.756300926208496 2.0801732540130615 6.472781658172607
v 8.476609230041504 3.024226188659668 6.498912811279297
v 8.137188911437988 3.84527587890625 6.522489070892334
v 7.9147419929504395 4.284429550170898 6.535548686981201
v 7.668606758117676 4.710766315460205 6.548608779907227
v 7.166824817657471 5.443933486938477 6.5721845626831055
v 6.858120918273926 5.828032970428467 6.5852580070495605
v 6.528820514678955 6.194634914398193 6.598330974578857
v 6.179378986358643 6.54325532913208 6.611425876617432
v 5.811383247375488 6.872225284576416 6.624520778656006
v 5.1065802574157715 7.410945415496826 6.648062229156494
v 4.264886856079102 7.925280570983887 6.6742401123046875
v 3.463369607925415 8.306904792785645 6.697797775268555
v 3.0032382011413574 8.48406982421875 6.710878372192383
v 2.534106969833374 8.635817527770996 6.723958492279053
v 1.6705865859985352 8.843585968017578 6.747527599334717
v 1.1841894388198853 8.921703338623047 6.760596752166748
v 0.6942444443702698 8.97312068939209 6.773665904998779
v -0.1938169151544571 8.997912406921387 6.797241687774658
v -1.174829125404358 8.92292594909668 6.823352813720703
v -2.0488970279693604 8.76366901397705 6.846929550170898
v -2.5253562927246094 8.638419151306152 6.859999179840088
v -2.994243621826172 8.487252235412598 6.873068809509277
v -3.816361427307129 8.150764465332031 6.896641254425049
v -4.600391387939453 7.73535680770874 6.920186996459961
v -5.017304420471191 7.471644878387451 6.933274269104004
v -5.419173240661621 7.185528755187988 6.946361541748047
v -6.100814342498779 6.616625785827637 6.9699225425720215
v -6.453916549682617 6.272629737854004 6.9830002784729
v -6.787689685821533 5.909843921661377 6.9960784912109375
v -7.337228775024414 5.212005138397217 7.019649505615234
v -7.611318111419678 4.802811145782471 7.032715320587158
v -7.862637519836426 4.379243850708008 7.04578161239624
v -8.256158828735352 3.582712173461914 7.069357872009277
v -8.597922325134277 2.659808397293091 7.095476150512695
v -8.818326950073242 1.7991411685943604 7.119052410125732
v -8.903576850891113 1.3138114213943481 7.132124900817871
v -8.9620943069458 0.8245329260826111 7.145197868347168
v -8.993816375732422 0.3319419324398041 7.158292770385742
v -8.998530387878418 -0.16164322197437286 7.171387672424316
v -8.938883781433105 -1.0467180013656616 7.194928169250488
v -8.770647048950195 -2.018688917160034 7.221107006072998
v -8.52912425994873 -2.872910976409912 7.244664192199707
v -8.16373062133789 -3.7884769439697266 7.2708258628845215
v -7.750613212585449 -4.574698448181152 7.294394493103027
v -7.488644123077393 -4.991922378540039 7.307464122772217
v -7.20426082611084 -5.394209861755371 7.320533752441406
v -6.637385845184326 -6.078248977661133 7.344109058380127
v -5.934200763702393 -6.766394138336182 7.370220184326172
v -5.238167762756348 -7.318570613861084 7.393796920776367
v -4.40708589553833 -7.847071647644043 7.41993522644043
v -3.612046957015991 -8.243343353271484 7.443508625030518
v -2.782816171646118 -8.558929443359375 7.467053413391113
v -2.3096508979797363 -8.698525428771973 7.480140686035156
v -1.829559326171875 -8.812036514282227 7.493228435516357
v -0.9524221420288086 -8.949443817138672 7.516788959503174
v 0.03188345208764076 -8.99988842010498 7.542945384979248
v 0.9188721776008606 -8.95296573638916 7.566516399383545
v 1.8914473056793213 -8.798935890197754 7.592649459838867
v 2.7497808933258057 -8.5696382522583 7.616225242614746
v 3.2141788005828857 -8.406455993652344 7.629284381866455
v 3.6689655780792236 -8.218122482299805 7.642343044281006
v 4.461390495300293 -7.816380977630615 7.665919303894043
v 5.2889204025268555 -7.281916618347168 7.692063331604004
v 6.05442476272583 -6.6591010093688965 7.718254089355469
v 6.680534362792969 -6.030730247497559 7.741793632507324
v 7.000977516174316 -5.655540943145752 7.754883289337158
v 7.300419330596924 -5.2633867263793945 7.767972946166992
v 7.783426761627197 -4.518610000610352 7.791529178619385
v 8.019184112548828 -4.085531234741211 7.804610729217529
v 8.230914115905762 -3.640209197998047 7.817691802978516
v 8.549664497375488 -2.8112435340881348 7.8412604331970215
v 8.805617332458496 -1.8601043224334717 7.867400646209717
v 8.9461669921875 -0.98289954662323 7.890975475311279
v 8.999934196472168 -0.00044811799307353795 7.917088031768799
v 8.956183433532715 0.88693767786026 7.940664768218994
v 8.8942289352417 1.3756349086761475 7.953733444213867
v 8.805598258972168 1.8602105379104614 7.96680212020874
v 8.655097961425781 2.4674763679504395 7.983401298522949
v 5.987950325012207 -5.305134296417236 2.6666667461395264
v 6.562171936035156 -4.575761318206787 2.6943836212158203
v 6.8166093826293945 -4.187341690063477 2.708242177963257
v 7.048054218292236 -3.7847981452941895 2.7221007347106934
v 7.256088733673096 -3.368804454803467 2.7359824180603027
v 7.439619064331055 -2.9414350986480713 2.749863862991333
v 7.597817420959473 -2.5045907497406006 2.763730525970459
v 7.730391025543213 -2.0592968463897705 2.777597188949585
v 7.903293132781982 -1.2401108741760254 2.8025929927825928
v 7.975766181945801 -0.6219366788864136 2.821171283721924
v 8 0 2.839749574661255
v 7.946364402770996 0.9231569766998291 2.867361307144165
v 7.8798041343688965 1.3806588649749756 2.881159543991089
v 7.7871785163879395 1.8331528902053833 2.8949437141418457
v 7.5533246994018555 2.6368727684020996 2.919931650161743
v 7.237042427062988 3.409640312194824 2.944861650466919
v 6.793039798736572 4.224165439605713 2.972562789916992
v 6.311376094818115 4.91585636138916 2.997727155685425
v 5.765504360198975 5.547023296356201 3.0226402282714844
v 5.158098220825195 6.115287780761719 3.047471761703491
v 4.793083190917969 6.404807090759277 3.0613746643066406
v 4.409827709197998 6.674257278442383 3.0753557682037354
v 3.6821608543395996 7.102161407470703 3.1005616188049316
v 2.839630603790283 7.478793621063232 3.1281235218048096
v 1.9542700052261353 7.757525444030762 3.155834913253784
v 1.1350752115249634 7.919554233551025 3.1807644367218018
v 0.21455901861190796 7.997220039367676 3.2083466053009033
v -0.6278034448623657 7.9751386642456055 3.233501434326172
v -1.4644761085510254 7.864803791046143 3.2586989402770996
v -2.280172348022461 7.668046474456787 3.283750295639038
v -3.072751760482788 7.38635778427124 3.3088619709014893
v -3.8251097202301025 7.0258989334106445 3.3337745666503906
v -4.611502647399902 6.536488056182861 3.361431121826172
v -5.338298320770264 5.959189414978027 3.3891429901123047
v -5.986021518707275 5.307966709136963 3.416567325592041
v -6.283329963684082 4.951634407043457 3.430414915084839
v -6.561216831207275 4.57668399810791 3.444340705871582
v -7.007796287536621 3.8587863445281982 3.469583749771118
v -7.372727870941162 3.1046929359436035 3.494601011276245
v -7.540824890136719 2.6700334548950195 3.5085103511810303
v -7.683591365814209 2.226534843444824 3.5224151611328125
v -7.874590873718262 1.41177499294281 3.5473997592926025
v -7.9688239097595215 0.7067655324935913 3.5686326026916504
v -8 0 3.589749574661255
v -7.986530780792236 -0.4628922641277313 3.6035714149475098
v -7.946313381195068 -0.9240885972976685 3.6173887252807617
v -7.786767482757568 -1.8348292112350464 3.6449954509735107
v -7.552880764007568 -2.6376559734344482 3.6699588298797607
v -7.2363362312316895 -3.4111194610595703 3.6949105262756348
v -6.792674541473389 -4.22515344619751 3.7225935459136963
v -6.5342841148376465 -4.61493444442749 3.73655104637146
v -6.254302024841309 -4.988430976867676 3.7504823207855225
v -5.700312614440918 -5.613802433013916 3.7754247188568115
v -5.08440637588501 -6.176538944244385 3.800330877304077
v -4.40682315826416 -6.676392078399658 3.825465440750122
v -3.6792914867401123 -7.103701114654541 3.850658655166626
v -2.836413621902466 -7.479828834533691 3.8782243728637695
v -2.395606279373169 -7.632383823394775 3.8921456336975098
v -1.9493762254714966 -7.7587056159973145 3.905985116958618
v -1.1313179731369019 -7.920201778411865 3.9308791160583496
v -0.6734921336174011 -7.972117900848389 3.9446306228637695
v -0.21311306953430176 -7.997293472290039 3.958390235900879
v 0.6292022466659546 -7.975013732910156 3.9835426807403564
v 1.4660495519638062 -7.86451530456543 4.008746147155762
v 2.2814505100250244 -7.66762638092041 4.0337910652160645
v 3.074066638946533 -7.385748863220215 4.058905601501465
v 3.827256202697754 -7.024847507476807 4.083845138549805
v 4.228148937225342 -6.790816783905029 4.097700595855713
v 4.6129655838012695 -6.535600662231445 4.111481666564941
v 4.985913276672363 -6.256229877471924 4.125387668609619
v 5.338685512542725 -5.958562850952148 4.139164447784424
v 5.987115383148193 -5.3064680099487305 4.166622638702393
v 6.562067985534668 -4.57588529586792 4.194375514984131
v 7.006768226623535 -3.8610074520111084 4.21951150894165
v 7.371524333953857 -3.1072916984558105 4.2445149421691895
v 7.540138244628906 -2.6715967655181885 4.258458614349365
v 7.683505535125732 -2.226562738418579 4.2724127769470215
v 7.874772071838379 -1.4109407663345337 4.297425746917725
v 7.968849182128906 -0.7067667841911316 4.31863260269165
v 8 0 4.339749813079834
v 7.946118354797363 0.9267465472221375 4.367467403411865
v 7.785211086273193 1.841292142868042 4.395194053649902
v 7.519506931304932 2.7304766178131104 4.422903060913086
v 7.192971706390381 3.501588821411133 4.447904586791992
v 6.978200435638428 3.911954402923584 4.461729526519775
v 6.740346431732178 4.308732509613037 4.475536823272705
v 6.478184700012207 4.6937432289123535 4.489438056945801
v 6.194480895996094 5.062565326690674 4.50332498550415
v 5.631114482879639 5.682959079742432 4.528343200683594
v 5.006272315979004 6.239937782287598 4.553333282470703
v 4.322046279907227 6.731713771820068 4.578486442565918
v 3.5900304317474365 7.1492600440979 4.603650093078613
v 2.7440338134765625 7.51409912109375 4.631164073944092
v 2.3006105422973633 7.661550998687744 4.645110130310059
v 1.852247953414917 7.782556533813477 4.658969402313232
v 0.9434567093849182 7.944735050201416 4.6865339279174805
v 0.02280593104660511 7.999961853027344 4.71406888961792
v -0.8218651413917542 7.957610130310059 4.739315032958984
v -1.653450608253479 7.827293872833252 4.764449119567871
v -2.4625871181488037 7.611257553100586 4.789452075958252
v -3.2491648197174072 7.310410976409912 4.814594745635986
v -3.6667330265045166 7.110152244567871 4.828418731689453
v -4.070916175842285 6.88645076751709 4.842208385467529
v -4.84053897857666 6.369195938110352 4.869894027709961
v -5.542939186096191 5.768950462341309 4.897482395172119
v -6.1694464683532715 5.092986106872559 4.924999713897705
v -6.669835090637207 4.417641639709473 4.950088977813721
v -7.095675945281982 3.69510817527771 4.975130081176758
v -7.442211151123047 2.933570623397827 5.000111103057861
v -7.709789752960205 2.1340434551239014 5.025282859802246
v -7.890995025634766 1.3172554969787598 5.050262928009033
v -7.972841739654541 0.6599975228309631 5.070033550262451
v -8 0 5.089749813079834
v -7.956179141998291 -0.8369331955909729 5.11476993560791
v -7.8246073722839355 -1.6661885976791382 5.139837741851807
v -7.714743137359619 -2.116490364074707 5.153672218322754
v -7.578912734985352 -2.5600979328155518 5.1675190925598145
v -7.416653156280518 -2.998120069503784 5.181459903717041
v -7.229808807373047 -3.4248499870300293 5.195363998413086
v -6.787347793579102 -4.234812259674072 5.222923755645752
v -6.25171422958374 -4.991613864898682 5.250604629516602
v -5.692996978759766 -5.6208319664001465 5.275725364685059
v -5.073441982269287 -6.185515403747559 5.300753593444824
v -4.395248889923096 -6.684138774871826 5.3258819580078125
v -3.6668527126312256 -7.110151767730713 5.351077079772949
v -2.8214778900146484 -7.485476970672607 5.37869930267334
v -2.3799338340759277 -7.63732385635376 5.392634391784668
v -1.9324895143508911 -7.7629475593566895 5.406504154205322
v -1.025052547454834 -7.934396266937256 5.434080123901367
v -0.10473547875881195 -7.999334335327148 5.461624622344971
v 0.736570417881012 -7.966172218322754 5.486757755279541
v 1.566809892654419 -7.8451924324035645 5.511808395385742
v 2.379160165786743 -7.637628555297852 5.536840438842773
v 3.1704471111297607 -7.344766139984131 5.562030792236328
v 3.9186837673187256 -6.974394798278809 5.58696174621582
v 4.697226047515869 -6.475534915924072 5.614569187164307
v 5.414182662963867 -5.889838695526123 5.642210960388184
v 6.0554046630859375 -5.228150844573975 5.669722557067871
v 6.348848342895508 -4.86745023727417 5.683598518371582
v 6.6209845542907715 -4.49043083190918 5.697474002838135
v 7.0546698570251465 -3.772815465927124 5.722507953643799
v 7.409742832183838 -3.0150229930877686 5.747494220733643
v 7.685549259185791 -2.2197721004486084 5.7726240158081055
v 7.876051902770996 -1.4035050868988037 5.797650337219238
v 7.969062328338623 -0.7038520574569702 5.818719863891602
v 8 0 5.839749813079834
v 7.956056118011475 0.8386890888214111 5.864821910858154
v 7.823622703552246 1.6709052324295044 5.889981269836426
v 7.577295780181885 2.5643935203552246 5.917655944824219
v 7.414486408233643 3.0031399726867676 5.9316229820251465
v 7.227242469787598 3.430227756500244 5.945541858673096
v 6.78520393371582 4.238434314727783 5.973050117492676
v 6.25024938583374 4.993439674377441 6.000674724578857
v 5.690463542938232 5.623416423797607 6.025832176208496
v 5.070679187774658 6.1877970695495605 6.050860404968262
v 4.392441272735596 6.685897350311279 6.075981616973877
v 3.663198232650757 7.111994743347168 6.101199626922607
v 2.8166422843933105 7.487452507019043 6.128854274749756
v 2.3755791187286377 7.63883113861084 6.142771244049072
v 1.9283242225646973 7.764028549194336 6.156632423400879
v 1.0216871500015259 7.934553623199463 6.184180736541748
v 0.5608300566673279 7.980279922485352 6.19800329208374
v 0.10003670305013657 7.99933385848999 6.211765289306641
v -0.7394070625305176 7.966191291809082 6.236842632293701
v -1.5659528970718384 7.845473289489746 6.261782169342041
v -2.378972053527832 7.637552738189697 6.286835193634033
v -3.1723766326904297 7.343860149383545 6.312093734741211
v -3.9211294651031494 6.973069667816162 6.337045192718506
v -4.3182783126831055 6.734155178070068 6.350878715515137
v -4.699254512786865 6.474081993103027 6.364644527435303
v -5.067817687988281 6.19011926651001 6.378528594970703
v -5.416646957397461 5.887594699859619 6.392309665679932
v -6.058180332183838 5.225006580352783 6.41984748840332
v -6.622768402099609 4.4875335693359375 6.44757604598999
v -7.05648946762085 3.769143581390381 6.472630500793457
v -7.41146993637085 3.0112502574920654 6.497618198394775
v -7.574219703674316 2.574415445327759 6.511531352996826
v -7.711493015289307 2.1285905838012695 6.525453567504883
v -7.891843795776367 1.3113093376159668 6.550441265106201
v -7.972929000854492 0.6577100157737732 6.570100784301758
v -8 0 6.589749813079834
v -7.9559712409973145 -0.8397103548049927 6.614851951599121
v -7.822941303253174 -1.6741275787353516 6.640079498291016
v -7.576033115386963 -2.5679996013641357 6.667769432067871
v -7.264704704284668 -3.3499515056610107 6.692897796630859
v -7.059191703796387 -3.7643539905548096 6.7067060470581055
v -6.831185817718506 -4.1638383865356445 6.720435619354248
v -6.5788254737854 -4.551885604858398 6.734250545501709
v -6.3053388595581055 -4.923662185668945 6.748022079467773
v -5.753409385681152 -5.559146404266357 6.7731475830078125
v -5.141141891479492 -6.129517555236816 6.798131465911865
v -4.468898773193359 -6.634918689727783 6.823239326477051
v -3.743224859237671 -7.070088863372803 6.848503112792969
v -2.984835624694824 -7.422191619873047 6.873470306396484
v -2.54850435256958 -7.582986354827881 6.887348651885986
v -2.1049041748046875 -7.717990875244141 6.901186466217041
v -1.653686761856079 -7.827228546142578 6.915043354034424
v -1.199835181236267 -7.909470081329346 6.928811550140381
v -0.2806853652000427 -7.994919300079346 6.956373691558838
v 0.18537166714668274 -7.997962951660156 6.97028112411499
v 0.6489699482917786 -7.9741339683532715 6.984134197235107
v 1.4749168157577515 -7.863241195678711 7.00901460647583
v 1.9284567832946777 -7.763942241668701 7.022871017456055
v 2.3792619705200195 -7.637463569641113 7.036843299865723
v 3.1733341217041016 -7.343461990356445 7.062124252319336
v 3.9222686290740967 -6.972383975982666 7.087085247039795
v 4.701025485992432 -6.472724914550781 7.114711284637451
v 5.419491767883301 -5.885129928588867 7.142421245574951
v 6.060893535614014 -5.222049236297607 7.169966220855713
v 6.624354839324951 -4.484704494476318 7.197673320770264
v 7.05884313583374 -3.76428484916687 7.22279167175293
v 7.413788795471191 -3.00622296333313 7.247783660888672
v 7.5756144523620605 -2.571307420730591 7.261633396148682
v 7.711904525756836 -2.1277620792388916 7.275481224060059
v 7.891836166381836 -1.3105980157852173 7.300461769104004
v 7.97284460067749 -0.6576629877090454 7.320101261138916
v 8 0 7.339749813079834
v 7.955914497375488 0.8404090404510498 7.364872932434082
v 7.822486877441406 1.6764191389083862 7.390149116516113
v 7.711905002593994 2.1264684200286865 7.403981685638428
v 7.574999809265137 2.5709095001220703 7.417861461639404
v 7.262975215911865 3.3534679412841797 7.443014144897461
v 6.828227519989014 4.168640613555908 7.470604419708252
v 6.302485466003418 4.927246570587158 7.498160362243652
v 5.751703262329102 5.560970783233643 7.523221969604492
v 5.139995098114014 6.130763053894043 7.548181056976318
v 4.469260215759277 6.634671688079834 7.5732269287109375
v 3.7427616119384766 7.07009220123291 7.598513126373291
v 2.9807612895965576 7.423908710479736 7.623602390289307
v 2.105337619781494 7.717672348022461 7.651174068450928
v 1.197234869003296 7.910012245178223 7.67888879776001
v 0.2811407744884491 7.995122909545898 7.706361770629883
v -0.6449216604232788 7.97407341003418 7.73401403427124
v -1.4764174222946167 7.863017559051514 7.759057521820068
v -2.2885587215423584 7.6655473709106445 7.784012317657471
v -2.731257677078247 7.518755912780762 7.797932147979736
v -3.166707992553711 7.345921039581299 7.811914443969727
v -3.9224605560302734 6.972418308258057 7.837086200714111
v -4.696676731109619 6.4762067794799805 7.864546298980713
v -5.4144697189331055 5.889281749725342 7.892227649688721
v -5.747255802154541 5.565133571624756 7.906091690063477
v -6.059868335723877 5.223063945770264 7.919922351837158
v -6.352431774139404 4.862948894500732 7.933770179748535
v -6.623612403869629 4.486357688903809 7.947620868682861
v -7.074700355529785 3.734455108642578 7.973800182342529
v 6.660620212554932 -5.280271053314209 2.9708096981048584
v -5.251713275909424 6.682151794433594 3.6646764278411865
v 0.20489680767059326 -8.497857093811035 4.260294437408447
v 1.114668607711792 -8.42462158203125 4.286413192749023
v 3.4067578315734863 7.788447380065918 4.906376838684082
v -7.895877838134766 -3.1407952308654785 6.969394683837891
v 4.610074520111084 -7.1398820877075195 7.391336917877197
vn 0 0 -1
vn 0 0 -1
vn 0 0 -1
vn 0 0 -1
vn 0 0 -1
vn 0 0 -1
vn 0 0 -1
vn 0 0 -1
vn 0 0 -1
vn 0 0 -1
vn 0 0 -1
vn 0 0 -1
vn 0 0 -1
vn 0 0 -1
vn 0 0 -1
vn 0 0 -1
vn 0 0 -1
vn 0 0 -1
vn 0 0 -1
vn 0 0 -1
vn 0 0 -1
vn 0 0 -1
vn 0 0 -1
vn 0 0 -1
vn 0 0 -1
vn 0 0 -1
vn 0 0 -1
vn 0 0 -1
vn 0 0 -1
vn 0 0 -1
vn 0 0 -1
vn 0 0 -1
vn 0 0 -1
vn 0 0 -1
vn 0 0 -1
vn 0 0 -1
vn 0 0 -1
vn 0 0 -1
vn 0 0 -1
vn 0 0 -1
vn 0 0 -1
vn 0 0 -1
vn 0 0 -1
vn 0 0 -1
vn 0 0 -1
vn 0 0 -1
vn 0 0 -1
vn 0 0 -1
vn 0 0 -1
vn 0 0 -1
vn 0 0 -1
vn 0 0 -1
vn 0 0 -1
vn 0 0 -1
vn 0 0 -1
vn 0 0 -1
vn 0 0 -1
vn 0 0 -1
vn 0 0 -1
vn 0 0 -1
vn 0 0 -1
vn 0 0 -1
vn 0 0 -1
vn 0 0 -1
vn 0 0 -1
vn 0 0 -1
vn 0 0 -1
vn 0 0 -1
vn 0 0 -1
vn 0 0 -1
vn 0 0 -1
vn 0 0 -1
vn 0 0 -1
vn 0 0 -1
vn 0 0 -1
vn 0 0 -1
vn 0 0 -1
vn 0 0 -1
vn 0 0 -1
vn 0 0 -1
vn 0 0 -1
vn 0 0 -1
vn 0 0 -1
vn 0 0 -1
vn 0 0 -1
vn 0 0 -1
vn 0 0 -1
vn 0 0 -1
vn 0 0 -1
vn 0 0 -1
vn 0 0 -1
vn 0 0 -1
vn 0 0 -1
vn 0 0 -1
vn 0 0 -1
vn 0 0 -1
vn 0 0 -1
vn 0 0 -1
vn 0 0 -1
vn 0 0 -1
vn 0 0 -1
vn 0 0 -1
vn 0 0 -1
vn 0 0 -1
vn 0 0 -1
vn 0 0 -1
vn 0 0 -1
vn 0 0 -1
vn 0 0 -1
vn 0 0 -1
vn 0 0 -1
vn 0 0 -1
vn 0 0 -1
vn 0 0 -1
vn 0 0 -1
vn 0 0 -1
vn 0 0 -1
vn 0 0 -1
vn 0 0 -1
vn 0 0 -1
vn 0 0 -1
vn 0 0 -1
vn 0.12287720283700967 0.6544426674761542 -0.7460603112414226
vn 0.1350543541849069 0.674881002860987 -0.7254625789060702
vn 0.16137039204595652 0.6887109680716789 -0.7068499126608881
vn 0.19120570482126614 0.6750631143463558 -0.7125518718611311
vn 0.23358639265278697 0.6638450219954922 -0.7104556171494897
vn 0.24981015204650972 0.657652458066685 -0.7106955271657102
vn 0.2875566663002998 0.6453096006733955 -0.70773348298989
vn 0.3332529090086771 0.6184741895670534 -0.7116404818984308
vn 0.3424016270267896 0.6005343256670329 -0.7225784729045345
vn 0.35316085445189227 0.6073674495919099 -0.7116053625845072
vn 0.39688077947668665 0.5815675910169823 -0.7101160355608661
vn 0.41455572398428475 0.5707441507091813 -0.7087980432698165
vn 0.44326821931214655 0.5472529053200667 -0.7099489723681448
vn 0.4562639485960885 0.5356626383688473 -0.7105552385756024
vn 0.49259251643218704 0.5040861993605029 -0.709400955996881
vn 0.5215592472853666 0.4744029721663692 -0.709166956062419
vn 0.5262680119723995 0.4516076502227474 -0.7204807491077794
vn 0.16883552365265062 0.6742660519399367 -0.7189296607834913
vn 0.21731701089085645 0.668585109196925 -0.7111731635386696
vn 0.2754311562251648 0.6488241554878222 -0.7093411685754487
vn 0.32755173516599306 0.6271018031824376 -0.7067200218156284
vn 0.36956287480419037 0.6046563558721586 -0.705559333344733
vn 0.42337806253297106 0.5633654160788937 -0.7094860281443764
vn 0.46932981474988095 0.5229128120863908 -0.7115417879104116
vn 0.5042407562588744 0.4868695784135458 -0.7132315706296898
vn 0.37899579807078243 0.5954387063715624 -0.7083889694223443
vn 0.33297453162042406 0.62386073239786 -0.707054275048362
vn -0.5053253790327975 0.4336361008552857 -0.7460603148140129
vn -0.516936893140181 0.4544009819576217 -0.725462608344859
vn -0.5157560685063418 0.4841063300854851 -0.7068498701775682
vn -0.4890189448617879 0.5031205394899231 -0.7125518888541609
vn -0.4581134681461204 0.5342142656725817 -0.7104556063928538
vn -0.4446386569624133 0.5451681460312329 -0.71069554472188
vn -0.41507621565247205 0.5716861343972872 -0.7077334942882874
vn -0.3689879444292618 0.597842568816343 -0.7116404708678
vn -0.3488771750466903 0.5967956412946048 -0.7225784934961754
vn -0.3494152424365564 0.6095299716657598 -0.7116053695652812
vn -0.3052118756972673 0.6344925840944101 -0.7101160973126533
vn -0.28700106478238935 0.6443878815694776 -0.7087980296954667
vn -0.2523007982318369 0.6575080139096721 -0.7099489551060247
vn -0.2357654393188314 0.6629674948223749 -0.7105552465725256
vn -0.19025515363261897 0.6786407354764109 -0.7094009646654452
vn -0.15006540326135087 0.6888850748523135 -0.7091669256174673
vn -0.127969713212012 0.6815652910831503 -0.7204807467872932
vn -0.49951371221147334 0.48334887305034435 -0.7189297032628957
vn -0.47035317934739945 0.5224946065892245 -0.7111731665093702
vn -0.4241826648273528 0.5629424008030242 -0.7093411874677045
vn -0.36956287480419037 0.6046563558721586 -0.705559333344733
vn -0.32755173516599306 0.6271018031824376 -0.7067200218156284
vn -0.27619976199299456 0.6483388635618709 -0.7094860178117076
vn -0.21819090846517014 0.6679079533638459 -0.7115417719968817
vn -0.16952103988324604 0.6801200754580696 -0.7132315893143073
vn -0.33124286745225096 0.6241406354726607 -0.7076203995885038
vn -0.3772701892193877 0.5974140720709978 -0.7076465437052002
vn 0.6282025649653025 0.22080655656140274 -0.7460603205844091
vn 0.668349284657978 0.19091716940211184 -0.7189296684131586
vn 0.687670208241424 0.1460904877998487 -0.7111731533681506
vn 0.6996137942372354 0.08588170816839172 -0.7093411528418878
vn 0.7084292196087306 0.017722670045663098 -0.7055593155582438
vn 0.7068619498990585 -0.0298827914149149 -0.7067200312444479
vn 0.6995777825549873 -0.08497342898683947 -0.7094860411041682
vn 0.6875206967234483 -0.1449950962795609 -0.7115417862865014
vn 0.6737617949693115 -0.19325052486819957 -0.7132315740892973
vn 0.6542376990547263 -0.22995764420157636 -0.72048075269839
vn 0.6519912690494736 0.22048000208622706 -0.7254625791612648
vn 0.6771264466676905 0.20460464929161779 -0.7068498516031827
vn 0.6802246513054394 0.1719425306082567 -0.7125518857770443
vn 0.6916998977000298 0.1296307547884802 -0.710455571401011
vn 0.6944487716152438 0.112484284153904 -0.7106955673285594
vn 0.7026328279739515 0.07362342453236731 -0.7077334953310138
vn 0.7022408214775834 0.020631639192219598 -0.7116404739155376
vn 0.6912787781467745 0.0037386474484163187 -0.7225784894384546
vn 0.7025760809250978 -0.0021625269988804732 -0.7116053498877797
vn 0.7020926448653821 -0.052925068682528685 -0.7101160856725343
vn 0.7015567649960341 -0.07364370913280233 -0.7087980739205366
vn 0.6955690110222851 -0.11025508804418059 -0.709948988636402
vn 0.6920294092574567 -0.12730489536872883 -0.7105552479138639
vn 0.682847695463862 -0.1745545460022214 -0.7094009693182349
vn 0.67162465720275 -0.2144820977674275 -0.7091669405538953
vn 0.7061430592556438 -0.02520557787212801 -0.7076204199351603
vn 0.7060108351218991 0.028018549745051812 -0.7076465654270238
vn 0.5053253790327975 -0.4336361008552857 -0.7460603148140129
vn 0.516936893140181 -0.4544009819576217 -0.725462608344859
vn 0.5157560685063418 -0.4841063300854851 -0.7068498701775682
vn 0.4890189448617879 -0.5031205394899231 -0.7125518888541609
vn 0.4581134681461204 -0.5342142656725817 -0.7104556063928538
vn 0.4446386569624133 -0.5451681460312329 -0.71069554472188
vn 0.41507621565247205 -0.5716861343972872 -0.7077334942882874
vn 0.3689879444292618 -0.597842568816343 -0.7116404708678
vn 0.3488771750466903 -0.5967956412946048 -0.7225784934961754
vn 0.3494152424365564 -0.6095299716657598 -0.7116053695652812
vn 0.3052118756972673 -0.6344925840944101 -0.7101160973126533
vn 0.28700106478238935 -0.6443878815694776 -0.7087980296954667
vn 0.2523007982318369 -0.6575080139096721 -0.7099489551060247
vn 0.2357654393188314 -0.6629674948223749 -0.7105552465725256
vn 0.19025515363261897 -0.6786407354764109 -0.7094009646654452
vn 0.15006540326135087 -0.6888850748523135 -0.7091669256174673
vn 0.127969713212012 -0.6815652910831503 -0.7204807467872932
vn 0.49951371221147334 -0.48334887305034435 -0.7189297032628957
vn 0.47035317934739945 -0.5224946065892245 -0.7111731665093702
vn 0.4241826648273528 -0.5629424008030242 -0.7093411874677045
vn 0.37931022034649864 -0.5972189901157864 -0.7067200539009566
vn 0.3388663307875279 -0.6223790188309607 -0.7055593290274095
vn 0.27619976199299456 -0.6483388635618709 -0.7094860178117076
vn 0.21819090846517014 -0.6679079533638459 -0.7115417719968817
vn 0.16952103988324604 -0.6801200754580696 -0.7132315893143073
vn 0.32616715527617596 -0.6259393481745688 -0.7083889604065291
vn 0.37379197950203874 -0.6002947476721552 -0.7070542921000982
vn -0.12287720283700967 -0.6544426674761542 -0.7460603112414226
vn -0.1350543541849069 -0.674881002860987 -0.7254625789060702
vn -0.16137039204595652 -0.6887109680716789 -0.7068499126608881
vn -0.19120570482126614 -0.6750631143463558 -0.7125518718611311
vn -0.23358639265278697 -0.6638450219954922 -0.7104556171494897
vn -0.24981015204650972 -0.657652458066685 -0.7106955271657102
vn -0.2875566663002998 -0.6453096006733955 -0.70773348298989
vn -0.3332529090086771 -0.6184741895670534 -0.7116404818984308
vn -0.3424016270267896 -0.6005343256670329 -0.7225784729045345
vn -0.35316085445189227 -0.6073674495919099 -0.7116053625845072
vn -0.39688077947668665 -0.5815675910169823 -0.7101160355608661
vn -0.41455572398428475 -0.5707441507091813 -0.7087980432698165
vn -0.44326821931214655 -0.5472529053200667 -0.7099489723681448
vn -0.4562639485960885 -0.5356626383688473 -0.7105552385756024
vn -0.49259251643218704 -0.5040861993605029 -0.709400955996881
vn -0.5215592472853666 -0.4744029721663692 -0.709166956062419
vn -0.5262680119723995 -0.4516076502227474 -0.7204807491077794
vn -0.16883552365265062 -0.6742660519399367 -0.7189296607834913
vn -0.21731701089085645 -0.668585109196925 -0.7111731635386696
vn -0.2754311562251648 -0.6488241554878222 -0.7093411685754487
vn -0.3388663307875279 -0.6223790188309607 -0.7055593290274095
vn -0.37931022034649864 -0.5972189901157864 -0.7067200539009566
vn -0.42337806253297106 -0.5633654160788937 -0.7094860281443764
vn -0.46932981474988095 -0.5229128120863908 -0.7115417879104116
vn -0.5042407562588744 -0.4868695784135458 -0.7132315706296898
vn -0.3749001967642969 -0.5989350752293632 -0.7076203912593874
vn -0.3287406551593792 -0.6254326081973646 -0.7076465461293682
vn -0.6282025649653025 -0.22080655656140274 -0.7460603205844091
vn -0.6519912690494736 -0.22048000208622706 -0.7254625791612648
vn -0.6771264466676905 -0.20460464929161779 -0.7068498516031827
vn -0.6802246513054394 -0.1719425306082567 -0.7125518857770443
vn -0.6916998977000298 -0.1296307547884802 -0.710455571401011
vn -0.6944487716152438 -0.112484284153904 -0.7106955673285594
vn -0.7026328279739515 -0.07362342453236731 -0.7077334953310138
vn -0.7022408214775834 -0.020631639192219598 -0.7116404739155376
vn -0.6912787781467745 -0.0037386474484163187 -0.7225784894384546
vn -0.7025760507420884 0.002162527089440178 -0.7116053796875327
vn -0.7020926448653821 0.052925068682528685 -0.7101160856725343
vn -0.7015567649960341 0.07364370913280233 -0.7087980739205366
vn -0.6955690110222851 0.11025508804418059 -0.709948988636402
vn -0.6920294092574567 0.12730489536872883 -0.7105552479138639
vn -0.682847695463862 0.1745545460022214 -0.7094009693182349
vn -0.67162465720275 0.2144820977674275 -0.7091669405538953
vn -0.6542376990547263 0.22995764420157636 -0.72048075269839
vn -0.668349284657978 -0.19091716940211184 -0.7189296684131586
vn -0.687670208241424 -0.1460904877998487 -0.7111731533681506
vn -0.6996137942372354 -0.08588170816839172 -0.7093411528418878
vn -0.7068619498990585 -0.0298827914149149 -0.7067200312444479
vn -0.7084292196087306 0.017722670045663098 -0.7055593155582438
vn -0.6995777825549873 0.08497342898683947 -0.7094860411041682
vn -0.6875206967234483 0.1449950962795609 -0.7115417862865014
vn -0.6737617949693115 0.19325052486819957 -0.7132315740892973
vn -0.7051629065506556 0.03050063094387099 -0.7083890080577601
vn -0.7067665059876236 -0.023565972884733905 -0.707054277220669
vn 0.8660254128033169 0.4999999843788446 0
vn 0.8660253998985324 0.5000000067305869 6.299361751857226e-14
vn 0.8660254128033169 0.4999999843788446 5.212495215574571e-14
vn 0.8660253998985324 0.5000000067305869 0
vn 0.8660253740889633 0.5000000514340687 3.07865808703366e-14
vn 0.8660253998985324 0.5000000067305869 5.439881474466821e-13
vn 0.8660253998985324 0.5000000067305869 4.902760121572011e-13
vn 0.8660253998985324 0.5000000067305869 3.624853558596495e-13
vn 0.8660253998985324 0.5000000067305869 1.7392569552482234e-13
vn 0.8660253740889633 0.5000000514340687 -4.624936358142796e-14
vn 0.8660253998985324 0.5000000067305869 -2.3254825028222596e-13
vn 0.8660253740889633 0.5000000514340687 -1.3795904568549252e-13
vn 0.8660253740889633 0.5000000514340687 1.312202922246133e-14
vn 0.8660253998985324 0.5000000067305869 5.479448078031577e-14
vn 0.8660253740889633 0.5000000514340687 1.475303416502071e-13
vn 0.8660254406092593 0.49999993621753414 1.5545083265542506e-13
vn 0.8660253998985324 0.5000000067305869 1.2404625562425165e-13
vn 0.8660253740889633 0.5000000514340687 2.1610485400177617e-13
vn 0.8660253740889633 0.5000000514340687 5.682903599033817e-13
vn 0.8660253998985324 0.5000000067305869 4.2802285729855887e-13
vn 0.8660254128033169 -0.4999999843788446 0
vn 0.8660254128033169 -0.4999999843788446 2.442603887055047e-14
vn 0.8660253998985324 -0.5000000067305869 -4.3766704581681046e-14
vn 0.8660253998985324 -0.5000000067305869 0
vn 0.8660254128033169 -0.4999999843788446 -1.050368657044465e-13
vn 0.8660253998985324 -0.5000000067305869 -7.939673331310329e-13
vn 0.8660253998985324 -0.5000000067305869 -7.644088373248858e-13
vn 0.8660253998985324 -0.5000000067305869 -4.472290653618087e-13
vn 0.8660253998985324 -0.5000000067305869 -1.0696595120942856e-13
vn 0.8660253740889633 -0.5000000514340687 3.3153011315310105e-14
vn 0.8660253998985324 -0.5000000067305869 4.736031475361509e-15
vn 0.8660253740889633 -0.5000000514340687 -1.2554669623002764e-14
vn 0.8660253998985324 -0.5000000067305869 1.442101564200085e-14
vn 0.8660253998985324 -0.5000000067305869 2.2343709621672502e-14
vn 0.8660253740889633 -0.5000000514340687 9.653403949147881e-14
vn 0.8660254406092593 -0.49999993621753414 2.234211874515541e-13
vn 0.8660253998985324 -0.5000000067305869 3.140559415166071e-13
vn 0.8660253740889633 -0.5000000514340687 2.2452713962792106e-13
vn 0.8660253740889633 -0.5000000514340687 -2.1477684188745423e-13
vn 0.8660253998985324 -0.5000000067305869 -2.1120647561855707e-13
vn 0 -1 0
vn 0 -1 0
vn 0 -1 0
vn 0 -1 0
vn 0 -1 0
vn 0 -1 0
vn 0 -1 0
vn 0 -1 0
vn 0 -1 0
vn 0 -1 0
vn 0 -1 0
vn 0 -1 0
vn 0 -1 0
vn 0 -1 0
vn 0 -1 0
vn 0 -1 0
vn 0 -1 0
vn 0 -1 0
vn 0 -1 0
vn 0 -1 0
vn -0.8660254128033169 -0.4999999843788446 0
vn -0.8660253998985324 -0.5000000067305869 6.299361751857226e-14
vn -0.8660254128033169 -0.4999999843788446 5.212495215574571e-14
vn -0.8660253998985324 -0.5000000067305869 0
vn -0.8660253740889633 -0.5000000514340687 3.07865808703366e-14
vn -0.8660253998985324 -0.5000000067305869 5.439881474466821e-13
vn -0.8660253998985324 -0.5000000067305869 4.902760121572011e-13
vn -0.8660253998985324 -0.5000000067305869 3.624853558596495e-13
vn -0.8660253998985324 -0.5000000067305869 1.7392569552482234e-13
vn -0.8660253740889633 -0.5000000514340687 -4.624936358142796e-14
vn -0.8660253998985324 -0.5000000067305869 -2.3254825028222596e-13
vn -0.8660253740889633 -0.5000000514340687 -1.3795904568549252e-13
vn -0.8660253740889633 -0.5000000514340687 1.312202922246133e-14
vn -0.8660253998985324 -0.5000000067305869 5.479448078031577e-14
vn -0.8660253740889633 -0.5000000514340687 1.475303416502071e-13
vn -0.8660254406092593 -0.49999993621753414 1.5545083265542506e-13
vn -0.8660253998985324 -0.5000000067305869 1.2404625562425165e-13
vn -0.8660253740889633 -0.5000000514340687 2.1610485400177617e-13
vn -0.8660253740889633 -0.5000000514340687 5.682903599033817e-13
vn -0.8660253998985324 -0.5000000067305869 4.2802285729855887e-13
vn -0.8660254128033169 0.4999999843788446 0
vn -0.8660254128033169 0.4999999843788446 2.442603887055047e-14
vn -0.8660253998985324 0.5000000067305869 -4.3766704581681046e-14
vn -0.8660253998985324 0.5000000067305869 0
vn -0.8660254128033169 0.4999999843788446 -1.050368657044465e-13
vn -0.8660253998985324 0.5000000067305869 -7.939673331310329e-13
vn -0.8660253998985324 0.5000000067305869 -7.644088373248858e-13
vn -0.8660253998985324 0.5000000067305869 -4.472290653618087e-13
vn -0.8660253998985324 0.5000000067305869 -1.0696595120942856e-13
vn -0.8660253740889633 0.5000000514340687 3.3153011315310105e-14
vn -0.8660253998985324 0.5000000067305869 4.736031475361509e-15
vn -0.8660253740889633 0.5000000514340687 -1.2554669623002764e-14
vn -0.8660253998985324 0.5000000067305869 1.442101564200085e-14
vn -0.8660253998985324 0.5000000067305869 2.2343709621672502e-14
vn -0.8660253740889633 0.5000000514340687 9.653403949147881e-14
vn -0.8660254406092593 0.49999993621753414 2.234211874515541e-13
vn -0.8660253998985324 0.5000000067305869 3.140559415166071e-13
vn -0.8660253740889633 0.5000000514340687 2.2452713962792106e-13
vn -0.8660253740889633 0.5000000514340687 -2.1477684188745423e-13
vn -0.8660253998985324 0.5000000067305869 -2.1120647561855707e-13
vn 0 1 0
vn 0 1 0
vn 0 1 0
vn 0 1 0
vn 0 1 0
vn 0 1 0
vn 0 1 0
vn 0 1 0
vn 0 1 0
vn 0 1 0
vn 0 1 0
vn 0 1 0
vn 0 1 0
vn 0 1 0
vn 0 1 0
vn 0 1 0
vn 0 1 0
vn 0 1 0
vn 0 1 0
vn 0 1 0
vn 0 0 1
vn 0 0 1
vn 0 0 1
vn 0 0 1
vn 0 0 1
vn 0 0 1
vn 0 0 1
vn 0 0 1
vn 0 0 1
vn 0 0 1
vn 0 0 1
vn 0 0 1
vn 0 0 1
vn 0 0 1
vn 0 0 1
vn 0 0 1
vn 0 0 1
vn 0 0 1
vn 0 0 1
vn 0 0 1
vn 0 0 1
vn 0 0 1
vn 0 0 1
vn 0 0 1
vn 0 0 1
vn 0 0 1
vn 0 0 1
vn 0 0 1
vn 0 0 1
vn 0 0 1
vn 0 0 1
vn 0 0 1
vn 0 0 1
vn 0 0 1
vn 0 0 1
vn 0 0 1
vn 0 0 1
vn 0 0 1
vn 0 0 1
vn 0 0 1
vn 0 0 1
vn 0 0 1
vn 0 0 1
vn 0 0 1
vn 0 0 1
vn 0 0 1
vn 0 0 1
vn 0 0 1
vn 0 0 1
vn 0 0 1
vn 0 0 1
vn 0 0 1
vn 0 0 1
vn 0 0 1
vn 0 0 1
vn 0 0 1
vn 0 0 1
vn 0 0 1
vn 0 0 1
vn 0 0 1
vn 0 0 1
vn 0 0 1
vn 0 0 1
vn 0 0 1
vn 0 0 1
vn 0 0 1
vn 0 0 1
vn 0 0 1
vn 0 0 1
vn 0 0 1
vn -0.3913260082315708 -0.10089149274634737 -0.9147047949874092
vn -0.4472050608170528 -0.0863768000005634 -0.8902509095762154
vn -0.4789695237424415 -0.05365657911391693 -0.8761901430875212
vn -0.49958562594679895 -0.0244306026636036 -0.8659199431823003
vn -0.5003631794430863 0.008957669288258077 -0.8657692815170378
vn -0.4924008797937295 0.05281860329505645 -0.8687643919523409
vn -0.48052862469935426 0.10339266101237049 -0.8708629045339618
vn -0.4708928752532301 0.15211632811172415 -0.8689767101352902
vn -0.4535288766468902 0.20090937418368163 -0.8683012043136479
vn -0.42799739829175226 0.24488521425448515 -0.8699709529030414
vn -0.41056056151843373 0.28531453931637585 -0.8660459797149067
vn -0.38719737744946775 0.31504035171122247 -0.8665031838890862
vn -0.36132871274291245 0.33855759319479434 -0.8688039580007092
vn -0.33344832799852664 0.3679582855981151 -0.8679970694735569
vn -0.2930870896037431 0.40218543262805845 -0.8673792917111804
vn -0.24643756164910455 0.4320868501881759 -0.8675076265387553
vn -0.2068185848482434 0.4536282512735899 -0.8668607054237922
vn -0.16977808959455098 0.4698655193794159 -0.8662573485933244
vn -0.1323909749864616 0.4798252547550614 -0.8673179086363745
vn -0.09312096074841757 0.4897992227018234 -0.8668478575332476
vn -0.04117846026829552 0.4980765472761952 -0.8661547710792549
vn 0.012508606639312103 0.4999109547026248 -0.8659864734095176
vn 0.05574554348269585 0.49792240350159656 -0.8654280527421168
vn 0.1007304534639293 0.49204044094161675 -0.8647251472132232
vn 0.13848550501990545 0.4784356315693931 -0.8671338485748195
vn 0.1721360203005307 0.46801199600947785 -0.8667952250135665
vn 0.21358330889124083 0.4530464483180455 -0.8655235905678558
vn 0.2577098247021368 0.4289912476618144 -0.8657668021364375
vn -0.4978531225542713 0.022366078231395917 -0.8669729101347453
vn -0.49651004316958847 -0.0314467111365479 -0.8674611699611849
vn -0.49152578787577555 -0.08099046910692058 -0.8670887750207237
vn -0.4747501077085945 -0.1532217731033964 -0.866680692918522
vn -0.4624146545920093 -0.1901081661656764 -0.8660436319122014
vn -0.44691216302015796 -0.2245328990070831 -0.8659413928252412
vn -0.42738141560133 -0.25972344833614086 -0.8659612323787866
vn -0.4027452274360271 -0.2924189344698645 -0.8673450573681801
vn -0.3686777254085183 -0.3338263839066255 -0.8675463562227829
vn -0.32848123487386743 -0.3760696141824727 -0.8664131368027524
vn -0.2929909574600806 -0.40700215758286307 -0.865162148137284
vn -0.2685606184325671 -0.42357742829057216 -0.8651342996725204
vn -0.23378852637753322 -0.44204072351498086 -0.8659924501337029
vn -0.20443067062703338 -0.4546739483078196 -0.8668792889654011
vn -0.1711506808590089 -0.4698706471263437 -0.8659844221523668
vn -0.13374151617896268 -0.48195673218773516 -0.8659277770975315
vn -0.08746790316294284 -0.48938522724339717 -0.8676701362108798
vn -0.03595630140116458 -0.4971138918747778 -0.866939976523554
vn 0.01980920122401579 -0.4986450637982397 -0.8665798843133367
vn 0.07687130430678997 -0.4924048393864927 -0.866964980101812
vn 0.12093413408384182 -0.4841706071533059 -0.8665758814911656
vn 0.16294388775804589 -0.4749615876713744 -0.8647894423956508
vn 0.1944249148803215 -0.46034655577959854 -0.8661870473839013
vn 0.2295645835517399 -0.4424113154892368 -0.8669327135976582
vn 0.2834786236307388 -0.4101294067340424 -0.8668527785480095
vn 0.3190142284413216 -0.38521681082516634 -0.8659318279805149
vn 0.34725573940132 -0.3600315480775407 -0.8659045766374791
vn 0.37508598780086555 -0.33082536577410177 -0.8659475036720647
vn 0.39391857936524344 -0.3068869156839774 -0.8663997771311137
vn 0.4163107528786059 -0.2769354551765248 -0.8660208488851866
vn 0.4361782932600868 -0.24878120220206154 -0.8647869159044989
vn 0.44584140399088046 -0.22851681820793457 -0.8654510421066938
vn 0.4621079371425062 -0.19122450489655318 -0.8659615714088966
vn 0.47500405448712213 -0.15532028914817986 -0.8661678567112272
vn 0.4865787261207296 -0.11587496689544431 -0.8659180881201799
vn 0.4919540102707311 -0.08012481220559789 -0.8669263326532209
vn 0.49650669427203575 -0.04664797366801923 -0.8667785582810196
vn 0.5004271827826396 -0.010124287493046162 -0.8657194311871419
vn 0.5000912397385776 0.022543481807488604 -0.865679238150441
vn 0.49705606816153197 0.060971528435421016 -0.8655736466783442
vn 0.4905696856473091 0.1071630354101383 -0.8647875272953384
vn 0.479924148791292 0.13901835866281562 -0.8662255522447087
vn 0.46816201324101725 0.17433536539099762 -0.8662745002204009
vn 0.4443261998198441 0.22567168268178048 -0.8669755012624231
vn 0.4214810378574483 0.266120490101678 -0.8669103872227225
vn 0.40135388565459945 0.30166413627734484 -0.8648201011505214
vn 0.3714860177609016 0.33604932699208007 -0.8654877170915353
vn 0.34011257652883103 0.36656905253197747 -0.8659968620109016
vn 0.29946276060560206 0.4007407957982663 -0.8658688524213376
vn -0.49108219485190163 0.08106820341193775 -0.867332822101758
vn -0.4802197632847909 0.13364810076804282 -0.8669066640139493
vn -0.4675103987743142 0.17612326016019492 -0.8662647541418419
vn -0.4537394134945719 0.21117076688040926 -0.8657525349987385
vn -0.43802488976230114 0.2423967185345112 -0.8656662329052836
vn -0.41076300153804957 0.2824165564693561 -0.8668994435339332
vn -0.3775096916815005 0.3242310654971226 -0.8673872542602519
vn -0.3379786559346625 0.36696421543541535 -0.8666646945171295
vn -0.29616595194470147 0.40049196479454385 -0.8671170134668645
vn -0.2581684309372963 0.42772269547347896 -0.8662576735846419
vn -0.21084370586563875 0.453298406328948 -0.8660632116170736
vn -0.16941087232390015 0.4699173350563817 -0.8663011338743377
vn -0.12547517940827396 0.4841973041947826 -0.8659150939687831
vn -0.09586319884492499 0.4912855528846207 -0.8657070824673152
vn -0.07183516785243672 0.49699777466035533 -0.8647733348353585
vn -0.02484054531195996 0.4988683841043961 -0.8663216969750172
vn 0.019896503858691236 0.4987311443632294 -0.8665283462047534
vn 0.07344137778042534 0.4935705595116466 -0.866599369266487
vn 0.12496590465302754 0.4835937859566179 -0.8663259045292337
vn 0.17450910683426676 0.46723559168849577 -0.8667395649740512
vn 0.22173684136293534 0.4453538515813836 -0.8674633825493819
vn 0.2690390126513844 0.41955728525585634 -0.8669427282469727
vn 0.31172573782900587 0.38680446416517544 -0.8678763569062434
vn 0.353957556948109 0.35069482855709927 -0.867022021117476
vn 0.3913886329392645 0.3095499042622593 -0.8665989815232648
vn 0.4243038813933028 0.2614221822340955 -0.8669628935949575
vn 0.45168844043051226 0.20896199427776938 -0.8673594628116471
vn 0.47018246953120796 0.16398113655707017 -0.8672016098918326
vn 0.4852547189438752 0.11531909142645032 -0.8667348873186533
vn 0.4938832304416791 0.06609188128626135 -0.8670128130059751
vn 0.499774427833544 0.02220615006693845 -0.8658708957938581
vn 0.4993273648093793 -0.027484681634832968 -0.8659773524913645
vn 0.49290392163822877 -0.07707314994760228 -0.8666634027065001
vn 0.48363399518767847 -0.12146153304303788 -0.8668017389747437
vn 0.4749862850163892 -0.15789093078683672 -0.8657127023566168
vn 0.4639466124130246 -0.187740088206731 -0.865740838883443
vn 0.44128401181051263 -0.22953376742858106 -0.867515227837795
vn 0.41469969590731975 -0.2770269462710501 -0.8667642316420962
vn 0.3803928885720955 -0.32210857465674514 -0.8669182870699967
vn 0.3419917768528324 -0.3626842144171912 -0.8668920262510363
vn 0.30435535242021766 -0.3953876486309579 -0.866623578471788
vn 0.25876944987463096 -0.4259638741916321 -0.8669447212453838
vn 0.21566263327941843 -0.4498480659919129 -0.8666754560562578
vn 0.164042610268455 -0.471217373605719 -0.8666280683363768
vn 0.10350704759913586 -0.48586984632099994 -0.8678806274674636
vn 0.0660652663154978 -0.49378615309139123 -0.8670701330353086
vn 0.02824944274775963 -0.5013725191794675 -0.8647702388473342
vn -0.006347012058750547 -0.499987349502706 -0.8660094490103355
vn -0.03457353909623372 -0.4989234363457014 -0.8659561623196395
vn -0.07379373917332946 -0.4948555833370642 -0.8658362637929602
vn -0.11801433385546799 -0.4834665881320949 -0.8673711288511751
vn -0.16873203538877227 -0.46794308121835554 -0.8675014541621435
vn -0.21691343216019143 -0.44911968765460214 -0.8667410623187981
vn -0.2519573535412744 -0.4299989880906589 -0.8669592621556601
vn -0.28331121191974074 -0.4122677654617355 -0.8658926300424061
vn -0.3099344765546768 -0.3949451567302657 -0.864846196394529
vn -0.3323177111791728 -0.37460985921389744 -0.8655821117700965
vn -0.3570477017622073 -0.3512228975390546 -0.8655399556985203
vn -0.389977674552238 -0.30969411992130985 -0.8671833516834799
vn -0.4212168428732281 -0.2651801390722151 -0.867326850225191
vn -0.44777309520307423 -0.21986335332211418 -0.866694502739122
vn -0.4654347167494709 -0.17842384662856717 -0.8669114461111962
vn -0.48172600766946794 -0.14141866185899998 -0.8648357159674002
vn -0.49049943705323135 -0.09801680598637645 -0.8659116629279757
vn -0.4959765766059865 -0.06620637452077557 -0.8658082648202321
vn -0.5006101290771959 -0.027400345482304543 -0.8652391113055186
vn -0.4994905938802985 0.023426514352329144 -0.8660025086859777
vn -0.4926202743148332 0.07271157423428971 -0.8672014139208665
vn -0.4861603113362731 0.11700639206029076 -0.8660009560609339
vn -0.4750741428906703 0.15580852351804272 -0.8660417211403979
vn -0.46157958736159016 0.19058786180896062 -0.8663836052593521
vn -0.4449977798528026 0.22739521769573035 -0.8661803454796166
vn -0.4132550016937272 0.28057318628404126 -0.8663134483046757
vn -0.37421553837092103 0.33149098915991104 -0.8660695439441023
vn -0.33634516533230263 0.36959102679977723 -0.8661838157496782
vn -0.2987535954378531 0.3985525748326052 -0.8671229061138083
vn -0.2581823695016545 0.42527540345165177 -0.8674576043228546
vn -0.20804848627218311 0.45329655803027763 -0.866739902068525
vn -0.15381948236090404 0.47516451987894215 -0.8663476472493233
vn -0.10186075955757899 0.4879279930858714 -0.8669202150287805
vn -0.04656412375911524 0.4964600719853707 -0.8668097711163774
vn 0.00027927445325359095 0.49978471566164895 -0.8661496175585283
vn 0.040948375994170276 0.4986436955121998 -0.8658393011577707
vn 0.07689302393301288 0.49265813690695764 -0.8668191408879955
vn 0.10923559814608544 0.4882045321587176 -0.8658659936025636
vn 0.14621162839290736 0.4791800518953336 -0.8654528511642214
vn 0.17559983148976635 0.46935290934072676 -0.8653742229083097
vn 0.21758558160389982 0.4490680459361834 -0.8665993334852911
vn 0.25650843209894314 0.4292089512581083 -0.8660156467536003
vn 0.28991237907224765 0.4072727648723634 -0.8660714216817744
vn 0.312511378374933 0.39024355244322473 -0.8660523126016647
vn 0.33860722407917493 0.3707776094140414 -0.8647942600171464
vn 0.36539148151057244 0.3384068503323049 -0.8671619623159667
vn 0.39551716300221906 0.3026508334071781 -0.867161257672768
vn 0.42926044406709185 0.2551882930500243 -0.8663800587787892
vn 0.45398338235466656 0.207617306296005 -0.8664837809631565
vn 0.4685217193651148 0.17133112440254467 -0.8666793203337188
vn 0.48102614446991215 0.13663567649056652 -0.8659933834887982
vn 0.491083155706834 0.10482461230970448 -0.8647827096069496
vn 0.49417839236596894 0.07934200144253314 -0.8657323855127979
vn 0.4975091724732517 0.047436325881542556 -0.8661607346744832
vn 0.5010917082117415 0.006089998747664236 -0.8653727589176193
vn 0.4973713445302863 -0.0350388660161745 -0.8668298699908973
vn 0.4925594301853336 -0.07593899177089802 -0.8669593284948948
vn 0.4875710644374252 -0.11446986436180355 -0.8655467100488259
vn 0.4761666894041113 -0.15901148120474218 -0.864858735717575
vn 0.45852937290241036 -0.19499358107781092 -0.8670226741695821
vn 0.44271356066920564 -0.2290053824971046 -0.8669263163539036
vn 0.40841112504850213 -0.28242585729647846 -0.8680069055410596
vn 0.37763130620530366 -0.325236528730369 -0.8669577826821189
vn 0.3401994025128689 -0.3640127092100184 -0.8670404339265092
vn 0.30081871669908494 -0.39804253667535133 -0.8666430860974818
vn 0.25651741372488246 -0.426635777722091 -0.867283534735535
vn 0.21173959900523168 -0.45150497406571877 -0.8667811722730359
vn 0.15752600453049465 -0.47292033797453614 -0.8669094023176291
vn 0.10505658241730242 -0.48554130712010546 -0.8678783057381351
vn 0.05038555640752874 -0.4955354561360557 -0.8671250817601431
vn 0.004070746787984857 -0.49798793525450125 -0.8671744030825326
vn -0.03703769749791945 -0.49996681112739505 -0.8652522156776927
vn -0.0705519558650914 -0.49532906383124276 -0.8658357465753389
vn -0.10855034640623683 -0.4868501380766572 -0.8667143504926095
vn -0.14935843689911643 -0.4793385281181409 -0.8648275162068949
vn -0.18413652124961552 -0.4649602681243886 -0.865970952519648
vn -0.21386544013135628 -0.4522731220999933 -0.86585830049919
vn -0.26427713370156897 -0.42258692321187497 -0.8669359197384798
vn -0.3014188086059031 -0.3960760799284968 -0.8673352527869906
vn -0.33525843573792286 -0.3737638720435907 -0.8648134765494485
vn -0.3579129534103026 -0.35104712426262885 -0.8652538554251306
vn -0.37380783978287935 -0.3356826236090374 -0.8646299064477302
vn -0.40275466666473086 -0.29659697578671557 -0.8659208465177148
vn -0.4262307694348524 -0.2581594056988745 -0.8669954166177454
vn -0.45237388627953234 -0.21131193367417916 -0.8664324172716714
vn -0.4718658359996638 -0.16083818782957887 -0.8668758331802977
vn -0.48423511619555015 -0.11723236940500284 -0.8670483976150183
vn -0.49434679367211587 -0.07937531112307854 -0.8656331830343689
vn -0.4987461566101009 -0.05293617769201175 -0.8651300667287043
vn -0.4992260137957157 -0.015326449951800719 -0.8663362436614982
vn -0.4981290994691827 0.03273941203042961 -0.8664845821836202
vn -0.49110046323978324 0.08729697071280333 -0.8667177013941957
vn -0.48182709159338283 0.13357597903969096 -0.8660254682341909
vn -0.4714638488791617 0.16784225041065123 -0.8657660296969011
vn -0.4631215797816051 0.19396450562058243 -0.8648099056439822
vn -0.44753549520437624 0.22306250542917133 -0.8659994799096791
vn -0.42869567280436033 0.25453504569306923 -0.8668517350924805
vn -0.40911045355563197 0.2844662942444911 -0.867010705949074
vn -0.3815571485442301 0.3255437116909925 -0.8651216296991123
vn -0.3700037253849687 0.3363448338938559 -0.8660077343269856
vn -0.3768280179475732 0.33331105386960785 -0.8642363023259522
vn -0.3902686574475954 0.31566116522479365 -0.8648979152379642
vn -0.41082123299766315 0.28528636956325654 -0.8659316380983527
vn -0.42248181838015475 0.2648650193111632 -0.8668077264788857
vn -0.4408543896318299 0.23748291449032474 -0.8655918625238617
vn -0.4580629291962893 0.20601302934121837 -0.864717864183324
vn -0.47347913509231365 0.1691118972844923 -0.864418113431847
vn -0.48761040282226664 0.11678206994849552 -0.8652156050361386
vn -0.4967418282269088 0.06531147618385257 -0.8654374426661203
vn -0.5003157367333071 0.029516732965014045 -0.8653397749162348
vn -0.499853460135084 -0.0029180359453246252 -0.8661050764527395
vn -0.4994600538227289 -0.042547372286245576 -0.8652914975584427
vn -0.4959784369504894 -0.07672016946023963 -0.8649389606660933
vn -0.48770326557235444 -0.11215605628454416 -0.8657751115553968
vn -0.478723464666977 -0.14372016437587873 -0.8661226002876361
vn -0.46516801256363294 -0.1887716257885227 -0.864860678597864
vn -0.4436783504583078 -0.23440024320198272 -0.8649890446251017
vn -0.4150839979968969 -0.2812863544927137 -0.8652070627214689
vn -0.3875750814429306 -0.3207219470829252 -0.8642470647354511
vn -0.35413454821450385 -0.3568317775129246 -0.8644419033792125
vn -0.3236499045258994 -0.38392751395136393 -0.8647834430257679
vn -0.29002239782838013 -0.40455629699992973 -0.867306872632508
vn -0.2594461762890588 -0.42817595994315155 -0.8656517942774375
vn -0.23013413672732425 -0.4446332593849574 -0.8656440052131581
vn -0.18095827621389365 -0.4678596094255116 -0.8650788912798093
vn -0.1376528757884415 -0.48291606340891086 -0.8647796028404073
vn -0.0971077472987812 -0.48927531448322054 -0.8667062663047393
vn -0.06406764706554081 -0.4972919241563244 -0.8652144698098767
vn -0.03685514239697069 -0.5006002761144729 -0.8648936709405454
vn 0.0016184720203625358 -0.49979957197248087 -0.8661395778998003
vn 0.03205979585081366 -0.4984601688852245 -0.8663195885612408
vn 0.07143925118513664 -0.4946245244878993 -0.8661656961374231
vn 0.10504230154468441 -0.4892552216835776 -0.8657918011517255
vn 0.1389966642215643 -0.48010314724024755 -0.8661298374639259
vn 0.18170490436842862 -0.46731837493233075 -0.8652149236918337
vn 0.21423316016702512 -0.45301222832526256 -0.8653808838151152
vn 0.24083284581359626 -0.43629234209756423 -0.8669766620874788
vn 0.28024023321614117 -0.4147039883350784 -0.8657286028230453
vn 0.30342849144753176 -0.3991132552390717 -0.8652397124903287
vn 0.32646072593604925 -0.3772163768026014 -0.8666782560403979
vn 0.3604693669629464 -0.3475241323352698 -0.8656147023508499
vn 0.37927305817945717 -0.32768038018518175 -0.8653193143463844
vn 0.3973624226469847 -0.2999088255882257 -0.8672703162235005
vn 0.4235799264399372 -0.2700576751501149 -0.8646669289441179
vn 0.43644914808322594 -0.24110007715458814 -0.8668234502673989
vn 0.45025614408106035 -0.21455335857279337 -0.8667388655427827
vn 0.47163730348236804 -0.17246810904847598 -0.8647618199973469
vn 0.48372415795864737 -0.13559881157613798 -0.8646524742960818
vn 0.4912896986945811 -0.09878787270784282 -0.8653758652530394
vn 0.49580775413746264 -0.053481283150764614 -0.8667839542179544
vn 0.5014526952088675 -0.013481750443539428 -0.8650800176126718
vn 0.5005806751519613 0.017281094797373994 -0.8655173894422982
vn 0.4979880797932293 0.049162611836747715 -0.8657891833357827
vn 0.49470213417908687 0.08437668593926867 -0.8649568621084884
vn 0.48843367941479804 0.1165967710075359 -0.864776117734491
vn 0.4776110053516547 0.15093722940926368 -0.8655089140761272
vn 0.4640380469949997 0.18778784685610145 -0.865681474628062
vn 0.4463206047591778 0.2287606804399507 -0.8651395661117648
vn 0.4198664181409458 0.2729457651019026 -0.8655707944648026
vn 0.4000022046365698 0.30187245698109605 -0.8653734777551715
vn 0.37446215879894956 0.3283873509937404 -0.8671446472964843
vn 0.3495477151647428 0.3608471465265615 -0.8646419673291056
vn 0.32887332567577476 0.3795592662090381 -0.8647410589846026
vn 0.3001703968826167 0.4006509252703748 -0.8656653908499086
vn 0.27077537720658623 0.4221836320027564 -0.8651252371579459
vn 0.23770871545714478 0.4412568172063512 -0.8653247875015686
vn 0.1903259571028184 0.46399968030200167 -0.8651475751179889
vn 0.14248162265202188 0.4824938393861943 -0.8642330022400304
vn 0.09698687511588144 0.4912278661200096 -0.8656146542211717
vn 0.05863164678995266 0.4972977886373773 -0.8655964645324475
vn 0.02342940201207901 0.5017445257295358 -0.8646984989126556
vn -0.018502038296658675 0.5011155097144001 -0.8651825937353027
vn -0.07055556186346708 0.49623576912706274 -0.8653161122555172
vn -0.12530390728214907 0.48510395744836 -0.8654323088998737
vn -0.17391044260960553 0.4698973097189304 -0.8654199421496148
vn -0.20597637710799876 0.45671059619274357 -0.8654416002242626
vn -0.23665444544196537 0.4386995731171157 -0.8669125434548842
vn -0.2635618157499314 0.4248818170815277 -0.8660315299064454
vn -0.28232044441513365 0.4109731681546135 -0.8668311379514474
vn -0.31913048796111637 0.3857850823158994 -0.8656359523010897
vn -0.35266775344913764 0.35649425248348243 -0.8651805034924107
vn -0.38666396224332306 0.3177839128441191 -0.8657392015149685
vn -0.4148827727014157 0.2799292163447386 -0.8657435640836183
vn -0.4367326635634102 0.24438642735383864 -0.8657596980121194
vn -0.4569341898670425 0.203786629147941 -0.865841876967769
vn -0.4718441727908242 0.1671195052432351 -0.8656986470883496
vn -0.483696326751906 0.13251037491250425 -0.8651467297674199
vn -0.48994468829303406 0.10262034663075693 -0.8656923627194737
vn -0.4951734638608524 0.0636276689555849 -0.8664610553460114
vn -0.4983778931964569 0.03554550957972274 -0.8662309116637312
vn -0.5014676541047137 -0.010361422969272324 -0.8651143466622011
vn -0.4967302457899842 -0.06560401718733025 -0.8654219640419963
vn -0.4877613931064681 -0.11892640206908267 -0.86483832840927
vn -0.47794934224636426 -0.15433957887790345 -0.8647217590867361
vn -0.460841020534205 -0.19049891443060887 -0.8667962375286087
vn -0.4479486195783475 -0.22426342212818062 -0.8654755639029968
vn -0.4360627201150246 -0.24556334131842042 -0.8657643729828682
vn -0.40989015551874763 -0.28265012031552306 -0.8672363979299053
vn -0.3921923942251634 -0.3123179977617365 -0.865241350252075
vn -0.36807746733075764 -0.3403135634068065 -0.8652777915818346
vn -0.33169170664215003 -0.37832408516250593 -0.8642057037133989
vn -0.2983751245468426 -0.4039622177455812 -0.8647466748624871
vn -0.2684226095465387 -0.4224269781599432 -0.8657394243113139
vn -0.2349600705031991 -0.4418287394020528 -0.865783535479582
vn -0.20159254330619494 -0.45761977179005 -0.8659934127637245
vn -0.1717124617668754 -0.46976677577246073 -0.8659295622937849
vn -0.14427182280946865 -0.47731555178451957 -0.866807651770491
vn -0.11941205489613035 -0.48612253960126034 -0.8656937320075182
vn -0.08569257558862836 -0.4932290528729734 -0.8656684607232824
vn -0.05386470688863667 -0.49949414076735665 -0.8646410796919619
vn -0.01829749179229508 -0.5003902370007912 -0.8656066153330872
vn 0.01821176702976617 -0.501192747234439 -0.8651440120935066
vn 0.046013129188499355 -0.4995652564897337 -0.8650533778043
vn 0.0824441989145313 -0.49100280096858245 -0.8672480634203502
vn 0.12231348988465003 -0.4865912114862799 -0.8650250881312936
vn 0.1501185937944092 -0.4738138456721665 -0.8677354708933718
vn 0.17903626444671805 -0.46552325541960365 -0.8667376273570332
vn 0.22240409637788536 -0.4481339233752171 -0.8658593446020383
vn 0.24210108027772695 -0.4377111323304472 -0.8659076345444446
vn 0.27841582899620154 -0.41362574704407146 -0.8668323756912819
vn 0.31040786975180407 -0.39269288461391555 -0.8657015956839568
vn 0.32778812478043723 -0.378185641650655 -0.865754333343014
vn 0.35839825267045866 -0.3467585982294437 -0.8667809221693297
vn 0.38494385575082896 -0.32008455273172476 -0.8656581929504376
vn 0.40415562219663126 -0.2950764074921277 -0.8657875875689103
vn 0.4286927287569432 -0.25724115996308705 -0.8660539994317741
vn 0.4470825390944331 -0.22349082911773055 -0.8661230008129007
vn 0.4596635531840724 -0.19614843091328815 -0.8661611922295115
vn 0.4751392067729811 -0.16130897609367553 -0.8649983516855696
vn 0.48421569103582957 -0.12630354239741062 -0.86578437253889
vn 0.49125115659381297 -0.09462764588725736 -0.865862523602377
vn 0.4995715570283715 -0.049354522947607685 -0.8648655331742979
vn 0.5025375334190737 -0.000029136655062695687 -0.8645553924741485
vn 0.49972235191967723 0.04171585211109823 -0.8651805353072336
vn 0.4915700301461516 0.08362769411446484 -0.8668133099111993
vn 0.4869517466393401 0.11814309851766579 -0.8654017591370732
vn 0.47973690489110565 0.14245513393994794 -0.8657707761871232
vn 0.4635899523521381 0.18358371599622897 -0.8668225742902399
vn 0.45583177119632645 0.20590088000329476 -0.8659227586695529
vn 0.44126932165538485 0.23234819577503457 -0.8667731546869013
vn 0.4256404875651583 0.2643880508412549 -0.8654069181128934
vn 0.40585549858275616 0.2935685158965644 -0.8655049628652808
vn 0.3734598058160124 0.33461441679170945 -0.8651941779248232
vn 0.33922031832751137 0.3671405349053935 -0.8661047299623545
vn 0.3127305582954922 0.3905924056634605 -0.8658158987603661
vn 0.28539577535687655 0.4102137743636262 -0.8661835317822633
vn 0.2535256189445571 0.43121478676943026 -0.8658975506433623
vn 0.22517493305068353 0.446769713122811 -0.8658481812429829
vn 0.19311569271072673 0.46156816814131857 -0.8658297496549328
vn 0.1511900102455901 0.47861959755380495 -0.8649074295202767
vn 0.10226943148883261 0.49149816291190174 -0.8648528887835067
vn 0.04859521347967604 0.4996659568702227 -0.8648539973728684
vn -0.002777480746092756 0.50136577955852 -0.8652309753403322
vn -0.05203970240366166 0.4999612955457276 -0.8644828351852776
vn -0.09239401472094058 0.49326675082749866 -0.8649573738467283
vn -0.1268690348470237 0.4839093574523384 -0.865872959369358
vn -0.15705136610149234 0.4747353389990909 -0.8660030174953627
vn -0.19436945598341676 0.46098779020711583 -0.8658584017382234
vn -0.24149358393691422 0.4391641638850809 -0.8653413696781301
vn -0.278812139873602 0.41560807771550745 -0.8657561529649811
vn -0.3133314269712857 0.38798305612836737 -0.8667713452978415
vn -0.3415736642615806 0.36682433819555826 -0.8653134326880102
vn -0.35910823324850955 0.34872072336553855 -0.8656992167655865
vn -0.3845475488386724 0.3172509864591596 -0.8668765738401626
vn -0.40181716471995443 0.2961419463464379 -0.8665119236055328
vn -0.43060677085125576 0.2567360332080882 -0.8652539616491969
vn -0.45666763875746524 0.2110198022983955 -0.8642484080110459
vn -0.4746778101862645 0.16008261151481523 -0.8654793665982856
vn -0.4862285505349768 0.11659517021554751 -0.866018107736243
vn -0.4924324237587558 0.08683222678159455 -0.8660083558622439
vn -0.49809283612629524 0.05001991301873473 -0.8656798108430518
vn -0.5006930105670973 0.021474612334744462 -0.8653585096330475
vn -0.4977683311847089 -0.010060892211775807 -0.8672516744967939
vn -0.4965372356779725 -0.05744266851517698 -0.8661126447634471
vn -0.49371984109093675 -0.09321157541385147 -0.8646110806148671
vn -0.48026057341919304 -0.14660164489225028 -0.8647876845410986
vn -0.4675779273149943 -0.17819043729085182 -0.8658054342321424
vn -0.45208174219042646 -0.21497650553304565 -0.8656830831469847
vn -0.4356138324586916 -0.24785990537390756 -0.8653358054990492
vn -0.41947983112173487 -0.27309168294563885 -0.8657121946628679
vn -0.3906547154722612 -0.3086300810509789 -0.8672579583663402
vn -0.37778028817220277 -0.3268157837303789 -0.8662987344866814
vn -0.35905776430565134 -0.34668014421663224 -0.8665393236880613
vn -0.33930725578050275 -0.3666738647415278 -0.8662683551245631
vn -0.30485307673313544 -0.3981536263881183 -0.8651810743424361
vn -0.26350986594871684 -0.4284188390417914 -0.8643031001343063
vn -0.2221207325995859 -0.4485940347896467 -0.8656938096697749
vn -0.18662917454505187 -0.46463977893514863 -0.8656092808188511
vn -0.15353141422812075 -0.47822152626811937 -0.8647151419160551
vn -0.12223813041747728 -0.4852880578802599 -0.865767486309601
vn -0.08852566553856224 -0.49254589022123946 -0.865772344538171
vn -0.054937465736846325 -0.49671228597009065 -0.8661747975003544
vn -0.008516130841206254 -0.5019161625926685 -0.8648743499744604
vn 0.042939100286830525 -0.49948811382538755 -0.8652559493084774
vn 0.08072412963929224 -0.4946505254870885 -0.8653348903917638
vn 0.11086975331583651 -0.4861017594288789 -0.8668408027312938
vn 0.15257233553158073 -0.4780537837956716 -0.8649776079350726
vn 0.19308496972673067 -0.4626280954079303 -0.8652707320861249
vn 0.2263649693899307 -0.44698259073046737 -0.8654279081569852
vn 0.25688156121465744 -0.42649351946014785 -0.8672457214460135
vn 0.2915553663994189 -0.4065810025952106 -0.8658448802484046
vn 0.30936721713648907 -0.39322389120812096 -0.8658330649405624
vn 0.33990729192029284 -0.3674352503478122 -0.865710326668946
vn 0.36636567543403636 -0.34177565973564616 -0.865427980987457
vn 0.3856473519413441 -0.3190451226583686 -0.8657287852720016
vn 0.4098741121994022 -0.2876805370598457 -0.8655883090394132
vn 0.43051640828976545 -0.25758456375805516 -0.865046712442081
vn 0.4511554750150785 -0.2221490101853341 -0.8643544149465514
vn 0.470520822762954 -0.1734260315389026 -0.8651783440026342
vn 0.4841883675922344 -0.133601066617986 -0.8647036369108805
vn 0.49074439957898053 -0.09880416591336348 -0.8656833549745717
vn 0.4941740166282756 -0.06691905287483557 -0.8667836417767769
vn 0.4987034703911343 -0.04141784008957208 -0.8657825426411379
vn 0.5018027375651978 -0.005810869335079979 -0.8649625693460058
vn 0.5002828807366635 0.04047775990088721 -0.864915365914626
vn 0.4952162166595331 0.08729245443913587 -0.864373140579582
vn 0.4817195717387745 0.1404511745917499 -0.8649969489886132
vn 0.4620192587204665 0.1931426500127351 -0.8655831105777473
vn 0.44766980270923307 0.22477622260547664 -0.8654867979891373
vn 0.42840474704856396 0.2552151373681457 -0.8667955966457227
vn 0.40946597925712713 0.29089642327528753 -0.8647062407295595
vn 0.3855502968171585 0.3216070884799997 -0.8648235943032653
vn 0.35419177975697647 0.35407286849076147 -0.8655521861513085
vn 0.3137642515243702 0.3900071174074012 -0.8657057484139291
vn 0.2729593850651158 0.42007449842278755 -0.8654655336174383
vn 0.22829106262416135 0.4458366297788701 -0.8655130792040927
vn 0.1915939878709473 0.4629075184254498 -0.8654526984167877
vn 0.1513261084153384 0.47489623307553064 -0.866933663392154
vn 0.11424518057360247 0.4892784220354737 -0.8646124359770578
vn 0.07620828474128583 0.49667137049138166 -0.8645865179789723
vn 0.03126595165968094 0.5000718230631169 -0.8654193272888844
vn -0.022607933611933834 0.5001214120521063 -0.8656601264611913
vn -0.07286793558637725 0.49559940663846963 -0.8654891634809625
vn -0.11798949471764919 0.48567497450775793 -0.8661398837792673
vn -0.15710869124662705 0.47573866511107027 -0.8654418418664012
vn -0.19138365704499913 0.46489881790320614 -0.8644312493936597
vn -0.22780846701929253 0.44728024075494466 -0.8648951893637279
vn -0.27517558085086763 0.42183019173098113 -0.8639083800077363
vn -0.31838370143275846 0.3898787593226491 -0.8640754432866427
vn -0.35062438043815924 0.3567061999367684 -0.8659233400070858
vn -0.3762776805903213 0.3288210292412964 -0.8661938800397185
vn -0.402185254804943 0.3048092078003817 -0.8633298139515321
vn -0.41732661223898043 0.27636478204101295 -0.8657141595033311
vn -0.4357013723191115 0.2477342349195701 -0.865327720004426
vn -0.450793437253097 0.2186161241574066 -0.8654433934047516
vn -0.473794588383241 0.17946014144498507 -0.8621558708559036
vn -0.48806976839158017 0.13082918408707955 -0.8629435820337842
vn -0.5036267067107828 0.07807976791197421 -0.8603857798281322
vn -0.5114690086964736 0.028211349740449566 -0.8588385022161434
vn -0.514517778854734 -0.018187748082171797 -0.8572868021042261
vn -0.4980688702441915 -0.0538193100422049 -0.8654657025903776
vn -0.4770137945444601 -0.07593505797361595 -0.8756093345692696
vn -0.45832083445466876 -0.10628048519829503 -0.8824094691076196
vn 0.4336073625505278 -0.24802280555730233 -0.8662963367494172
vn 0.14440528631514582 -0.4781726460681182 -0.8663128960349459
vn -0.48607236000415227 -0.11910808795551832 -0.8657637808453148
vn 0.9995774222905307 -0.0290684854613722 0
vn 0.998828143317211 -0.04839769608539646 0.00005595639794693356
vn 0.9898630471082821 -0.1419528586722907 -0.004531432915908364
vn 0.9700635273613045 -0.24266513187389072 -0.00950718969889682
vn 0.9378622315686173 -0.34688532875526723 -0.00921972296133562
vn 0.8918947186880288 -0.4522021517015351 -0.006084798509721558
vn 0.84378404525812 -0.5364054511418428 -0.017253317163921894
vn 0.7984016936185294 -0.6019857972938479 -0.012955133482674101
vn 0.7496243598080625 -0.6617554918772571 0.011957765369909262
vn 0.6835088652375291 -0.7299392140611666 0.0020916303382633515
vn 0.6188920680567662 -0.7852575708231008 -0.01852445846501856
vn 0.5295336989665932 -0.8482119676705009 -0.011424515713782581
vn 0.4219259976504544 -0.9066202170766732 -0.004270186707250619
vn 0.33308160440364903 -0.9427407422225335 -0.017220271821256072
vn 0.23171384614267632 -0.9725747696816532 -0.020174510761046205
vn 0.1506569119264115 -0.988486430024806 -0.014038252940169998
vn 0.06953181476968 -0.9974848248013839 0.013760487847005228
vn -0.009490554055737819 -0.9999548618740502 -0.0004512185326914119
vn -0.05635957559254146 -0.9984101900014106 -0.0008311079205662664
vn -0.1458384663144768 -0.9892306723602294 0.012402362870430951
vn -0.2381390256397957 -0.9712174829393802 0.005138608782889005
vn -0.32672211876116747 -0.945113967003358 -0.003499498162471055
vn -0.4262642832944694 -0.9045986474873844 -0.000218521045509765
vn -0.4877849232300907 -0.8729637285019219 -0.0004442853106490941
vn -0.5564415587467288 -0.830671032196884 0.01893219396884852
vn -0.6227670971560184 -0.7824072321668706 0.0002564231716666421
vn -0.6864205420661746 -0.7271922041968272 -0.00428224064470488
vn -0.7704331850248265 -0.6375032046944061 -0.004729843217678787
vn -0.8371928268858946 -0.5468503790113002 -0.007926763904778707
vn -0.8898568109915944 -0.45616316572534443 -0.008367924910143447
vn -0.9216760766484264 -0.3879218006162239 -0.005466840095570409
vn -0.9462549677325277 -0.3227876719706195 0.02023993244309446
vn -0.9735106217769305 -0.22861497075957607 0.003502061120569615
vn -0.9895726928384723 -0.1428744628045004 -0.018242079561829556
vn -0.9987205694141356 -0.046861442876299085 -0.01900603590063854
vn -0.9983024073003753 0.05793343526116364 -0.006001721179487027
vn -0.9864038363683035 0.1641126297472298 -0.008632285638309067
vn -0.9664835667865832 0.25672503609881664 0.0013307785487393837
vn -0.9374635185035995 0.347343771370083 0.022681621751072228
vn -0.9101857446174105 0.41410332477680517 -0.008963632302006435
vn -0.8773793925106541 0.4796845180704585 -0.010400226975758223
vn -0.8211830161088067 0.5704743794570899 -0.014745726075426933
vn -0.75084650543245 0.6603149177995069 -0.014619665225585377
vn -0.676160119922342 0.736451173819983 -0.021146177095949327
vn -0.6032324455726111 0.797561112027535 0.0026247266311802985
vn -0.5342491920486059 0.8446808544851511 0.03304625336776577
vn -0.4850578758026252 0.8739795958504201 0.029639891345640126
vn -0.4143455975549204 0.9101080414718506 0.004591147474006201
vn -0.33655507268235196 0.9398188245101503 0.058917401064000376
vn -0.2936675838660872 0.9453394983559179 0.14174830875335404
vn -0.21425660613786207 0.9396408489378637 0.2667755268640957
vn -0.16394843218339247 0.7953496603120574 0.5835579058037879
vn -0.25686379980485347 0.9304039970516124 0.2614754111196602
vn -0.3585028969371446 0.9222762047736439 0.14450700673669384
vn -0.45854965024146016 0.8873408470022783 0.04856376740651274
vn -0.5528683030059153 0.8304312770665383 0.06870613947092286
vn -0.6416679087829692 0.7664930895879909 0.027397781880054116
vn -0.7219635893032391 0.6917785452874027 0.014526527473176126
vn -0.7943366710286501 0.6071945386279 0.018548458684581215
vn -0.8562656695698682 0.5164352688397009 0.010184115795274989
vn -0.9123557881528097 0.40893408994583363 0.019489122715965746
vn -0.9518133983453656 0.30560538126282827 0.02562431800941989
vn -0.9780879138735724 0.20792533708222968 0.01053977863544986
vn -0.9950427270209807 0.09928098923562495 0.005766851744754699
vn -0.999981878631145 0.00267455051236694 0.005393439429797144
vn 0.9995767096443238 -0.029092960695055268 0.00003427277699577864
vn 0.9977024092298455 -0.06774867254531154 0.00014136941023006134
vn 0.9902952529305424 -0.13897945289792485 0.00015393318943974298
vn 0.9792424503095182 -0.20269036422833905 -0.0009163846320485154
vn 0.9514222438662536 -0.3078852390880218 0.0015470708499276363
vn 0.9111363871310136 -0.41202059313652084 0.00833755823207159
vn 0.8701952936450739 -0.49269817641694497 0.0029424264443626965
vn 0.8181273136544467 -0.5749090170112087 -0.01213757849672895
vn 0.7715250490896846 -0.6360719995567384 0.01270865874324518
vn 0.7178536012969339 -0.6959856109387288 0.017036327986601783
vn 0.660027308415787 -0.7512193131680779 0.005787544271360612
vn 0.5834721851773963 -0.8119267126326107 -0.018309080750157594
vn 0.5213739926328701 -0.8533054083130464 0.006248195720777428
vn 0.45881111953367076 -0.8885180072032538 0.005301647651262468
vn 0.37715497699902223 -0.9261501452816547 0.00017810007598331973
vn 0.2852954489071204 -0.9583376386021791 -0.01398131865326262
vn 0.23193459908888692 -0.9727313810471457 0.000045514725117734044
vn 0.17775084518610385 -0.9839954023915242 -0.01255727311036352
vn 0.09692490858122468 -0.9951698196543547 0.015575369839609684
vn 0.003880079361678286 -0.999954579118108 0.00870543995869496
vn -0.09716843768504188 -0.9952018214709397 0.011472979507180197
vn -0.19559839367948822 -0.9805567860644594 0.015800559893316954
vn -0.2873975298834053 -0.9577933424181644 0.005879884042910193
vn -0.39315230772349385 -0.9194733165911856 0.00028811195171200263
vn -0.4992715120297851 -0.8663182258575243 0.014855599030799648
vn -0.6091874103108504 -0.7929449496902794 0.011358075516566972
vn -0.6840122217879573 -0.7294697629049551 -0.0010702579553505517
vn -0.7460944081009059 -0.6658387206005991 -0.0013900897511290094
vn -0.8132950655880441 -0.5818317527040693 0.00479038990581309
vn -0.870250755106531 -0.4926033579825287 0.00235689220147371
vn -0.9230355842702097 -0.38446886273379416 0.013747863802632414
vn -0.9599004919277953 -0.27951815536190977 0.021462675039516852
vn -0.9810976714139937 -0.19339253970249873 0.006832622736330864
vn -0.9954415095186218 -0.09446498131338392 -0.013136530468503297
vn 0.4767356917055366 -0.8790030075326404 0.008763161679232362
vn 0.37702708561193843 -0.9261551880417481 0.009335115335245133
vn 0.30153870697001767 -0.9533593094762078 0.013432618281552395
vn 0.22891095325192923 -0.9734407682288313 0.0035841639689067795
vn 0.16178680526462835 -0.9867518878043242 -0.012072346783762304
vn 0.11279862805718349 -0.9936178646579973 -0.00009241698460455456
vn 0.03689349458872061 -0.9993119879602579 -0.003797469677264752
vn -0.05509832631329273 -0.998449706732108 0.007896680571072312
vn -0.16557380359002444 -0.9861618162447036 0.008377812702577004
vn -0.26884585813318523 -0.9630864332201342 0.013653816753980162
vn -0.37314525991218905 -0.9275697058758249 0.019417923331308574
vn -0.45919839187661426 -0.8883193855107258 -0.005050368677427911
vn -0.5129896300798563 -0.8583715984160178 -0.006311771800579847
vn -0.5711085635855605 -0.8206349380656501 -0.0198319697767084
vn -0.6084579238949931 -0.7935644400712961 -0.0058680749590844265
vn -0.6689549443361672 -0.7433014244096791 0.0015082833744731355
vn -0.7345296688125076 -0.6785623382792032 0.004395304682038824
vn -0.8023809628305242 -0.5967531083512114 0.0083975091740569
vn -0.8559106589818211 -0.5168027282639441 0.018217680978890767
vn -0.892766620618497 -0.4503272007560967 0.013159535273219945
vn -0.9251617621774076 -0.37935679464185335 -0.012811563677108917
vn -0.9538628449793755 -0.2999300059768928 0.013699068674667882
vn -0.9779998475695388 -0.20850245261472228 0.006559375549861949
vn -0.9958671774015889 -0.09081842610384265 -0.0007605617748738067
vn -0.9985476751532729 -0.05387523035675828 0
vn 0.5552244710898058 -0.8316726577395684 0.006810071324715007
vn 0.6215270892986726 -0.7833713463621941 -0.005780222020223614
vn 0.6572042955785307 -0.7534579923753919 -0.019584881893216412
vn 0.7081494684977852 -0.7060382124474729 -0.005862834662655942
vn 0.7388356356054306 -0.6737455155196556 -0.013743503071379452
vn 0.7844524287472764 -0.6201808972698881 0.0031688632055455485
vn 0.8291316036904427 -0.5589516761948864 0.010668057022811532
vn 0.8729117275111807 -0.48779170377563225 0.00918529809597546
vn 0.9208274354332008 -0.3898440544680097 0.009922063770095711
vn 0.9577800556785996 -0.28747209682258906 0.004142281101358642
vn 0.9823129416328634 -0.18722312608353936 0.00296407828807014
vn 0.9955866685637762 -0.0937707922418627 0.003771458658797771
vn 0.9991825768241872 -0.040320470724256666 0.0029047911373439902
vn 0.9992474047811322 -0.038789483602803626 0
vn -0.9984237063734491 -0.055865809926220415 -0.005395723565223704
vn -0.991439174491681 -0.13039596520936814 -0.006727223823531598
vn -0.979477741857563 -0.2014094845327056 -0.007587670649099758
vn -0.960657729968076 -0.27737397364644156 0.014156433031168076
vn -0.9338137901635739 -0.35756506743009264 -0.011791007338404526
vn -0.9115590913111371 -0.41098710281038653 -0.01223210413374567
vn -0.8766914427040577 -0.4808505377313094 0.01395975117931523
vn -0.8288969305915436 -0.5593998370321235 -0.0013041412313659012
vn -0.7738318122484646 -0.6332804785903452 -0.011838994410014804
vn -0.7032340337703394 -0.7108481100905921 -0.012524301486741394
vn -0.6173964298230007 -0.7863279182982925 -0.022584360661443564
vn -0.5286918926614873 -0.84855008896661 -0.021157248137991632
vn -0.4428853616239768 -0.8965693561651883 0.003993249896900672
vn -0.3869722969842696 -0.9220699401664326 0.006282261391365267
vn -0.3135184380894916 -0.9495821099899389 -0.00007324603289316857
vn -0.22216603746420785 -0.9749745387931326 -0.008179272740944545
vn -0.11758123355034558 -0.9929705872428329 -0.013567106817689792
vn -0.005157509216103689 -0.9998833271678693 -0.0143781831396557
vn 0.10134161248127252 -0.9946218713731 -0.021382482689534965
vn 0.18617528517219878 -0.9824372445675408 -0.012482935455607193
vn 0.259316773922123 -0.9657877746938818 -0.0029639525067608327
vn 0.3367897959371091 -0.9415772216224767 -0.002229142063134461
vn 0.4227742299726605 -0.9061325288884099 -0.013630501139681507
vn 0.5172160705628495 -0.855807755035119 -0.008979018502886094
vn 0.6124442348620016 -0.7901964353914955 -0.02239760431098222
vn 0.6946192470308005 -0.7190832585279167 -0.020575931552105742
vn 0.7533536110422087 -0.6575278177360272 -0.010747354696036215
vn 0.8010738884937533 -0.5985570398194301 -0.0031773032746232207
vn 0.8472368374878395 -0.5312110344710721 -0.002139640104773799
vn 0.8922640589565585 -0.45150750411442453 -0.0024130525750773063
vn 0.9371450497408981 -0.3489137870830185 -0.004280762725920337
vn 0.9686728017210261 -0.24828082059997708 -0.005444017646891821
vn 0.9879957358723093 -0.15443879242756856 -0.0036173597621027504
vn 0.9978887312462784 -0.06494624830530771 0.00025472094098852847
vn 0.9985425964074384 -0.05149818530567211 0.01614373160438536
vn 0.9926828303283307 -0.11925108919760619 0.018973036038522583
vn 0.9740614152351856 -0.2260881182222719 0.009408620979680836
vn 0.9425326229609651 -0.33355496182611033 0.019322062402996186
vn 0.8999899985940745 -0.4357222800494614 0.012810038998252985
vn 0.8496771547763857 -0.5271468816251746 0.012841255544535553
vn 0.786662603510624 -0.6173572735912127 0.005651989199508122
vn 0.7137271689871233 -0.7002949047946668 0.013437803699074389
vn 0.6463581573588452 -0.7630273994844493 0.003212483724017729
vn 0.5891525784190742 -0.8080216699407072 -0.00046930628322860773
vn 0.5293424581757755 -0.8483295806305364 0.011553553550553633
vn 0.44538976841806954 -0.8952289638740287 0.013894474784284691
vn 0.3619318852271923 -0.9321833719606233 0.006282634480293376
vn 0.28954065708815285 -0.9571655081817583 0.0006307456830339597
vn 0.22504275847402913 -0.9743478216005474 -0.0014420127141665494
vn 0.12994606991785276 -0.9914905580615753 0.0077776723800226065
vn 0.021401874423242144 -0.9997229436998908 0.009797735003391636
vn -0.09067502765912319 -0.9958504004980585 0.007747205100808986
vn -0.1981838516986134 -0.9799604526886696 0.020016795250991763
vn -0.30361876814190103 -0.9526226809979865 0.018046364736508693
vn -0.3920231800742089 -0.9199415541995466 -0.005036183220169314
vn -0.4478036622518037 -0.8941089233850313 -0.0064119573558248134
vn -0.5066885310958625 -0.862018757013811 -0.013798369913919448
vn -0.5474907217893438 -0.836809465226872 -0.001956645420091831
vn -0.6121562704018522 -0.7905506471868037 0.017157355280476964
vn -0.6850045846453577 -0.7283435386324233 0.016864422529114693
vn -0.7515498161613117 -0.6596553116647592 0.005267221313721111
vn -0.8039774611661287 -0.5946583538504826 0.0012977413841912093
vn -0.8451924433694543 -0.5342666576085324 0.014452412912006747
vn -0.8864583180208822 -0.46236674971765795 0.020214825428805826
vn -0.9262281929816408 -0.37696329872512413 0.0000770729334388103
vn -0.9500945595990087 -0.31196182275016 0.00038596212707234684
vn -0.9659827786441548 -0.2582777397454088 -0.013033821961370236
vn -0.9798311724175077 -0.1998226669737551 -0.0013324122591162435
vn -0.9893375447282822 -0.14520822189685392 -0.011215831871441083
vn -0.997979411816694 -0.06307779311149594 -0.007634501043876766
vn -0.9993687508075911 -0.035526045505725856 1.2593362167070821e-15
vn 0.9990287047739427 -0.04406412415671796 0
vn -0.9988416998335271 -0.045125059643203125 -0.01670292387181561
vn -0.9942827431623655 -0.10524731348408457 -0.01802303120743646
vn -0.9784783082756257 -0.20534686655719026 -0.020319070579463545
vn -0.9502522762995179 -0.31084438561747835 -0.019909277176151492
vn -0.9174448693133631 -0.3978629045183111 0.00014484073955440413
vn -0.8871582082068109 -0.46146532537436424 -0.0002590143101811507
vn -0.8597382130217266 -0.5105661048777491 0.013132312064961847
vn -0.8245483093130102 -0.5657869017262545 -0.0022950912971394784
vn -0.7812279501755137 -0.6240617067926212 -0.01516166150676762
vn -0.7266570254911225 -0.6869734455008082 -0.00608707492496947
vn -0.656275508865947 -0.754492578680993 0.006588260623889319
vn -0.6053852435546464 -0.7959289546337096 0.0024095771355138844
vn -0.5428378117319469 -0.8397386277280486 -0.012889812081057578
vn -0.4618097757449193 -0.8867835240631173 -0.018620216879135103
vn -0.3753622249685959 -0.9268672056470579 0.004514771604357902
vn -0.3184177866558348 -0.9479313466099656 0.006022894272395795
vn -0.25462714328493835 -0.9669488258803731 0.013228228570724828
vn -0.20723673944231233 -0.9782887215858795 0.0020275707594325136
vn -0.12942198229290208 -0.9915786623350766 -0.004659066554140613
vn -0.036021985955487244 -0.9992264742729341 -0.015775602679586064
vn 0.07782963529403236 -0.9968706793895818 -0.01383461034331934
vn 0.18724532815902353 -0.9822049345768294 -0.01458264638348146
vn 0.2937844358388467 -0.9556834576551905 -0.018969291580609768
vn 0.39622297387649197 -0.9181358103401553 -0.005829986577606317
vn 0.4803518700667372 -0.8770758596825375 0.00013147443081564859
vn 0.5392011945838366 -0.8421767269285564 -0.0006575555241638214
vn 0.5982776693736275 -0.8011944044183461 -0.012302709359812852
vn 0.6718117327125925 -0.7407021823535281 -0.00541043865364235
vn 0.7496393386427802 -0.6617201026687445 -0.012937066254798726
vn 0.8147551405632029 -0.5796577326066691 -0.013075700942246403
vn 0.8735358151965343 -0.4867230076078151 -0.005991112929087461
vn 0.915236194927719 -0.4029119996271595 0.0021512904671418566
vn 0.9395032350321443 -0.34253563839874207 0.0017342983888132264
vn 0.9636029487388678 -0.2672653762750411 -0.006210944076351928
vn 0.9831115721782855 -0.18292665701753882 -0.005429070042602704
vn 0.9970962419464287 -0.07595408718719357 0.005482785411569439
vn 0.9985407571288327 -0.04952500378316181 0.021532077300055213
vn 0.9936515068905146 -0.11070163521316304 0.02004571812984773
vn 0.9764155812007599 -0.2149795606472947 0.01990982903689194
vn 0.9473328143521473 -0.32020080593783745 0.005655327435229369
vn 0.9134455976064851 -0.40696075811715327 -0.00028559769448529567
vn 0.8825438687975407 -0.47022968899975637 0.0005993588758209032
vn 0.8549836899128244 -0.5184962168668563 -0.012828214131733037
vn 0.8228310939781998 -0.5682856438563462 -0.0006463508468662508
vn 0.7837251657247724 -0.621104854886327 -0.0019036402791989878
vn 0.7207558859171088 -0.6930949791875317 0.011415022596501965
vn 0.6555849988071228 -0.7550894112159378 0.006949130063042779
vn 0.5890634240196697 -0.8080782541596467 0.003717208162098854
vn 0.5271140816920552 -0.8497121146895601 0.011834991835118857
vn 0.4699367465534746 -0.8826953548471301 -0.002892191216823951
vn 0.3830698968487781 -0.9236110308761314 -0.014146298886867815
vn 0.3157164787694597 -0.9488068328818107 0.009418009885384533
vn 0.24787181312472065 -0.9687473059349914 0.009392630193914992
vn 0.13351771001453555 -0.9910031383393011 0.00926287828542341
vn 0.01658683060853308 -0.9996966580413572 0.01820628878452851
vn -0.08101393202194908 -0.9965498944788037 0.01802916061907439
vn -0.1803953905129591 -0.9835737126744785 0.006344668424713308
vn -0.28586756800871527 -0.9580662718472293 0.01971680272086348
vn -0.3882640126684367 -0.921531229490141 0.005590128888766484
vn -0.4874046661648779 -0.8730654570921288 0.013906798093604286
vn -0.578555178137373 -0.8154674333309155 0.016934315076831633
vn -0.6643488337631643 -0.7470867555660273 0.022405506808600352
vn -0.7273627497377254 -0.6861129978191187 0.0138702746056788
vn -0.7766144180782137 -0.6299726290029632 0.002128929339416031
vn -0.8256025218084003 -0.5642466479326261 -0.0024892328948165486
vn -0.8747197568071412 -0.48459745442152585 0.005536625274730568
vn -0.9227136487781546 -0.38530785322487315 0.01172094713509657
vn -0.9593021853068455 -0.28136181782698816 0.023975919890661054
vn -0.9839422059026423 -0.1783654532127345 0.006595494193636268
vn -0.9972215288074703 -0.07446229452805123 -0.002142236333750167
vn -0.9990454278422234 -0.043683327569552594 0
vn 0.999279173591802 -0.0379622605449862 0
vn -0.998790640921943 -0.048190013498848515 -0.009745676257448268
vn -0.993550433205116 -0.11271397921442021 -0.012373179364159421
vn -0.9786054088753272 -0.20562519538209775 0.007052144640298267
vn -0.9637020725350252 -0.26691946107577386 0.005684777103396487
vn -0.9391401689847777 -0.3435225291058392 0.002831076821823542
vn -0.902517466933786 -0.43049715352466866 -0.011594079807402617
vn -0.8503948375346797 -0.5259460760620908 -0.014468772209673736
vn -0.8034491445074867 -0.5951004554797005 -0.018025539604699704
vn -0.7544947264979271 -0.6563006042042895 -0.0026878630736732866
vn -0.7082581764608507 -0.7058481817754416 0.01219425113131818
vn -0.6688046265574737 -0.7434375075112718 -0.0010217243981220825
vn -0.6130144400425646 -0.7900600777208883 0.004286011078489895
vn -0.5361846027690427 -0.8440846107669948 -0.005219350508916507
vn -0.4402045697489124 -0.8977992121987922 -0.0132857573138609
vn -0.3561641324425878 -0.9344129093686677 -0.00443007523643962
vn -0.2865776978376283 -0.9580567950449966 -0.0006329061497492054
vn -0.21511921289738856 -0.9765806199552811 -0.003743924433914717
vn -0.14031358320122272 -0.9900874676782216 -0.006237364488301582
vn -0.043056268548391494 -0.9989703964057133 0.01429352453737654
vn 0.000282398214826575 -0.9999739893964315 0.007206995340229722
vn 0.06739847337555663 -0.997638400744942 0.013231294181557472
vn 0.138235163002752 -0.9903830623227283 -0.005694696994343357
vn 0.20564516223568438 -0.9786136905766344 -0.00503108984601586
vn 0.3173475798347094 -0.9482930113759872 -0.005556811002242218
vn 0.4216591978456187 -0.9065329356423972 -0.020038898866123398
vn 0.4948148426470835 -0.8689734930627362 -0.006583300880924231
vn 0.5664332384918417 -0.8241037545816572 -0.0025274524842685644
vn 0.62653779063788 -0.7793152813951978 -0.010866880257348645
vn 0.6878848162860076 -0.7258004637953847 -0.0053071911186601695
vn 0.7620441667605868 -0.6474478631822417 -0.009997618061921733
vn 0.8261246730398776 -0.5631524953992253 -0.01942399342001743
vn 0.8820448139394318 -0.4707398232741952 -0.020024110125864532
vn 0.9289122882065334 -0.37001449117326907 -0.014533999473263646
vn 0.958629861454262 -0.2845882221531241 -0.00619132779836575
vn 0.9778900321537759 -0.2091154195549414 0.001351413574047184
vn 0.9881131809117207 -0.1534200782599946 0.009727347799791479
vn 0.9976232662016675 -0.06806596378185654 0.010716496981947902
vn 0.9988076464860588 -0.04745633049629369 0.011453471823277587
vn 0.9937546352081846 -0.1106726165696825 0.014258223727652205
vn 0.9772310604966928 -0.21190638302344808 0.010730295169691964
vn 0.9488330533917488 -0.31571915913707693 0.006103224153505218
vn 0.9075173056935454 -0.41992452358294474 0.008702549072832593
vn 0.8643646439164303 -0.5028638359407253 0.001313335525295494
vn 0.8280791529543138 -0.5606099888218127 -0.0011648500648083326
vn 0.7802903473897965 -0.6251865482528866 0.016992752983318784
vn 0.7363256571932276 -0.6764125007306346 0.01704861913149161
vn 0.680377583339503 -0.7328610809056701 0.0009900418528748978
vn 0.6365974779235941 -0.771193651860838 0.0020006076236060446
vn 0.5909388628965543 -0.8067100599855338 0.0031842482101572278
vn 0.5225211996009962 -0.8526232272039383 -0.002286569456087246
vn 0.44259700069339536 -0.8965249039351376 0.018734769849212074
vn 0.34708308075811684 -0.9376520217922794 0.018493811946300995
vn 0.2426958806180147 -0.9700620082538858 0.008854923685971669
vn 0.1365573095297186 -0.9906234051591152 0.0041677769811157865
vn 0.02842118583146368 -0.999595937326201 -0.00044528292949964085
vn -0.08056499217772954 -0.9967443537262815 0.0031583777766134493
vn -0.1720460987962863 -0.9850871772717011 0.0018420271036359822
vn -0.25207621092658505 -0.9677050799368395 0.002112380015674194
vn -0.3306632894937272 -0.9436645986669584 0.012606117717834351
vn -0.4111143700265585 -0.9113575334586065 0.020308150233614538
vn -0.5096408027077455 -0.8602261371679727 0.016650680120444634
vn -0.6009340127120195 -0.7990485814212389 0.0199919207315424
vn -0.6795282545709401 -0.7336363392668201 0.004367258516577399
vn -0.7556054931253816 -0.6550034061873757 0.005556675416534721
vn -0.8220785467162283 -0.5693282628339059 0.007224414679491629
vn -0.8788985410584501 -0.4769615124721021 0.006713430244883505
vn -0.9261374881405839 -0.3769567532227052 0.01315139766132897
vn -0.9533374618151502 -0.3013294546351281 0.018661287981890963
vn -0.9741732256594723 -0.2257952936797234 0.0017354423949700376
vn -0.9881575036465435 -0.15326219686845038 -0.0074462741077545025
vn -0.9975564710360967 -0.0697523148086196 -0.003962533640047584
vn -0.9991831175362171 -0.040411602673072755 -1.2245701421746792e-15
vn 0.9991216752649865 -0.04190319815582871 0
vn 0.49140974025676804 -0.8708802906397036 -0.009164417934672474
vn 0.5537651771355041 -0.8324983707122666 -0.01704674026040126
vn 0.6177666758494933 -0.786358114895624 -0.002291145492446554
vn 0.6623645217358028 -0.7491734985277841 -0.003508482484140269
vn 0.7047673400825238 -0.7094268735415457 -0.0040629361392977275
vn 0.7532701737268656 -0.6574468826468807 0.018645156781227818
vn 0.7854381332015841 -0.618934283835051 0.0027002233987525616
vn 0.8307729984335982 -0.5564887540295465 -0.01168296675898138
vn 0.8810829251764233 -0.47289221037989104 -0.008113958625626696
vn 0.9275489552007851 -0.3734087091227846 -0.014794311649681922
vn 0.9626444744079807 -0.2704635607126166 -0.012848276866381533
vn 0.9854039958760819 -0.17018288050795782 -0.004092932135379266
vn 0.9974314926661925 -0.07155847377391147 0.003130857524624276
vn -0.9988205619962982 -0.046837218983016814 -0.012796868809824107
vn -0.9938694594923204 -0.10948002819330441 -0.01541495751651535
vn -0.9822116281223051 -0.18713491749343253 -0.015519028193052932
vn -0.965496264097026 -0.2604110300410747 -0.001749127677542723
vn -0.9409629838381468 -0.338494871972059 0.003143993484531507
vn -0.9043806362831658 -0.42650831535973693 -0.013649968683319977
vn -0.8525829454645183 -0.5223544325440999 -0.01575334582169012
vn -0.7888819062934301 -0.6143298810312859 -0.016252236613153493
vn -0.714966211037005 -0.6989785173663048 -0.01588550709895698
vn -0.6468008381482022 -0.7626251838777411 -0.007176676544515816
vn -0.568241836338728 -0.8226329112795941 0.019398678152122758
vn -0.5102741637061662 -0.8599922520110722 -0.0057969246068165945
vn -0.45905856077353485 -0.8883990200179389 0.0035240618178966846
vn -0.37171024649335105 -0.9282435915957206 0.013975954827106063
vn -0.33018035356940606 -0.943902332587332 0.00541485484343328
vn -0.2778909189449631 -0.9606045425982598 -0.003943337103527018
vn -0.20500685388450604 -0.9786999876014559 -0.01088687876697462
vn -0.12212104804425906 -0.9924807312058562 -0.008273319144125605
vn -0.01253038300017734 -0.9998861176723619 -0.008410778082950253
vn 0.09543637215049164 -0.995421949048501 -0.005200213768358137
vn 0.20254430525216682 -0.9792730977666239 0.00006633609269717473
vn 0.3015539292461209 -0.9534491124584421 0.0001330730422515853
vn 0.3983217825774807 -0.9172332997910441 0.004778208736648646
vn -0.9985295986738943 -0.047588899048008934 -0.02596030160744965
vn -0.996075870285635 -0.0863324256206496 -0.019482631269156305
vn -0.9846177495713677 -0.17363270761931004 0.019482558194510672
vn -0.973195344770233 -0.2299800446072384 0
vn -0.9578608787659849 -0.2865710531721266 0.019482515583809108
vn -0.9276316020645682 -0.37349646698613187 0
vn -0.8885749244626306 -0.45873151583058935 0
vn -0.8354213854778 -0.5496099605050414 0
vn -0.775162996739944 -0.6315528169676683 -0.01622861255167455
vn -0.699551436642249 -0.7144848433835441 -0.011798138283552627
vn -0.64405788525355 -0.764976758106235 0
vn -0.5790939372054894 -0.8150279579646619 0.019484343145157262
vn -0.5018051285676186 -0.8649807009079657 0
vn -0.41858943882946836 -0.9081755786743171 1.717661171410678e-16
vn -0.3207842078044411 -0.9471523066662917 1.1549639280968463e-15
vn -0.22284689548504324 -0.9747178555791507 -0.01625924930186076
vn -0.11220505304735773 -0.993614752361578 -0.01182158872908237
vn -0.03736238893005302 -0.9993017821926665 6.966135479553999e-16
vn 0.04466371679773661 -0.9988113796072089 0.01951871842503308
vn 0.13635839220583668 -0.9906595726459414 -4.210622710618679e-15
vn 0.22857397995269574 -0.9735265459598852 -2.3228305418549987e-15
vn 0.3296678638645152 -0.9440969757048305 3.455955545190593e-16
vn 0.42388055381200035 -0.9055715938771741 -0.016290011135238067
vn 0.5227487054558929 -0.85240452948611 -0.011845212355686181
vn 0.5852791715200358 -0.8108318514863734 -1.2792521655574855e-15
vn 0.6496521487092811 -0.7599801716640758 0.0195505589397298
vn 0.7169515821820951 -0.697122965341546 -6.114093757549012e-16
vn 0.7487150437608756 -0.6628919845994142 8.056825465204666e-16
vn 0.8003818416995919 -0.5991713422803422 0.019560420944927572
vn 0.8522795620072543 -0.5230865589792216 1.480185659892016e-15
vn 0.8947051095023459 -0.44665732618014364 2.477578497492728e-16
vn 0.9337852715064404 -0.3574613377853936 -0.016323562917452798
vn 0.9679985957287672 -0.25067447887848643 -0.011875365515795136
vn 0.9883416919550626 -0.1522520933958034 -2.0101994332214153e-14
vn 0.997914967212532 -0.0645423753297871 -9.110702449564626e-15
vn 0.9992474047811322 -0.038789483602803626 0
vn -0.9995774598461864 -0.02906719400708576 0
vn -0.9981589343202496 -0.057441271990462374 -0.019474139487572865
vn -0.9892352165194688 -0.14503030393625796 0.01949095528281173
vn -0.9726877444318833 -0.23065653992997967 0.026002161824454258
vn -0.9432757466398765 -0.3316130329399754 0.0162376779539001
vn -0.9048441532870845 -0.42574294857599093 0
vn -0.8550276180037676 -0.5185824644652028 0
vn -0.8027755700349918 -0.5962812961639781 0
vn -0.7442931882355918 -0.6675690191386243 -0.019474461029590318
vn -0.6873329349209923 -0.7263425063789772 0
vn -0.6308742657764009 -0.7757952681630491 0.01180519702969614
vn -0.5398910053969681 -0.841578306068562 0.016237519706554467
vn -0.4517084187898524 -0.8921656260999811 0
vn -0.3553286746363358 -0.9347414257329054 2.9129285343875776e-16
vn -0.2663274379867354 -0.963882615143266 1.7613309861118428e-15
vn -0.17634997028022337 -0.9841342115330926 -0.019507477343374578
vn -0.09526354633998069 -0.9954520866112695 5.462112182778354e-15
vn -0.020299514463708895 -0.9997239565144708 0.011829644271499727
vn 0.09191328406000641 -0.9956340918565216 0.016269706400056597
vn 0.1926083771231982 -0.981275706955985 -3.726678263720874e-15
vn 0.2947849936794309 -0.9555636072504111 -1.171650809837778e-15
vn 0.38292512847338867 -0.923779381661898 1.0300200307349516e-15
vn 0.4663311220959694 -0.8843944030815494 -0.01954032657721845
vn 0.5372490295484972 -0.8434236659290502 -3.575454983948985e-16
vn 0.599000450584905 -0.8006609633302202 0.011852510206891232
vn 0.6849557948353605 -0.7284022772745886 0.01629974179712509
vn 0.7598765522074278 -0.6499592091159414 0.011859674984275545
vn 0.8279106388685503 -0.5606228554634541 0.016309137937732886
vn 0.8785569622636138 -0.4776375865215498 5.905398799044841e-16
vn 0.916962924806216 -0.39897242327112015 -3.837304109859412e-16
vn 0.9495913340996098 -0.3128799185116048 -0.019556451495475042
vn 0.97220962790015 -0.23411202322446395 -1.114962846434609e-14
vn 0.9833751505311478 -0.18158555371461318 -1.8091614429461542e-14
vn 0.9959173843217486 -0.09026939462368468 -1.6760159687309543e-14
vn 0.9992474047811322 -0.038789483602803626 -5.352157950766575e-15
vn -0.9995774598461864 -0.02906719400708576 -1.0394123378444561e-15
vn -0.9980914464444822 -0.05860223918329691 0.019474139186752164
vn -0.987764596106476 -0.15595224486556858 -3.4459817541298037e-16
vn -0.9718305720201181 -0.23516305399895457 -0.015610167229557517
vn -0.9377925209505142 -0.34699540640409715 -0.011805743675639729
vn -0.8946484068149038 -0.44647588032526087 -0.016233190423873858
vn -0.8390328816170014 -0.543952699070384 -0.011801895589908327
vn -0.7959381331592182 -0.6053779713394092 0
vn -0.7435161627178343 -0.6684343358880697 0.019474454632216878
vn -0.6790474879514787 -0.7340943461890893 0
vn -0.6073215569961978 -0.7944561198755498 0
vn -0.5204285233555936 -0.8539052360056801 0
vn -0.4309205741534369 -0.9022435610087608 -0.016248550381584837
vn -0.32710910025464146 -0.9449127369054428 -0.011813389203122686
vn -0.25533989073915386 -0.9668513537236822 1.1127693751613758e-14
vn -0.17520319244988075 -0.9843390167509638 0.019507471827882115
vn -0.0839599881216044 -0.9964691266640527 1.3613439653492023e-14
vn 0.009758465081410934 -0.9999523850460355 -2.2155756300930603e-15
vn 0.11484248293127702 -0.9933837144397825 -1.63167566439296e-14
vn 0.2151934528925614 -0.9764357319995622 -0.01628002170318798
vn 0.3233039446342136 -0.9462211328790511 -0.011837528333327942
vn 0.39341399566408447 -0.9193614240415027 0
vn 0.4673629894710963 -0.8838495414615112 0.01954032064517494
vn 0.5467898662377288 -0.8372698741622839 2.136506733092943e-16
vn 0.6228428527929694 -0.7823469695248493 4.147608029218176e-17
vn 0.7016507836290231 -0.712521001678391 -5.113444621880461e-16
vn 0.770363345634787 -0.6373965266560266 -0.01630900086489155
vn 0.837010663599965 -0.5470580340804712 -0.011859863741044184
vn 0.8947051095023459 -0.44665732618014364 7.276065897542775e-16
vn 0.9214437993809774 -0.3885116788236218 2.260427436087845e-15
vn 0.9499561595956664 -0.31177049249408856 0.019556453058936465
vn 0.9748146301390272 -0.22301667396612163 1.633342402364079e-14
vn 0.9883416919550626 -0.1522520933958034 2.1957042231820577e-14
vn 0.997914967212532 -0.0645423753297871 8.197954147640913e-15
vn 0.9992474047811322 -0.038789483602803626 0
vn -0.998454590665384 -0.04913728782097473 0.025960688065212574
vn -0.9937601360112098 -0.11044188144570258 0.015600733883856667
vn -0.981738605856642 -0.19023488053103524 -2.774174720651755e-16
vn -0.9581937013889918 -0.28545623481533766 -0.01948252097430447
vn -0.9318115766901887 -0.3629423997635775 0
vn -0.913869299350774 -0.40600850200965655 0
vn -0.8724154610155315 -0.48837675413756165 -0.019478434205992982
vn -0.8297061156437343 -0.5582004672726334 0
vn -0.7854461190560462 -0.6188175770184051 0.01179832330737235
vn -0.7110804363204726 -0.7029233618187549 0.016228385369655415
vn -0.6361278990245524 -0.7715836287030778 0
vn -0.5514129371913989 -0.8342324452441023 0
vn -0.4709678434264128 -0.8821503785966845 0
vn -0.3876159751989726 -0.9216147577543647 -0.019496001126208563
vn -0.310986275030601 -0.9504144026384447 2.000766113745524e-15
vn -0.23878808900117804 -0.9709997413196557 0.011821628835616086
vn -0.12840811931439072 -0.9915881174832154 0.016259156196875613
vn -0.027029972523861186 -0.999634623542702 7.54208808861814e-15
vn 0.07829936655499915 -0.9969298918164134 -1.0854836571890418e-14
vn 0.17124659145033555 -0.9852281994120154 -1.7099549095011828e-14
vn 0.261253270359372 -0.9650727019047777 -0.019529689315123586
vn 0.33941472179914467 -0.9406368303580341 -1.0719744239105745e-15
vn 0.40902694883574736 -0.9124454220565903 0.01184512110912289
vn 0.5087246969208193 -0.8607751256896661 0.016290050238100734
vn 0.5936423975065026 -0.8047289629948283 -7.819197166697784e-17
vn 0.6750124693550695 -0.7378063202597084 -1.0775994448837234e-15
vn 0.7411227620289492 -0.6713695343122011 -4.119213754445275e-16
vn 0.799681250391554 -0.6001060635898504 -0.019560424711525762
vn 0.8462844486479144 -0.5327312943470615 2.70779942419699e-16
vn 0.8785569622636138 -0.4776375865215498 -2.685871317015278e-16
vn 0.9278788451575697 -0.372692639976451 0.011876229049577084
vn 0.9637077454797467 -0.2664600313828287 0.016322774819430716
vn 0.9833751505311478 -0.18158555371461318 1.955690352866787e-14
vn 0.9959173843217486 -0.09026939462368468 1.6269376937008496e-14
vn 0.9992474047811322 -0.038789483602803626 4.366874430040785e-15
vn -0.998314678665914 -0.058032769709647526 2.4912996572038117e-15
vn -0.9971552420713036 -0.07537515408172658 -0.00009673094541386666
vn -0.9865584288550426 -0.1634082333088313 -0.00046448030807718434
vn -0.9754518445068493 -0.2202127764297268 -0.0001792910948352703
vn -0.9591806350402027 -0.282515162872106 -0.012557551959709605
vn -0.9293423521325954 -0.369212099959799 0.0022842451554961865
vn -0.8903872755951334 -0.45519023055938423 0.003514749147599023
vn -0.8375963206182179 -0.5462759885514428 0.003866266799857694
vn -0.7709473383332566 -0.6368243704074716 0.009742831826254992
vn -0.6999289604353138 -0.7141317344343381 0.01073853890176552
vn -0.6378596484077974 -0.770078129741391 0.010711817169958842
vn -0.578106992579858 -0.8159584902861253 0.00201178037051697
vn -0.5097206940551369 -0.8603394216468985 0.0009453106525536077
vn -0.42557188585231304 -0.9049002467953926 0.006641786035641255
vn -0.3252205598855726 -0.945631637278729 0.003520512074238403
vn -0.2162507362982066 -0.9762917926654426 0.009484441184376562
vn -0.11018967643631929 -0.9938957704860357 0.00542518357561034
vn -0.03720276886609601 -0.9992935286631918 0.005328936156756464
vn 0.03516243732330093 -0.9992847929576796 -0.013910627772037006
vn 0.12736673462251588 -0.9918545931948106 0.0014767768804326148
vn 0.21886105629902083 -0.9756895808144176 0.011387709421264096
vn 0.3196952051990331 -0.9474533817134246 0.011272322411278353
vn 0.4241760184237091 -0.9054864877995095 0.012997146098959408
vn 0.518197295550229 -0.8552266318074511 0.007679266352415865
vn 0.6004976127163264 -0.799585235581083 -0.008128232448514891
vn 0.6492153192997028 -0.7605893958242631 -0.004820803487724747
vn 0.7089722451599473 -0.7052353914048708 -0.0011824985759751308
vn 0.7539794377207498 -0.6567981780092379 0.011452548102821812
vn 0.8013101554094885 -0.5982430977658729 0.0026890171277946587
vn 0.8474214519627431 -0.5309193634238117 0.0012297540447629473
vn 0.8913892009340102 -0.45318612953711207 0.006901047268255634
vn 0.9324486297675115 -0.3607956783344786 0.019131945532369302
vn 0.9656875826132085 -0.2593909229945952 0.012800072447809627
vn 0.9877467114908004 -0.15596932108747436 0.005477665435387868
vn 0.997864543128513 -0.06531443438606974 -0.0006150022374131808
vn 0.9992474047811322 -0.038789483602803626 0
vn 0.9991151340425097 -0.041754164829683964 -0.005053577603397328
vn -0.9983154939775419 -0.05801872797738175 0.00004108847418420136
vn -0.9948623562941916 -0.10123674354263666 -0.00011741231467534925
vn -0.9832767371769827 -0.18211770286633985 -0.000020718940765069325
vn -0.9674002805006934 -0.2528413010467142 -0.014421295787289406
vn -0.9453888331868444 -0.32560091509444655 -0.014966568587214495
vn -0.9082770783769022 -0.41834025838736527 -0.004917022219923878
vn -0.8591922956020478 -0.5116241478049075 -0.00541576965769302
vn -0.7977755415807835 -0.6029332687285137 -0.005065443301179988
vn -0.7292594586501495 -0.6842367905111412 -0.0008102347213343688
vn -0.6633035943575558 -0.7483498832336388 -0.0008910536157468985
vn -0.6000848381086997 -0.7999268728325335 -0.003896818243048398
vn -0.5382699439779701 -0.8426904786987081 -0.011756892467616999
vn -0.46610568259329355 -0.8846789842482902 -0.009412092416318721
vn -0.3657782410860646 -0.930662521696652 -0.008576074697295065
vn -0.2612632807938303 -0.9652235496397088 -0.009219399642325894
vn -0.15019725046349594 -0.9886516785987631 -0.0029401287477818427
vn -0.03437431226419795 -0.9993275606853474 -0.012760607784763917
vn 0.07687044912410061 -0.9968760640329444 -0.01813965296371647
vn 0.17289000803282661 -0.9849115044664742 -0.0076402547075210174
vn 0.27673265165186445 -0.960935765466409 -0.004636179161186482
vn 0.37778734330790537 -0.9258448278142257 -0.009384990463589173
vn 0.47751505389862664 -0.8785755856391357 -0.009182244771366678
vn 0.571139039049803 -0.8206928393085158 -0.016231499653275475
vn 0.6600423095636277 -0.7508861691525781 -0.022674006290862615
vn 0.729165110293008 -0.6843167294512362 -0.0053717524653407785
vn 0.7847414535266198 -0.6198152242480504 -0.003152603252388272
vn 0.8290736672351897 -0.5590240357343821 -0.011357014063484024
vn 0.8708987261455631 -0.49139964724038343 -0.007861010753222923
vn 0.9113792407422228 -0.41155938336440084 -0.0025987514008949976
vn 0.9463897236677085 -0.3224910459918423 0.01860151045603412
vn 0.9664972780267335 -0.2565852637872884 -0.0068566736923175295
vn 0.9813675692568562 -0.19207299878075798 -0.005065288763385831
vn 0.9952610364010723 -0.09702467396516382 -0.006456164791674676
vn 0.9988175334033863 -0.047080440911624125 0.012122996722854279
vn 0.9938176790037271 -0.11001928061749039 0.014905663086723097
vn 0.9801729904340581 -0.19814349684286292 0.0002519572150298052
vn 0.9638378514757453 -0.26648932403997694 -0.00019035581291194765
vn 0.9428118539734864 -0.333325329002515 -0.00018180330656387674
vn 0.9073491029842154 -0.4201641349921378 0.013405408611764355
vn 0.85617339695011 -0.5164344911871173 0.016202798129115573
vn 0.7955179009949198 -0.6058032356912258 0.012397936226560392
vn 0.7245047677832005 -0.6892564286588472 0.0042915046151960606
vn 0.6447122797517717 -0.7644048457016434 0.005595373546090936
vn 0.5582208072651158 -0.8296593480085417 0.007409223867834089
vn 0.4655946580192048 -0.8847606347505003 0.020499600480778493
vn 0.36470636651407246 -0.9310333709894625 0.0128890778607802
vn 0.26198491650525446 -0.9649340582706103 0.01631461654913054
vn 0.1520005930618739 -0.9882436518416946 0.016440933776101892
vn 0.0587535882444639 -0.9982529442096781 0.006251019525585271
vn -0.022532153816157117 -0.9997352931779004 -0.00465248523935192
vn -0.08575564761045804 -0.9962928455655037 -0.006821640411403894
vn -0.16769238281415608 -0.985832599324641 -0.003653882172713439
vn -0.2479474299990056 -0.9687721938265672 0.0015838009181300412
vn -0.31810205678749065 -0.9479454011898218 0.014511989203268925
vn -0.39557908819254384 -0.9184085460612769 0.006551908604937304
vn -0.49474786935562176 -0.8689234120361901 0.014023187350171955
vn -0.5711397583103576 -0.8208330351890387 0.005701299811124288
vn -0.6328682315905504 -0.7742586747175041 -0.0011428333841443207
vn -0.6717001134774387 -0.7406899857427972 -0.014046443490466989
vn -0.718953311843508 -0.6950308684402998 -0.006182823333605398
vn -0.7685190404553175 -0.6398141951306543 0.004034868888980449
vn -0.8251166632163892 -0.5645740825627268 0.020942716660151756
vn -0.8781765237171446 -0.47792733443952684 0.019785251769940948
vn -0.9260570666026446 -0.3772153065846071 0.011265960837219945
vn -0.9568447905236783 -0.29059835778018744 0.0008008140586215058
vn -0.9778728688726739 -0.2091352685130052 -0.00520497711037641
vn -0.9875242020558488 -0.15678466708020367 -0.014646450850261216
vn -0.9976123931380788 -0.06832966791829902 -0.010028436542676503
vn -0.9992585919689427 -0.03850021267793203 0
vn 0.9991544655833682 -0.041113913761813885 0
vn -0.9985482868750787 -0.04964149830830662 -0.020905511822287257
vn -0.9931453797257055 -0.11492100051129787 -0.021340533521128375
vn -0.974642259054263 -0.2224308509941213 -0.02443324357578464
vn -0.9437190180550875 -0.3305917640428357 -0.01017351995070725
vn -0.9077736347128156 -0.41945541865323 -0.0020444761498449532
vn -0.872110084871222 -0.4892700106671971 0.0062335004316236954
vn -0.8488152033121363 -0.5284712914382297 0.015193576003904434
vn -0.8019746428639988 -0.5970277701881516 0.019862372147479077
vn -0.7596877918991408 -0.6502507419419541 -0.006959270317034656
vn -0.7094972202653406 -0.7044342824795793 -0.01964780148604845
vn -0.6282972668659984 -0.7777163355667729 -0.0199961456612762
vn -0.5402350885860797 -0.8414909031891489 -0.006253711721930007
vn -0.4443930037526615 -0.8957264318664845 -0.013748362499697188
vn -0.36095393790737607 -0.9325670880706336 -0.005557063668635296
vn -0.28210351699775116 -0.9593814297210156 -0.0022086203747087117
vn -0.20707498352734482 -0.9781409436807779 -0.018980134151977857
vn -0.12307439687782887 -0.9922752930712092 -0.015570343400344579
vn -0.013161182041928985 -0.9996630274749131 -0.02237442260596202
vn 0.09876380383868104 -0.9950899751917055 -0.00645386119198739
vn 0.20647845747956414 -0.9784295958623788 -0.006494038607987404
vn 0.31164745275508815 -0.9501754879090387 -0.006512093986214803
vn 0.3987885473565322 -0.9170413150673812 0.0017090806753329354
vn 0.45854619007632375 -0.8886686536793555 0.001848116395099339
vn 0.5263585366385728 -0.8502513634025248 -0.004394307664225066
vn 0.6029907573961473 -0.7975824619437948 -0.01625924028039719
vn 0.6887318378643932 -0.7248265027980038 -0.016583014006824427
vn 0.7635459205560116 -0.6456358945699698 -0.012325536301010458
vn 0.829499706469789 -0.5584898489662926 -0.0043960855475780585
vn 0.8852446980210926 -0.46508894821292646 -0.005839081754726777
vn 0.9298311210019058 -0.36782978929086446 -0.010739298234862986
vn 0.963286784357883 -0.26769364627384135 -0.02046174054339257
vn 0.9855628055730958 -0.1692615754685535 -0.004058982728632277
vn 0.9974924077477803 -0.07068220349917832 0.003594800973175206
vn 0.9988202823390935 -0.0470531125183201 0.012002007765036217
vn 0.9938574360212503 -0.10971124389523632 0.014520324659815525
vn 0.9802879779602808 -0.19757396161068644 0.0000997998149527218
vn 0.9613045204772085 -0.27548762441635266 0.0004332476416026221
vn 0.9388173866887564 -0.3440571147022747 0.0157040209386034
vn 0.9061381878305248 -0.422750148063397 0.013996316214931344
vn 0.854778529988581 -0.5187497149749691 0.01588703508994055
vn 0.792492727693843 -0.6098048536063844 0.009660076110901597
vn 0.7192376871585251 -0.6947313566018017 0.006744740549181503
vn 0.6392484290974438 -0.7687432746341083 0.01988023141913195
vn 0.5521824409995252 -0.8335045055675926 0.019099503928865967
vn 0.4606232281338946 -0.8875605937160755 0.007901530603459998
vn 0.36141601247877647 -0.9323390137322396 0.011064781820529208
vn 0.25902929339602926 -0.9657498388389277 0.01520111658197957
vn 0.16597821194684134 -0.9861181005863545 0.004724918506116417
vn 0.09267549692016733 -0.9956952639638873 0.001481077474266999
vn 0.03674820753565008 -0.999242588281964 -0.012799179914281504
vn -0.02861988361950044 -0.9995893849120384 0.0014013681811949428
vn -0.10215444182315375 -0.9946749869237649 0.013643328186627675
vn -0.18494139063606635 -0.9827321476552765 0.0058487600776149775
vn -0.29013291187526785 -0.9567685784710023 0.020415207502140202
vn -0.39226191525638743 -0.9198379350037301 0.00536313037921018
vn -0.477530645915631 -0.8786026608593477 -0.00467402848454306
vn -0.530481761415149 -0.8476747961234408 -0.006044900575203295
vn -0.5850722357392129 -0.8108651268824374 -0.013719510670850246
vn -0.6241649916261544 -0.7812909397474765 -0.0015908164029036316
vn -0.6834526111822792 -0.7299748712335598 0.00540514899631823
vn -0.7489779147788799 -0.6623979941572322 0.01615489120843416
vn -0.817320990891598 -0.5760866917921854 0.010512915290802836
vn -0.8767325042676214 -0.480924116352869 0.007218744408648087
vn -0.9134373869425969 -0.4067261608136748 0.014351663501110081
vn -0.9412629342415686 -0.33767308845251065 0.000986893051781466
vn -0.9658079289387593 -0.25922817373072643 -0.0039747129779029765
vn -0.9846915360592415 -0.1742533402517174 0.004283949627457297
vn -0.9972140392634374 -0.07457159608888174 -0.0017991533164646815
vn -0.9990299921003897 -0.044034927999207815 0
vn 0.9991540372531458 -0.041124321766313775 0
vn -0.9987920180812455 -0.04826794687554544 -0.009203799303142817
vn -0.9935835389849617 -0.11250485241989513 -0.01159349990713654
vn -0.9758828895770151 -0.21788129249247665 -0.01342863405650554
vn -0.9550432502645496 -0.29582702927138904 -0.019461728509810965
vn -0.9291435067982777 -0.3697048200829298 -0.003269523214072049
vn -0.8947738336149786 -0.44648620122530364 -0.00546432002652661
vn -0.8488274877414761 -0.5284411351439063 -0.015551936931270086
vn -0.7855962985468969 -0.6186618706135223 -0.00979518036548254
vn -0.7112806067416126 -0.702873669354438 -0.006964438348605507
vn -0.630446860414421 -0.7759763711197827 -0.019935587710740096
vn -0.5427207812305205 -0.8396976978147683 -0.01902445544848511
vn -0.44728420485041875 -0.8943122289301452 -0.011936384600221773
vn -0.3628005323580651 -0.9318666299347506 -0.0005981093170653907
vn -0.29721426712123505 -0.9548086443155993 0.0020327714565368535
vn -0.22234416462616255 -0.9749518832234371 -0.005647818673397378
vn -0.14771075630792935 -0.9890084322939874 -0.006622184105646587
vn -0.06392507133055533 -0.9979504752402615 -0.002904173396971509
vn 0.009251731479180205 -0.9998471770739379 -0.014833339540187397
vn 0.09161263778121433 -0.9956091722605994 -0.019222401237409915
vn 0.20016015634567966 -0.9797475722814086 -0.005532306965384013
vn 0.30528879578360824 -0.9522435197815313 -0.005570476018692266
vn 0.40395895181563096 -0.9147409917843893 -0.008129157233595367
vn 0.48759468575873116 -0.8730562183535021 0.00492564859958543
vn 0.5399585487472335 -0.8416682074677797 0.006276477734838472
vn 0.5941951859221548 -0.8042029126549035 0.013775206143859683
vn 0.6329696652797786 -0.7741749733867173 0.0015853760692053603
vn 0.6917254370283964 -0.7221390648356216 -0.005575913038075131
vn 0.7564035897286132 -0.6539004059288246 -0.016366690923526085
vn 0.823704358959211 -0.5669232586540237 -0.010447383820766532
vn 0.8821629137219598 -0.47089504402435345 -0.006815509290185685
vn 0.9222218850159577 -0.3866603017690381 0.0007783530627355233
vn 0.9499254093270851 -0.31247511067220207 0.0010109031430960136
vn 0.969979651978699 -0.2427437027840594 -0.014661838423823946
vn 0.9856497690661008 -0.16874475854674215 -0.004442882278856593
vn 0.9975082218090838 -0.07046718107877747 0.003424005562278106
vn -0.9984291379687567 -0.055560876706939356 0.007228100339777572
vn -0.9915794793835356 -0.12916825794639475 0.009257278464551827
vn -0.9724400785284432 -0.23222425928085103 0.02078910948202642
vn -0.9405685794366487 -0.33939615365225057 0.011874268928329924
vn -0.9091412316785835 -0.41645016770388343 0.00561058654288371
vn -0.8774879397864291 -0.47921605932154504 -0.019154216708012487
vn -0.8265444744462777 -0.5628625824168096 -0.003153581679140227
vn -0.7704276611462053 -0.6374675771302806 0.008735390571568776
vn -0.6994091631785032 -0.7146561500055204 0.00966487047161774
vn -0.61739814096348 -0.7866197800892784 0.0069897859147721375
vn -0.560276457360322 -0.8282902368389857 0.005057161751832593
vn -0.5025156198988332 -0.8644356828509512 -0.015132811097128935
vn -0.41969568505405175 -0.9076636642968998 0.0014847431208692182
vn -0.34604656766478853 -0.9381808061547409 -0.008279370160795614
vn -0.28865813322938644 -0.9573924843645032 -0.008724276639947452
vn -0.2087386811381793 -0.9779646827952126 -0.0036389836428535986
vn -0.11280187881022809 -0.9935923741297761 0.007066131051530061
vn -0.004723003608549012 -0.9999810475768934 0.0039493953882362605
vn 0.1084977077605301 -0.9940541269757573 0.009200002889971604
vn 0.21210692509693135 -0.9772022222210263 0.009298882309856996
vn 0.2928881090114339 -0.9561026230047595 0.00918313035544834
vn 0.36418852840917515 -0.931324140469286 0.0014356720742803497
vn 0.4389528979208061 -0.8985096316544423 0.0008917573240522674
vn 0.5222291209537108 -0.8527783521522178 0.006769588500247566
vn 0.6114426860832101 -0.7912804496738538 0.003618231514537729
vn 0.6753461228548396 -0.7374809239783192 0.005431492706462088
vn 0.7297770036732708 -0.6836812136039109 0.0023501222832773886
vn 0.7784385661933607 -0.627530334830706 0.015462132132622201
vn 0.8135475458635862 -0.5813014466077362 0.01513336681275301
vn 0.8577330086926888 -0.5138451441729041 -0.016039127436223568
vn 0.8869493700238659 -0.4618662049970268 -0.0006509192824426847
vn 0.9101555149945361 -0.4139600902376367 -0.015936819490679672
vn 0.9461436375960288 -0.32372144221467725 0.004079814579605887
vn 0.9620255606718675 -0.27281352250374935 0.008922026287523614
vn 0.979955140743717 -0.1983163215799036 -0.01893564693846027
vn 0.9945377346981289 -0.1043679887933011 -0.001420273479184389
vn 0.9987407267439353 -0.049627784345137094 0.0073514463875113435
vn 0.9994970616246199 0.021892976138846065 -0.02294169565517599
vn 0.9931779967656876 0.11659388088942244 -0.001825836695639527
vn 0.9853271304061914 0.17045594852354043 0.008672698452058234
vn 0.9701099841312489 0.24091820045116288 -0.02906956106034378
vn 0.9433538400391198 0.3317789762499409 -0.002498680049109556
vn 0.9081535374021245 0.4183695928331029 0.014967842084679791
vn 0.858634899559699 0.5124372306151068 0.012417485157047157
vn 0.8176741440544832 0.5754954702657367 0.014627298054887973
vn 0.772426067081165 0.6319982395554421 -0.06273911134488389
vn 0.7111197303237878 0.7030328103240284 -0.007320980270576729
vn 0.6470420266528683 0.7623715289898124 0.011236882605262486
vn 0.5704666404173268 0.8213204185829566 -0.0007630135552303553
vn 0.526340003879627 0.8470684227129461 -0.07376508360054908
vn 0.5945239495767872 0.8032297265921193 -0.03692261770739997
vn 0.6756433222592139 0.7363494606370944 -0.03599406764999713
vn 0.7426191750273391 0.6651899977538799 -0.07771118175596026
vn 0.8162869917374136 0.5760975555112625 -0.04227474014386854
vn 0.8786718071733893 0.47732787359635603 -0.009693109234466684
vn 0.9255657942452798 0.3782743277012912 -0.015378345985197769
vn 0.9582265578768445 0.28385192047138325 -0.03507065759580119
vn 0.984734426423467 0.17272000197466764 -0.021584956203715987
vn 0.9974312778990814 0.06605358419619269 -0.027708660802027364
vn 0.9987135967179922 -0.047629847367241365 -0.017393946371795775
vn 0.987619844140033 -0.15517989223403636 -0.022940019770037456
vn 0.963242722170412 -0.2684557174804989 -0.00974607294068452
vn 0.9286963342990451 -0.3704225122677396 -0.017614796756503407
vn -0.9986269442012378 -0.05238536355985431 0
vn -0.996067794256145 -0.08858514330592891 0.0012734328275016717
vn -0.9834802306618126 -0.1809803574162268 0.003570171828161963
vn -0.9607365893123223 -0.2768402147356111 0.018566137499943198
vn -0.9391679001565703 -0.3433670638839053 -0.007919264817180721
vn -0.907421988790437 -0.4199959555478203 -0.01373796138737821
vn -0.8545669382824188 -0.5189378301388988 -0.020466471247970693
vn -0.7984696973312067 -0.6019821575012841 -0.007976496343022593
vn -0.72822607009552 -0.6853363555918248 -0.0009330259111108736
vn -0.6501320215492477 -0.7597989686590862 -0.0058208058614963205
vn -0.5592362812096746 -0.8289401429520756 -0.01063114205370987
vn -0.4682846995668856 -0.8833776177232914 -0.018799591939034077
vn -0.37596472917973295 -0.9265656426933825 -0.011253097040770677
vn -0.272102209416377 -0.9619781462288485 -0.023631204134243876
vn -0.16033275588039944 -0.9869883160553431 -0.012143778737859282
vn -0.04730840422202059 -0.9988554763279763 -0.007046438786880697
vn 0.06305460021347037 -0.9979778145134249 -0.008024906910843045
vn 0.17171675048436696 -0.985145931158359 -0.0009229979521696954
vn 0.26143610364839787 -0.9652191358953309 -0.001784211482618188
vn 0.33942517174647413 -0.9406227937028174 -0.004394627581868252
vn 0.40919835061148 -0.9123765979128472 -0.011209524424477433
vn 0.48368220398179174 -0.8752023970498597 -0.008502337884158473
vn 0.5772148347445354 -0.8165598478738016 -0.0072835012976402705
vn 0.6512344839066424 -0.7588476859076531 -0.006620918625762454
vn 0.713876328432173 -0.7002699585284903 -0.0016040220406668172
vn 0.7533775900185898 -0.6575867899411786 -0.0013492785620101595
vn 0.7955993527911116 -0.6056698051442911 0.013629269050123759
vn 0.8421469385647943 -0.5389797126595022 -0.017011854908422646
vn 0.8847234140091652 -0.46555908940724655 -0.02278628917271393
vn 0.4983906678780266 0.037125538534545206 0.8661572816530578
vn 0.4907459519336044 0.08563781359827574 0.8670839495359649
vn 0.47841947969475757 0.14015117199364674 0.8668751065969102
vn 0.4603823945037316 0.19097742129709455 0.866934643087772
vn 0.44061200990047106 0.23347518903204026 0.8668047028240675
vn 0.42357551027368473 0.26706957171322243 0.865596690706072
vn 0.4059073843425116 0.29321538812603154 0.8656003301191153
vn 0.3736142520174416 0.3285592201923152 0.8674452314215955
vn 0.338057169821905 0.3668895466306689 0.8666656855472854
vn 0.2958414247424087 0.4027856575907855 0.8661648604310499
vn 0.2512761083333764 0.43178385958561233 0.8662695977478291
vn 0.21067824415282033 0.45362265725821305 0.8659336939181214
vn 0.17337784402509052 0.46926007301080414 0.865872454278981
vn 0.13942471029430847 0.47845774486964426 0.8669711278546723
vn 0.09307648225699913 0.4895098499084231 0.8670160755679769
vn 0.059096457748589806 0.49666388519675975 0.8659287463890024
vn 0.018921271199459806 0.4997553886900713 0.8659598933965894
vn -0.027354329724571434 0.4986792188556433 0.8663548795538955
vn -0.0788129849064887 0.49270163900177955 0.8666219523731727
vn -0.13367950968840026 0.48086673210346415 0.8665431175917354
vn -0.1827440114932227 0.46391141468029273 0.8668280253849056
vn -0.22058712377714812 0.44697965066206785 0.8669201305297627
vn -0.25328063875611156 0.431285886437168 0.8659338324556919
vn -0.2861947972476113 0.4083784164342151 0.8667869444212236
vn -0.32333442202551754 0.37929772901073966 0.8669417998347524
vn -0.3614886643636414 0.3438998704118588 0.8666365008856352
vn -0.3973960366382051 0.3009907370350148 0.8668800183897221
vn -0.42697402378971316 0.2583183320595747 0.8665822651836239
vn -0.45245491958868517 0.21066009765769195 0.8665488266652076
vn -0.4690284474024148 0.16915959275037123 0.8668317874350298
vn -0.4837910556188221 0.1318967497723426 0.8651875299047704
vn -0.49038639077178703 0.10330238069519743 0.865361084107972
vn -0.49656339407841155 0.06234400584812395 0.8657586387649489
vn -0.5006075460763341 0.014443667488152229 0.865553848862636
vn -0.49917103933505785 -0.0339129300215502 0.8658395848345763
vn -0.4927775682852076 -0.08262599462571828 0.8662235353573744
vn -0.48417739541731625 -0.12763624278588276 0.8656103276269335
vn -0.47492805219737266 -0.15837971898281147 0.8656553643632872
vn -0.4596814287270582 -0.19288008217494879 0.8668853776501455
vn -0.4394182036560979 -0.23512404040348764 0.8669650096284088
vn -0.41149360950297487 -0.28139445875526065 0.8668853257034906
vn -0.37725520654483924 -0.3253343448226865 0.8670848131605142
vn -0.33935983967629746 -0.3658059727478315 0.8666146141837734
vn -0.3043872635143667 -0.39603437946882053 0.8663170113122459
vn -0.2706397422336549 -0.4206172147858297 0.8659303023624431
vn -0.23870876610236455 -0.44005966516088385 0.8656590645770292
vn -0.20680877986066598 -0.4567123446173402 0.8652421411643533
vn -0.17643837912255023 -0.46793860943660237 0.8659693736912097
vn -0.14065982625817927 -0.48016793301972316 0.8658253688686798
vn -0.11644825670582389 -0.48898078402131817 0.8644868977422803
vn -0.07069489404494125 -0.4950395853783026 0.8659896309220179
vn -0.024361239840008972 -0.4989542384284969 0.8662858638738695
vn 0.029591652749293075 -0.49752809341926824 0.8669429798701603
vn 0.08325245112444954 -0.49010058537260104 0.8676810736665891
vn 0.13575889021881776 -0.47998314571620787 0.8667096997004987
vn 0.18270686551955967 -0.46542859798750424 0.8660221830111535
vn 0.22862973586774452 -0.4457344667454753 0.86547630183164
vn 0.24229157058094597 -0.43739056744484606 0.8660163314486015
vn 0.23917431634267378 -0.4418238309950836 0.8646313369100395
vn -0.12101163458818469 0.48891632713471195 0.8638964112411852
vn -0.13996902274356804 0.48233128166594186 0.8647341830867451
vn -0.1763160549722685 0.4687066437271716 0.865578841518799
vn -0.2021875887572861 0.4581064715705014 0.8655972733654721
vn -0.22521766384466582 0.4465219550447502 0.8659648650813526
vn -0.2523352189131982 0.4317372710876459 0.8659849109827611
vn -0.29134611047146614 0.40973729952559845 0.8644262775336125
vn -0.3327616447042092 0.3758976452580026 0.8648529632852272
vn -0.36905441548842655 0.3394408007154408 0.865204473646638
vn -0.40437495466258355 0.29734432519196724 0.8649088092497191
vn -0.4321474624692062 0.2538644609008185 0.8653331186155783
vn -0.45270243812469024 0.21141363925718204 0.8662359815038829
vn -0.46359680012444965 0.18521264558817585 0.8664723208669738
vn -0.478310497646585 0.15248477523720352 0.8648511208074692
vn -0.48988291429875785 0.10848499047108721 0.8650119866918863
vn -0.4974620127869731 0.0530284801100511 0.8658634569787266
vn -0.5005847183274095 -0.001208946450244421 0.8656867090498435
vn -0.5001849557327 -0.0432985613441345 0.8648353858649664
vn -0.4922252089990002 -0.10016915386538253 0.8646851937206883
vn -0.48231411973691096 -0.13356283582187084 0.8657563507070732
vn -0.47045357937321863 -0.1713953872979305 0.8656194607724107
vn -0.4574518598985551 -0.20553145249421179 0.8651558344662378
vn -0.4394276430718607 -0.24144208379458662 0.8652219753781322
vn -0.41250177277707556 -0.2847776944103349 0.8652999203872053
vn -0.3790455137623852 -0.32878565572273916 0.8649997058309198
vn -0.3433099413126811 -0.36549014109117245 0.8651908696704087
vn -0.3074803342281585 -0.39486884941424844 0.8657565684562881
vn -0.27613154882791535 -0.417437834160514 0.8657349608010964
vn -0.247092597916617 -0.43730028274380195 0.8647044065847057
vn -0.21696515701142513 -0.45074469515486454 0.8658841379958152
vn -0.18736161813648886 -0.46395419340630284 0.865818763061868
vn -0.1517655549567227 -0.47691622317793203 0.8657471526943504
vn -0.10946145824399639 -0.48978016544126063 0.8649471537032938
vn -0.0550602604042241 -0.49999031793546744 0.8642789189231732
vn -0.003822741994435334 -0.5015221191445283 0.8651363769096904
vn 0.03645923772283985 -0.5003490500933424 0.865055808636275
vn 0.07264370363535229 -0.4954508469557411 0.8655930629187008
vn 0.11150070316575923 -0.48795208495702075 0.8657195596610011
vn 0.1354696584687126 -0.4823610722298162 0.8654338609227584
vn 0.16882096308581135 -0.4692099115957782 0.8667995969559869
vn 0.2111104049473508 -0.45297168158607304 0.8661691824372714
vn 0.250871776550128 -0.433218000619499 0.8656705583937959
vn 0.2859692227341147 -0.41072525882103283 0.8657519075435192
vn 0.3230459419790253 -0.38214111656027405 0.865799911298766
vn 0.3557635940467656 -0.35301039582510024 0.8653415080708508
vn 0.38326763636899713 -0.32219060860479043 0.8656206620910782
vn 0.40636369021681124 -0.29384222218632805 0.8651735662478229
vn 0.42271169991707375 -0.2681107519256068 0.8656970852758507
vn 0.4432882231298544 -0.22665952934308672 0.8672491043479646
vn 0.4597809489267893 -0.19943983317228858 0.8653468853287627
vn 0.4740512118876832 -0.16442182819085124 0.8650091970159606
vn 0.48803856439524956 -0.11519035572041242 0.8651875759695284
vn 0.4978721442047507 -0.060063287642426605 0.8651680354142467
vn 0.5030184312809748 -0.007979730955931219 0.8642388452768702
vn 0.5009299417458399 0.0333864570501709 0.8648436494234937
vn 0.4959824070579259 0.06927029768024659 0.8655651782207485
vn 0.4909551170626942 0.10492924658504044 0.8648427176319704
vn 0.47820178558885407 0.14998975673611825 0.8653474014139477
vn 0.45801136775716295 0.2027770617736791 0.8655097054474009
vn 0.4326679459028515 0.25047278696455977 0.866061101527146
vn 0.4085640841189637 0.28902294764234554 0.8657604315884172
vn 0.38084554950971805 0.32666731119816306 0.8650116387732614
vn 0.34972196150676366 0.3602786889532881 0.8648085429307238
vn 0.31662246058801335 0.3852169151672614 0.8668091749169542
vn 0.2916317916890996 0.40768707312123625 0.8652988781259602
vn 0.2610911687346892 0.427711271712232 0.8653868901589967
vn 0.21614191637062052 0.45294795909232627 0.8649397772918829
vn 0.165185256198163 0.47337352772639263 0.8652348434862165
vn 0.11598949950546425 0.48843005599131517 0.8648598247165795
vn 0.0700185541323684 0.49683697371723134 0.8650146956119971
vn 0.03643078467262734 0.4990516456040215 0.8658061289619373
vn 0.008147747473623405 0.4986081852659549 0.8667891853253
vn -0.023141524348706886 0.4998150879408346 0.8658229309261298
vn -0.05814395394190859 0.49881487413776726 0.8647560360927956
vn -0.09907879544889135 0.49208935422227373 0.8648881197897809
vn -0.1488882174811617 0.47862780755898465 0.8653020978401484
vn -0.2003946346935932 0.45996696735048603 0.8650273864638149
vn -0.24632612032982212 0.4361491828076885 0.8655040917173318
vn -0.27657774504410015 0.4178226652645121 0.8654068241801542
vn -0.3039501658267801 0.3953118986460454 0.8668003227287884
vn -0.3370813719134921 0.37233635692134015 0.8647206404518527
vn -0.36955671876962937 0.3392800631313095 0.8650531026323413
vn -0.40331336127132683 0.295077914628195 0.8661797486195922
vn -0.4286072866801541 0.2581931660622875 0.8658129606349215
vn -0.4511647902711638 0.21849118571391057 0.865281418837193
vn -0.47307847891427124 0.16716684033918758 0.8650156069569913
vn -0.4867417614502729 0.12334314242543752 0.8647941528924117
vn -0.49181734758309026 0.0823123442373402 0.8667989239740019
vn -0.4987975753817462 0.049200137169613536 0.8653209377426289
vn -0.5022172958965017 0.010148449863770554 0.8646819049036287
vn -0.4997800569237436 -0.04468028230039341 0.864999171719174
vn -0.49205582906980405 -0.09850577179544347 0.8649726434988634
vn -0.47948349259643663 -0.14752073812877609 0.865062548113987
vn -0.46086101470009155 -0.19831707533968007 0.8650303247622697
vn -0.44141899581587984 -0.24083941652327617 0.864375870545695
vn -0.4185215183645905 -0.2767789628083587 0.8650047077400947
vn -0.3943065479739546 -0.30820823300802563 0.8657540247269626
vn -0.3784330835684489 -0.3271666510770718 0.865881275743903
vn -0.3607869505854765 -0.3444528338568566 0.8667093062470332
vn -0.3303101637388742 -0.3764713978181691 0.8655428830252329
vn -0.3007239342703746 -0.402899317038008 0.8644288609754155
vn -0.25531020823143163 -0.43154028163874036 0.8652107736823321
vn -0.2234381008540066 -0.4473146534785667 0.8660167526497998
vn -0.1871608835105513 -0.46216924020006417 0.866816241827785
vn -0.15221973188198146 -0.4785601332181067 0.8647597077339148
vn -0.1254287832457463 -0.4861836821841472 0.8648080986619839
vn -0.09008035989952738 -0.4925784269684833 0.8655934507871615
vn -0.054316375478585005 -0.4989191300512607 0.8649447572092468
vn -0.013406086331347475 -0.501178607975107 0.865240012804199
vn 0.03887775639830119 -0.49999059525960815 0.8651577455639965
vn 0.09428791625007629 -0.4925085564081994 0.8651850153082462
vn 0.13754119305052184 -0.4815214390470196 0.865574678437584
vn 0.17050132477501012 -0.4705591290672395 0.8657386466488878
vn 0.20290686585608206 -0.4576120465778749 0.8656904866147431
vn 0.23605036573684307 -0.4410819679057756 0.8658677280184721
vn 0.2640075295942807 -0.424879834532848 0.8658967320211255
vn 0.2946672165174908 -0.40597570267937727 0.8650751183243105
vn 0.3307678973615143 -0.377408114328719 0.864959948965201
vn 0.36716650681701946 -0.3423304144649393 0.864869148255417
vn 0.4021748226281369 -0.2992398084714657 0.8652808498227539
vn 0.4303180892167024 -0.2567870330092182 0.8653824367129302
vn 0.44738099384314844 -0.2255191078352053 0.8654428798881701
vn 0.4595026352679692 -0.1934978058954467 0.8668425043198099
vn 0.4772328778908142 -0.15657502558829423 0.8647155842368495
vn 0.4884021753832685 -0.1213170855136851 0.8641443628487986
vn 0.49966949659540044 -0.0555266034967536 0.8644346074031357
vn 0.5018879711183326 -0.0074397855479468224 0.864900638245645
vn 0.4990181384502576 0.047163677015256984 0.8653071622655392
vn 0.49085427414177146 0.09881678441758028 0.8656196189286169
vn 0.481447250156883 0.13788050427620857 0.8655619630372595
vn 0.46962290057989936 0.1729167665044995 0.8657679383717963
vn 0.4602478476982779 0.20224920057604984 0.864446169264143
vn 0.43924667596229966 0.24235745803711817 0.8650579288058442
vn 0.4124705576455672 0.2871349213685847 0.8645354683332613
vn 0.3835408951499906 0.3226326973351233 0.8653349203388284
vn 0.3487320168412617 0.359901330982628 0.8653652479657122
vn 0.3087462217104187 0.39504453927423205 0.8652257408151646
vn 0.27282500209108923 0.42122352033836075 0.8649492841477793
vn 0.24129858050915684 0.4383818703097868 0.8657923139113439
vn 0.21207414438839603 0.4531215103799282 0.8658553309375316
vn 0.17023067566282826 0.47350169312781404 0.8641861279079122
vn 0.12061487339019533 0.48726422405609426 0.8648847485486603
vn 0.06623382017236583 0.4970365088553705 0.8651981217791912
vn 0.015278706248088861 0.5015086505710789 0.865017707644046
vn -0.03267297162009481 0.49812153184601105 0.8664914404868036
vn -0.060648108930881496 0.4952004781896793 0.8666592717347579
vn -0.10004442628851044 0.4904798121521338 0.8656908608965502
vn -0.12967309400420532 0.48436445164697245 0.8652028471243631
vn -0.1645459374712695 0.4728572938766305 0.8656388473776874
vn -0.20142775189437617 0.45812918406369574 0.8657623874227328
vn -0.24043206193206987 0.4380746360387737 0.8661887997743847
vn -0.2773585069052137 0.41649616478748674 0.8657962828313743
vn -0.312872327596177 0.39157132213205115 0.8653223713208319
vn -0.3459325325210506 0.36079652975668836 0.8661157815552741
vn -0.37662698916587045 0.32677339724882903 0.8668167383491796
vn -0.40180415766166205 0.3004517320853768 0.8650330488326439
vn -0.41775862346581094 0.2775422994768235 0.8651288947440535
vn -0.4346006136298734 0.24735106082050723 0.8659906231267791
vn -0.44895803502089254 0.22021029680493748 0.8659931339053795
vn -0.46889633406357273 0.1788441556587151 0.8649572219991364
vn -0.4843297709924948 0.12994341845179147 0.8651817039971547
vn -0.49551460732168817 0.07792864086880294 0.8650967580930901
vn -0.5003064882464539 0.03748031341801596 0.865036787613445
vn -0.500085934752523 -0.0017365844161517483 0.8659740424153954
vn -0.5018435702354443 -0.0334213933888124 0.8643124675007835
vn -0.4958467257290873 -0.06442664656939119 0.8660168773156595
vn -0.48943061074671707 -0.09581548061316732 0.8667624074329499
vn -0.4819825463133621 -0.14113510774627072 0.8647390973066594
vn -0.47007165200051393 -0.17783472260094443 0.864527300565432
vn -0.45072837560159845 -0.21969605444238136 0.8652037766272144
vn -0.42369051064105606 -0.267357983300048 0.8654513619831287
vn -0.39388791747565705 -0.3101209780486723 0.8652613983304843
vn -0.3633354674602866 -0.34623638465922874 0.8649321962000962
vn -0.3340178060563324 -0.37278007663092305 0.8657176905344821
vn -0.30833048328981427 -0.3965609461767457 0.8646801310552207
vn -0.275592627533049 -0.41892198091745014 0.8651896194208698
vn -0.23068709337236257 -0.4456936354430026 0.8649512404043426
vn -0.18317245364009577 -0.4663419531665756 0.8654322821250952
vn -0.13569632325545158 -0.48396906802218953 0.8645001151258948
vn -0.09312016664902405 -0.49458373378875636 0.8641270536413211
vn -0.04644402410721783 -0.4962846851079342 0.8669166418705126
vn -0.019908063494586625 -0.5000122285188181 0.8657894896217793
vn 0.02828238503693352 -0.5011247942453761 0.8649127396964111
vn 0.07063933324933667 -0.4977762304584323 0.8644240330929508
vn 0.11631455995876959 -0.48806035427939465 0.8650248630659523
vn 0.1662703007765896 -0.4730756879724209 0.8651899100943581
vn 0.21495517549279639 -0.4535142665618705 0.8649387738757638
vn 0.2598620725552008 -0.42880524399487363 0.8652154448285192
vn 0.2994930112355804 -0.40236186500654486 0.8651062742862863
vn 0.32484973439005027 -0.3805627935580036 0.8658201950902059
vn 0.35083484654815916 -0.3571158946085461 0.8656691910109008
vn 0.38284250564764 -0.3249754264741605 0.8647673606568267
vn 0.41336189923656047 -0.28469275893169294 0.864917321639129
vn 0.44154536497083374 -0.23850439366267961 0.8649585798617012
vn 0.4633481089302742 -0.19289002832985477 0.8649288796899123
vn 0.4771589605943064 -0.14734358990267377 0.8663770500418129
vn 0.48536799314698476 -0.11849664385243645 0.8662427238506407
vn 0.49217239737085555 -0.0925494147867983 0.8655639416524037
vn 0.4966196762892581 -0.06496051015423127 0.8655339561466403
vn 0.5010426746963492 -0.028258151043815325 0.8649611060809113
vn 0.5024888017813244 0.012542789116220388 0.8644927313318226
vn 0.4976419314873066 0.060788472527481534 0.8652498307618202
vn 0.4878512790337405 0.11590546809050298 0.8651976953343468
vn 0.47315185266726656 0.16615877695998585 0.8651696857592126
vn 0.45445566606536847 0.2089488769262759 0.865915939576314
vn 0.44029265531186396 0.23763254224961272 0.8658366777530357
vn 0.42316049918449455 0.2698777355059025 0.8649284362351232
vn 0.39973931342728014 0.3000832708871323 0.8661169157996897
vn 0.38118162026107627 0.32314419131708527 0.866186125491033
vn 0.3549395717838063 0.3520027615964369 0.8660900393206299
vn 0.3227659172034838 0.38376730753893507 0.8651848451955861
vn 0.2799082992302843 0.4156819876803606 0.8653668754580996
vn 0.23444813492201105 0.4426736534073667 0.8654906750569674
vn 0.19851418102670193 0.4598990739749753 0.8654969449329433
vn 0.16396742683921972 0.4728716801669618 0.8657407562496984
vn 0.1356035790066764 0.48435536779936483 0.864298297490237
vn 0.10066681556945095 0.49286607895405377 0.8642622405610249
vn 0.06987120301069798 0.4956929747495985 0.8656826726773107
vn 0.0333877766642001 0.5000393420605396 0.8653588346813615
vn -0.006498114716285139 0.5010767613568153 0.8653784453828851
vn -0.057353474112303585 0.49780186934846604 0.8653923259888674
vn -0.11190232717134686 0.48894933226969056 0.8651048604918715
vn -0.16106845689815516 0.474785692947917 0.8652372495243217
vn -0.20370930429386022 0.45720532527782004 0.8657169340389006
vn -0.2385954379832477 0.44014331144902963 0.865647781929963
vn -0.26276960294805246 0.426085073745034 0.8656810299978922
vn -0.28289047009479035 0.4127697664987561 0.8657910266306246
vn -0.3092404602870637 0.39327087984560205 0.8658570048148314
vn -0.34520044699158864 0.3637685156140304 0.8651642147273384
vn -0.38087961444613955 0.32695588784481233 0.86488760350867
vn -0.4140924727360816 0.2827629687645535 0.865200859638254
vn -0.44100397125115604 0.2392731270950745 0.8650224667549704
vn -0.4595262931038728 0.19680022879592318 0.8660861711701013
vn -0.4703557747148436 0.1690087303265226 0.8661417287406352
vn -0.4840338615277186 0.13274118543172525 0.8649225390662135
vn -0.49366558848522807 0.08826196417254374 0.865161321619233
vn -0.5006995782574313 0.041173301517254644 0.8646413658708445
vn -0.5026298763138475 -0.009736594747456691 0.8644468787377569
vn -0.4985483867938958 -0.05978222171101589 0.8647980064688512
vn -0.4892788829327862 -0.11133550111822076 0.8649916652238909
vn -0.47696018411242663 -0.15598754647663235 0.8649721776540796
vn -0.4627610699931009 -0.18979611816005626 0.8659270325092145
vn -0.4496541731964412 -0.21889794421295275 0.8659646728050561
vn -0.4284920800430817 -0.2604957586610927 0.8651800373679082
vn -0.39899724137483844 -0.30364757331497527 0.8652163617241617
vn -0.3627330905374029 -0.3461262532711358 0.8652290574325794
vn -0.32440292154170397 -0.38181468042815886 0.8654364761810944
vn -0.29273693939535617 -0.4068011528369617 0.8653426525740879
vn -0.25436627670641676 -0.4308742549902903 0.8658205204666132
vn -0.23070878656807303 -0.4431211828589538 0.8662661675847493
vn -0.19952280457797705 -0.45839296940655067 0.8660638175400144
vn -0.17090712442611353 -0.47024932379645873 0.8658269620942574
vn -0.1358191543200333 -0.48347390524754535 0.8647578506521223
vn -0.09583007604887604 -0.4933906228752801 0.8645127470333851
vn -0.04593347777721751 -0.4992857894817362 0.8652189411015511
vn 0.005151868340703215 -0.5013791927051889 0.8652123227132709
vn 0.05222696774587634 -0.4970961774538381 0.8661222397565216
vn 0.08835823070995298 -0.4922592927980011 0.8659524304023972
vn 0.1194836203009164 -0.48556444200283155 0.8659970191301268
vn 0.16324125518096047 -0.47451824786358604 0.8649767193696121
vn 0.21051984171283422 -0.45634655542965863 0.8645398877973699
vn -0.11594610522314514 0.48778905879993867 0.8652273312827405
vn 0.501651283915652 0.021643543479462003 0.8647991364307845
vn 0.5005617749368046 -0.003206228379138384 0.865694882491341
vn 0.4985071941060941 -0.04164432298521222 0.8658847081381982
vn 0.49021261145379424 -0.08810642965594606 0.8671383122806496
vn 0.4787740516358892 -0.14070806221669235 0.8665890887308576
vn 0.4575184104899018 -0.19755451887623188 0.8669769986189797
vn 0.4339990928042825 -0.24362944146096485 0.8673462300018824
vn 0.41411192080331977 -0.2803058980183377 0.8659907162231696
vn 0.39027482453975554 -0.31264814880884384 0.8659888546493344
vn 0.36546418237768685 -0.3406659678288098 0.8662462870121113
vn 0.3365219615222855 -0.3697040766913726 0.8660668941201789
vn 0.2875055987334003 -0.40895453359616424 0.8660812433877625
vn 0.23334999968988 -0.44184110679100824 0.8662125685964329
vn 0.19072691486817017 -0.46007598956625306 0.8671524247613581
vn 0.1382862634487981 -0.4793196046710168 0.8666773482210031
vn 0.09694268064964429 -0.48986811737242114 0.8663898338799116
vn 0.060181645131026106 -0.49636099828855473 0.8660276721718035
vn 0.02029659267607947 -0.499640772916426 0.8659948881865399
vn -0.018897505296547813 -0.5010790777023345 0.8651951468787517
vn -0.048791287898171304 -0.4989887329582407 0.8652338727800521
vn -0.08716095000028229 -0.4924120470028757 0.8659869195094613
vn -0.13250968278554787 -0.4810567054030194 0.8666173493271789
vn -0.18209577726998596 -0.4626713897188602 0.8676268282136382
vn -0.2266596035943892 -0.4460762298020218 0.8658183535269094
vn -0.2606690275972249 -0.427033879273594 0.8658485571992732
vn -0.2895861011674196 -0.4056369422608217 0.8669478421934872
vn -0.32254051646681586 -0.38008552182230043 0.8668925027582078
vn -0.36070125911307716 -0.34481209149649156 0.8666021135631137
vn -0.3969229802089848 -0.30201027134394737 0.8667421437687066
vn -0.42653495443452955 -0.2594386957747396 0.8664637879220549
vn -0.44952332488137686 -0.21906818212973106 0.8659895564993652
vn -0.46563542798406354 -0.1823014503551441 0.8659964372931963
vn -0.47751428471445884 -0.14684004710931636 0.8662667651818189
vn -0.4867644223039196 -0.10891753240558419 0.8667164290088253
vn -0.49824350886177465 -0.035826351359756856 0.8662966457428738
vn -0.4993934427788265 0.018165903509557497 0.8661848470500928
vn -0.49499880515776506 0.07074408870782407 0.8660089242064914
vn -0.48876742520790084 0.1053006670395118 0.8660358962402616
vn -0.48180549417864427 0.14137564329860694 0.8647984697379947
vn -0.4635701382802677 0.18358136338378517 0.8668336691159175
vn -0.4447777189387195 0.225572239180079 0.8667698342968303
vn -0.4190489003906567 0.2712427941499906 0.8665017978648902
vn -0.3857379559993249 0.31572553550556315 0.866904617320261
vn -0.35093567053501823 0.35472062511290287 0.8666126200706106
vn -0.3166994510925987 0.3872706067510502 0.865865425354495
vn -0.2886243498727367 0.4088975838397896 0.865735958933509
vn -0.26104331444072193 0.42709103926143077 0.8657075904532624
vn -0.22668394223014104 0.4440961734405705 0.8668292675437561
vn -0.1904393687907052 0.4623103331438174 0.866026560033265
vn -0.1622197144934016 0.47266559742451164 0.8661824272293965
vn -0.1282451910760066 0.48558268439470975 0.86473269140348
vn 0.49691148042997896 0.05508506829208779 0.866051162384846
vn 0.49298817450296245 0.08321589321118184 0.8660472128685028
vn 0.488462277403436 0.11633674993247728 0.864794983894447
vn 0.47562467531036323 0.1538630558091526 0.8660873675865393
vn 0.4648734542015976 0.18422057879365678 0.8659996824061804
vn 0.4412767656415791 0.23590764763256486 0.8658073676594447
vn 0.4082431410561851 0.28854533431813134 0.8660710870499128
vn 0.3819161566191815 0.322981022363809 0.8659233848938724
vn 0.35831268427130986 0.35173718948590194 0.8648080537453658
vn 0.3254545063167443 0.3778286015272252 0.8667900046643969
vn 0.2894128323026159 0.4056985462414638 0.8669768751680409
vn 0.24162762162115717 0.43687633213441274 0.8664612875890564
vn 0.1912316409391596 0.46038377946100983 0.8668778663184984
vn 0.14216534855305524 0.4783228656624171 0.8666003980239576
vn 0.0967529614667336 0.4909173123683222 0.8658169880895614
vn 0.06241921222943642 0.49654375611749635 0.8657644831046057
vn 0.02797395662577905 0.4980243611788808 0.8667117129836581
vn -0.00656775064926972 0.49839625198762233 0.8669244722904639
vn -0.042357255506744025 0.49870956807517763 0.8657335788891444
vn -0.0809210833639168 0.49390360514750986 0.8657430375634
vn -0.1270942382944814 0.4826745066207546 0.8665289234934727
vn -0.176841598241772 0.4662248400293335 0.8668110795732356
vn -0.22788535547251804 0.4444231188246768 0.8663465566476913
vn -0.2763612221765306 0.4146914707228736 0.8669806566393478
vn -0.31364383952356356 0.3874994474218256 0.866874685393856
vn -0.34650819485879447 0.36336361305065323 0.8648115144969307
vn -0.37271387311866483 0.3342555546440103 0.8656544304597007
vn -0.3940938805050005 0.3086378051850608 0.8656978217363487
vn -0.42858103479907944 0.25735256413468655 0.866076182759838
vn -0.45854033696276075 0.20034196394550374 0.8657966602271786
vn -0.47037387823414134 0.17025198378712664 0.8658883742674462
vn -0.4835368788482992 0.1351931270866175 0.8648207358650617
vn -0.4897563560981408 0.09381788422232218 0.866796929079423
vn -0.49689264601955535 0.05373232228464683 0.8661469481985051
vn -0.5003011741482379 0.012906946963648809 0.8657552459361549
vn -0.4999901411715386 -0.026261028203860354 0.8656328419884154
vn -0.49338873650127923 -0.07489280316029222 0.8665786881342427
vn -0.4834242908863235 -0.1259928235170382 0.8662717607098016
vn -0.4669800716189144 -0.1760435110941673 0.8665669592780648
vn -0.45096833189913677 -0.2175487610530717 0.8656212221222304
vn -0.43009826023749653 -0.2590559987864532 0.864815284343097
vn -0.41612849946643465 -0.27827254811839275 0.8656797680987526
vn -0.40066707039556865 -0.29894196916502913 0.866082904676202
vn -0.3745452388576425 -0.32918440636012314 0.8668064897417445
vn -0.3453255317083052 -0.35942301376139923 0.8669287019871065
vn -0.31771238891797193 -0.3866728155355183 0.8657614981355259
vn -0.2827218103650995 -0.4158708944370234 0.8643609067421031
vn -0.24753607124268076 -0.43470667589288486 0.8658845184941792
vn -0.21622928649075412 -0.4495238593590456 0.8667024838608971
vn -0.17329163926214425 -0.46729734747247653 0.8669505157775884
vn -0.1376077359077215 -0.4827907296855249 0.8648567640644717
vn -0.10501977785946236 -0.4887837462421155 0.8660607921317489
vn -0.07717013235003378 -0.4940127948970339 0.8660231689459004
vn -0.03571716405132241 -0.49820394462623646 0.8663239081030771
vn 0.010846454662690736 -0.49854925332428757 0.8667935142991356
vn 0.06626685737506792 -0.49359381412996706 0.867164257950167
vn 0.11924388623882425 -0.4844714546451783 0.8666419706133826
vn 0.17135712317006313 -0.46721669520641795 0.867378404192353
vn 0.21990442125626028 -0.4478823511967837 0.8666276276454553
vn 0.2594717132161289 -0.4257180669756346 0.8668555574553445
vn 0.2912158604753305 -0.4068844826010956 0.8658165743539745
vn 0.3166272893552743 -0.3876101617929872 0.8657398697705596
vn 0.3501417326940946 -0.3565698551926815 0.8661747545350461
vn 0.38659917791404735 -0.31554641897818003 0.8665861371532719
vn 0.4174161916830013 -0.2737973077295612 0.8664864437490664
vn 0.445996114051666 -0.2230346542784128 0.8668004437249225
vn 0.4639935172634409 -0.1826118817888287 0.8668119268717083
vn 0.48089492166684283 -0.14476089133058775 0.8647452565098088
vn 0.4863367898322432 -0.10712770949318651 0.8671794397438236
vn 0.4939977317643211 -0.06565299003391548 0.8669809259212756
vn 0.5004717213034587 -0.02571142703258495 0.8653710063871455
vn 0.49873567097740357 0.026913980275833947 0.8663361750270104
vn 0.4929294062802194 0.07796385999218264 0.8665692337945939
vn 0.4840313610256934 0.12315852490309623 0.8663403599552016
vn 0.47278345230826724 0.16363090484251355 0.8658526053572263
vn 0.4584457906869623 0.1959790601349097 0.8668446602419855
vn 0.4355807992189294 0.2432137778973439 0.8666697327083138
vn 0.40266690143009287 0.29411012288413346 0.8668094381752934
vn 0.36817375939667624 0.3373789889392181 0.8663853073050519
vn 0.3309069652762989 0.3733801930744631 0.8666532246240748
vn 0.29557797807279323 0.40405238350748623 0.8656646754144001
vn 0.2687241783831743 0.42233247362581333 0.865691976209431
vn 0.2359421393109524 0.4393300099105763 0.8667874302788108
vn 0.20210963959736516 0.45768911715562505 0.8658362233235148
vn 0.1696656533211084 0.4708331332417461 0.8657538488074319
vn 0.13734899697654054 0.48181299204354594 0.8654429465467866
vn 0.0900737026950268 0.4903133401339353 0.8668792052930511
vn 0.03864078109447328 0.4975310416924848 0.8665851098356121
vn -0.01739985341497809 0.498496839618806 0.866716877642982
vn -0.06892712555160374 0.492689679203428 0.8674709974227476
vn -0.11464582230652064 0.4867626065628484 0.865978348620682
vn -0.15337999471856445 0.47596080063139756 0.86598839107834
vn -0.1885340371390541 0.46275165888236125 0.8662077228019113
vn -0.22551553753601178 0.4461718363572451 0.8660678003317334
vn -0.2775458098239047 0.41579222690840784 0.8660745623165133
vn -0.3282929368164748 0.3759510227454814 0.8665359635543355
vn -0.3614033744288281 0.34224921329006436 0.8673252428897641
vn -0.3880113749290282 0.31362823363172637 0.8666513162712719
vn -0.4125977986962997 0.28623157284183715 0.8647742729865731
vn -0.4343963210971102 0.24475244870969326 0.866831053359249
vn -0.4549535706642096 0.20498807258322888 0.866600910822565
vn -0.47442833874839674 0.15452599944213666 0.8666253324758314
vn -0.4874417387087794 0.10422083528669682 0.8669132418279845
vn -0.49653921709589 0.05626263975501135 0.86618896394124
vn -0.4989957505137894 0.013378921879362408 0.8665011514236585
vn -0.49733092766101233 -0.025110611381640297 0.8671974432549239
vn -0.4916735525989264 -0.08218703312799916 0.8668923862050975
vn -0.48436958986153483 -0.11743962356316674 0.8669452319695348
vn -0.4772243949387212 -0.1558941107842894 0.8648432823917563
vn -0.459654621641326 -0.19851728946032138 0.8656260824334584
vn -0.4378937752936585 -0.2389759704134473 0.8666830603652167
vn -0.409226922934616 -0.285012989368228 0.8667761657064944
vn -0.3817125185815443 -0.32292225322307133 0.8660350867785143
vn -0.35825702754003796 -0.34960735045211466 0.8656942894163209
vn -0.3408933815697724 -0.36658116505724053 0.8656846722838529
vn -0.3195096832398664 -0.385493097518175 0.8656261514544272
vn -0.28853440909756545 -0.4089826136014926 0.8657257744450092
vn -0.2500351427320272 -0.43185190367048215 0.8665946922842045
vn -0.20198480837269778 -0.4565747690119331 0.8664534710463943
vn -0.1602064223055283 -0.47284126310009816 0.8664612179214756
vn -0.1156566207562774 -0.4892626362548403 0.8644336983483479
vn -0.07810321474000667 -0.49155637771462696 0.867336275832708
vn -0.039433794782201215 -0.4988281876028804 0.8658033351067093
vn -0.00022932785848337652 -0.5002269883255867 0.8658942819764123
vn 0.02587629840403636 -0.5001366110866647 0.8655598115853415
vn 0.04929690396785634 -0.4996608158420019 0.864817254899143
vn 0.09498264912252197 -0.4915897986833237 0.8656314262988362
vn 0.137976277638172 -0.4797341655726201 0.8664973613297711
vn 0.18644158952788906 -0.46297643608308814 0.8665404510616435
vn 0.235463571717983 -0.4399784452847379 0.8665886417895374
vn 0.2746547770488951 -0.41746029438795257 0.866193775118331
vn 0.3048376445918666 -0.39672306243988387 0.8658434166568473
vn 0.330310276552137 -0.3738054536503451 0.866697527413867
vn 0.3634391682611718 -0.34201266962152144 0.8665675419677266
vn 0.3976104504455581 -0.3023798723401295 0.8662980679304597
vn 0.42639488514083296 -0.25877353872041714 0.8667315948918953
vn 0.45148635004027743 -0.21336019083313268 0.8663933891108342
vn 0.4712759628151316 -0.16267408685197476 0.866854144789968
vn 0.4833479396131499 -0.11976430249130839 0.8671973714907658
vn 0.4937306048769978 -0.07888790968729743 0.8660293225480086
vn 0.4973599450466509 -0.047355813335742514 0.8662508366555859
vn 0.5007345100730961 -0.012607719800463733 0.8655090963261389
vn -0.49508988270545623 -0.0731749823958299 0.8657548324982468
vn 0.49222536113194826 -0.09059171602825877 0.8657409166982802
vn 0.4464889216023614 0.2259868258328552 0.8657814952032363
vn 0.4283985149384959 0.2581728965823404 0.8659223220755863
vn -0.49680594811855455 -0.05973915527761442 0.8658031434689649
vn -0.05247922370486291 -0.49700931934405446 0.8661568377404262
vn 0.11729767019162417 0.48649885610252963 0.8657714014556886
vn -0.21914190976254538 -0.44969944980830406 0.8658794536352812
vn -0.15336654982460401 0.9880713161365495 0.013920331284989805
vn -0.043383523598570395 0.9988459297275964 0.020607730267688664
vn 0.06373024795723863 0.9979070525010841 0.010953084675434724
vn 0.17004310619440768 0.9852306573205095 0.020146808967039267
vn 0.26164815532850416 0.9651626607825642 -0.0011318322808051993
vn 0.3259552792701301 0.9453850607481566 -0.000492777977841467
vn 0.39568317292173116 0.9183802687228633 -0.003536762235813224
vn 0.4813032265677841 0.876449904000114 0.013519240867417365
vn 0.5749185570595574 0.8181040725471541 0.013205272822516562
vn 0.6607077767081941 0.7505317982410249 0.01293265736067429
vn 0.742049200057373 0.6700029218168827 0.021425906073093477
vn 0.8096970236266394 0.5866800486158125 0.01404458921823576
vn 0.8694335673711572 0.4939906216967941 0.007650987117913288
vn 0.918430347028544 0.3953425964567092 0.013781476114541532
vn 0.9565567623362133 0.29126355810582627 0.012833555563254788
vn 0.9822491023788811 0.18657608733776573 0.019392382772962718
vn 0.995832210745809 0.09025929176884558 0.013094590123449278
vn 0.9991393288354852 0.03930930499073012 0.01324311577091135
vn -0.2443109697337211 0.969696917792348 -0.00019414373249067917
vn -0.31619328722354517 0.9486947794274413 -0.0001435335746514975
vn -0.3683613778263826 0.9295875878520731 -0.013297061224700453
vn -0.42400428335821194 0.9056594900144276 -0.0011206429833597522
vn -0.4839409228615245 0.8750824814131182 -0.005642154180418649
vn -0.5675093361802868 0.8232561699586937 0.013506738064866557
vn -0.651873801862578 0.757970423102525 0.023267663118743117
vn -0.721318053046619 0.6926029795047179 0.0011743637520313897
vn -0.7705206272951912 0.6374140380130127 -0.0011432657480946668
vn -0.814065901084734 0.5807700949129962 -0.0016749763727846054
vn -0.8650426363662715 0.5015166456989607 0.01350153159289825
vn -0.9079345521031504 0.4191071417105593 0.0020131727339792833
vn -0.9388723772916432 0.3442526685651441 0.0029596189814383987
vn -0.9619465874537582 0.2728967910230533 0.013642006281672668
vn -0.9801452712518915 0.19812604697218542 0.007830501499364657
vn -0.9948218339231123 0.10103382787678826 0.011031064065577858
vn -0.9990125553520481 0.04351439065552809 0.008967276891498028
vn -0.9992474047811322 0.038789483602803626 -1.373354619649975e-15
vn 0.9995774598461864 0.02906719400708576 0
vn 0.9985919644315521 0.052615855150237874 0.006757244966926486
vn 0.9921518920750612 0.12482622709524897 0.0072825875237797245
vn 0.9849028220206051 0.17310741946106237 0.0005024971440809559
vn 0.9682321760407271 0.2500519211192187 -0.0007000171616238519
vn 0.9404668936966427 0.3397563444481227 -0.009362065361688925
vn 0.8956146302149433 0.44464636156389103 -0.01280809482100746
vn 0.8441654584143714 0.5359444707364188 -0.012173869849563302
vn 0.787832784254438 0.6158715390223753 0.004663847779570536
vn 0.7440761561255268 0.668092987046323 -0.0015603028494655343
vn 0.6928449295256316 0.7210814975899807 -0.0027161487465002083
vn 0.6207557281756348 0.7839479993408791 -0.009373380743925921
vn 0.532651536950707 0.8462864054618501 -0.009036598614007102
vn 0.43301795811962573 0.9012844333329779 -0.01348399709147348
vn 0.33465974924178954 0.9420699904674971 -0.02251633402649222
vn 0.24117927574110637 0.9704794416793932 0.0014866844483067655
vn 0.17578668424604493 0.9844279623329772 0.00079285479369184
vn 0.10335219931565484 0.9946443112051738 -0.0010085057274885861
vn 0.026714134695816648 0.9996430774502022 0.0002696541169396216
vn -0.04409134812646101 0.9990275024314026 0.000049051658277555595
vn -0.1133003561575356 0.9935607565689915 0.00022869330711455818
vn -0.20834708599059457 0.9780063809992944 -0.009747332142226717
vn -0.3126883245288546 0.949569236406764 -0.023329744388074208
vn -0.42062569526669885 0.9069358892360894 -0.023266226530105082
vn -0.5149568905189268 0.8571085316883849 -0.013578137356028462
vn -0.5966896974145625 0.8024520824724839 0.005662184639507203
vn -0.6493594029167954 0.7604806994359657 0.0012131071376982447
vn -0.7037513884097184 0.7104451092576999 -0.001315311069057664
vn -0.7680103998189788 0.640014487902955 -0.023269745254529663
vn -0.8333511418140971 0.5526707215900374 -0.008997106995478826
vn -0.8890610579460732 0.4576887613051491 -0.009562061428748835
vn -0.9228342619069767 0.38495453556182607 -0.013672256616377818
vn -0.9491681220315614 0.3147540014125229 -0.0031296507607753497
vn -0.9715204044713719 0.23694777015120747 -0.0019641578736225387
vn -0.9872131698683274 0.15930114291114778 -0.005770884311021012
vn -0.9978132036240067 0.06605569878155192 0.002335665232311195
vn 0.998314678665914 0.058032769709647526 0
vn 0.990853715068779 0.13494041401447865 0
vn 0.9718305720201181 0.23516305399895457 -0.015610167229557517
vn 0.9377925209505142 0.34699540640409715 -0.011805743675639729
vn 0.9091889263612448 0.41638383275781365 0
vn 0.8718466912640741 0.48939139514848323 0.019478431315368555
vn 0.8233178152837229 0.5675806330702601 0
vn 0.7665535666750377 0.6421803714049337 0
vn 0.6947896147270947 0.7192130360799748 0
vn 0.6180516054263259 0.7859698152766704 -0.016237687763284384
vn 0.5261097700804359 0.8503347282329254 -0.011805074626942415
vn 0.4486147568666057 0.8937252373752886 0
vn 0.37821499144415677 0.9257177865023964 1.5449353143645936e-16
vn 0.30018109503749324 0.9538822307717506 1.0031752265645466e-15
vn 0.25533989073915386 0.9668513537236822 1.993336399220486e-15
vn 0.17520319244988075 0.9843390167509638 0.019507471827882115
vn 0.0839599881216044 0.9964691266640527 3.879780999693194e-15
vn -0.009758465081410934 0.9999523850460355 -1.861708131379196e-15
vn -0.11484248293127702 0.9933837144397825 -5.849534623281177e-15
vn -0.2151934528925614 0.9764357319995622 -0.01628002170318798
vn -0.3233039446342136 0.9462211328790511 -0.011837528333327942
vn -0.39341399566408447 0.9193614240415027 6.817460169613805e-16
vn -0.4673629894710963 0.8838495414615112 0.01954032064517494
vn -0.5467898662377288 0.8372698741622839 3.9435277192652586e-16
vn -0.6228428527929694 0.7823469695248493 7.609175482145298e-16
vn -0.7016507836290231 0.712521001678391 5.796180162246936e-16
vn -0.770363345634787 0.6373965266560266 -0.01630900086489155
vn -0.837010663599965 0.5470580340804712 -0.011859863741044184
vn -0.8947051095023459 0.44665732618014364 -1.1779674396564508e-15
vn -0.9214437993809774 0.3885116788236218 -6.16946809481143e-16
vn -0.9499561595956664 0.31177049249408856 0.019556453058936465
vn -0.9748146301390272 0.22301667396612163 -2.241270830180874e-16
vn -0.9883416919550626 0.1522520933958034 -1.1630785456266116e-16
vn -0.997914967212532 0.0645423753297871 2.133177297695933e-15
vn -0.9992474047811322 0.038789483602803626 1.1708879162167426e-15
vn 0.998314678665914 0.058032769709647526 0
vn 0.9953300930206893 0.09652981885109863 0
vn 0.981738605856642 0.19023488053103524 0
vn 0.9581937013889918 0.28545623481533766 -0.01948252097430447
vn 0.9318115766901887 0.3629423997635775 0
vn 0.9018936137062918 0.43179696701787695 0.011802068885106928
vn 0.847751010879225 0.5301459365948584 0.016232974626118356
vn 0.7896501824157779 0.6135573236550342 0
vn 0.7207119341443005 0.6932346702105874 0
vn 0.6527218126790846 0.7575976737378025 0
vn 0.5800419954079993 0.8143535127541004 -0.019484348286866304
vn 0.5115876196164302 0.859231114110281 0
vn 0.4709678434264128 0.8821503785966845 0
vn 0.3960546483534697 0.9182269411848084 0
vn 0.3240259823826818 0.9460481820398673 3.041030334575174e-16
vn 0.23878808900117804 0.9709997413196557 0.011821628835616086
vn 0.12840811931439072 0.9915881174832154 0.016259156196875613
vn 0.027029972523861186 0.999634623542702 1.836638691976563e-15
vn -0.07829936655499915 0.9969298918164134 -4.637133575311257e-15
vn -0.17124659145033555 0.9852281994120154 -5.1958628264892316e-15
vn -0.261253270359372 0.9650727019047777 -0.019529689315123586
vn -0.33941472179914467 0.9406368303580341 -2.606041698238074e-16
vn -0.40902694883574736 0.9124454220565903 0.01184512110912289
vn -0.5087246969208193 0.8607751256896661 0.016290050238100734
vn -0.5936423975065026 0.8047289629948283 6.426644201908198e-16
vn -0.6750124693550695 0.7378063202597084 1.3944114724058532e-15
vn -0.7411227620289492 0.6713695343122011 5.8596295090854e-17
vn -0.799681250391554 0.6001060635898504 -0.019560424711525762
vn -0.8462844486479144 0.5327312943470615 -1.949211063662264e-15
vn -0.8785569622636138 0.4776375865215498 -1.466409688766959e-15
vn -0.9278788451575697 0.372692639976451 0.011876229049577084
vn -0.9637077454797467 0.2664600313828287 0.016322774819430716
vn -0.9833751505311478 0.18158555371461318 -5.006630262452092e-16
vn -0.9959173843217486 0.09026939462368468 1.4504904597221136e-15
vn -0.9992474047811322 0.038789483602803626 1.8829368267424245e-15
vn 0.9985295986738943 0.047588899048008934 -0.02596030160744965
vn 0.9930315412231091 0.11494585638437237 -0.025996311971504052
vn 0.9793940210376162 0.20101623286136652 -0.019489117014234857
vn 0.9578608787659849 0.2865710531721266 0.019482515583809108
vn 0.9276316020645682 0.37349646698613187 0
vn 0.8885749244626306 0.45873151583058935 0
vn 0.8354213854778 0.5496099605050414 0
vn 0.775162996739944 0.6315528169676683 -0.01622861255167455
vn 0.699551436642249 0.7144848433835441 -0.011798138283552627
vn 0.64405788525355 0.764976758106235 0
vn 0.5790939372054894 0.8150279579646619 0.019484343145157262
vn 0.5018051285676186 0.8649807009079657 0
vn 0.46089759842693634 0.8874533248370206 0
vn 0.38654252882786944 0.9220654963496382 0.019495995713250492
vn 0.30018109503749324 0.9538822307717506 6.837900567343736e-15
vn 0.22284689548504324 0.9747178555791507 -0.01625924930186076
vn 0.11220505304735773 0.993614752361578 -0.01182158872908237
vn 0.003931409137771415 0.9998599097762052 -0.016269752441571434
vn -0.10816769001249127 0.9940622768677134 -0.011829646906778124
vn -0.18244883726100017 0.9832153486302526 -1.7021920185284104e-14
vn -0.26237881857930045 0.9647673020349865 0.019529682154691384
vn -0.35007058537779895 0.9367233237478638 -2.0492894290633585e-15
vn -0.4363012579019092 0.8998006514518712 -9.520352735141713e-16
vn -0.5284926387740484 0.8489378839241674 -3.1725373425496377e-16
vn -0.6119861191702709 0.7907005191411105 -0.016299661741561375
vn -0.6968060027113555 0.7171617038402636 -0.01185264233631659
vn -0.7487150437608756 0.6628919845994142 1.262814740692346e-15
vn -0.8003818416995919 0.5991713422803422 0.019560420944927572
vn -0.8522795620072543 0.5230865589792216 1.8534332771385897e-15
vn -0.8947051095023459 0.44665732618014364 1.47003276195457e-15
vn -0.9337852715064404 0.3574613377853936 -0.016323562917452798
vn -0.9679985957287672 0.25067447887848643 -0.011875365515795136
vn -0.9883416919550626 0.1522520933958034 2.097260867922636e-14
vn -0.997914967212532 0.0645423753297871 8.197954147640913e-15
vn -0.9992474047811322 0.038789483602803626 0
vn 0.9995774598461864 0.02906719400708576 0
vn 0.9981589343202496 0.057441271990462374 -0.019474139487572865
vn 0.993278303417687 0.11575064561237386 0
vn 0.9848191324307122 0.172486829969049 -0.019482553365711756
vn 0.9657746955715829 0.2586488969888522 0.019493216257629148
vn 0.9432757466398765 0.3316130329399754 0.0162376779539001
vn 0.9048441532870845 0.42574294857599093 0
vn 0.8550276180037676 0.5185824644652028 0
vn 0.8027755700349918 0.5962812961639781 0
vn 0.7442931882355918 0.6675690191386243 -0.019474461029590318
vn 0.6873329349209923 0.7263425063789772 0
vn 0.6308742657764009 0.7757952681630491 0.01180519702969614
vn 0.5398910053969681 0.841578306068562 0.016237519706554467
vn 0.44566044005150046 0.8951241332592288 0.011813476627040248
vn 0.3424741654951743 0.9393867334257613 0.016248416293952087
vn 0.2663274379867354 0.963882615143266 9.345037430721334e-15
vn 0.17634997028022337 0.9841342115330926 -0.019507477343374578
vn 0.09526354633998069 0.9954520866112695 1.969385784140969e-14
vn 0.04873355348647535 0.9988118144898873 1.1567129901444077e-14
vn -0.043499254870052954 0.9988627704693789 -0.01951872424076876
vn -0.12510535254950922 0.9921434627932914 -1.8795330958020048e-14
vn -0.19919380527529107 0.9798886171026502 0.011837483372966572
vn -0.3077877713305629 0.9513157462006738 0.016280013821256656
vn -0.40290653918086533 0.9152411270726953 -1.0326222124875372e-15
vn -0.4969653538117555 0.867770382711208 -5.81634078613402e-16
vn -0.5760134488413442 0.8174402160120947 -4.995099958441769e-16
vn -0.648764232796187 0.7607382899027461 -0.01955056316887463
vn -0.7089899194781618 0.7052186143873045 -1.846763491771521e-15
vn -0.7598765522074278 0.6499592091159414 0.011859674984275545
vn -0.8279106388685503 0.5606228554634541 0.016309137937732886
vn -0.8785569622636138 0.4776375865215498 1.402311000208711e-15
vn -0.916962924806216 0.39897242327112015 1.2825771873107948e-15
vn -0.9495913340996098 0.3128799185116048 -0.019556451495475042
vn -0.97220962790015 0.23411202322446395 1.1873959368478096e-14
vn -0.9833751505311478 0.18158555371461318 1.9086903572144513e-14
vn -0.9959173843217486 0.09026939462368468 1.594478882796753e-14
vn -0.9992474047811322 0.038789483602803626 4.366874430040785e-15
vn 0.998454590665384 0.04913728782097473 0.025960688065212574
vn 0.9937601360112098 0.11044188144570258 0.015600733883856667
vn 0.9774691981329409 0.211078105689211 0
vn 0.9478436255709741 0.31873572354612406 0
vn 0.913869299350774 0.40600850200965655 0
vn 0.8724154610155315 0.48837675413756165 -0.019478434205992982
vn 0.8297061156437343 0.5582004672726334 0
vn 0.7854461190560462 0.6188175770184051 0.01179832330737235
vn 0.7110804363204726 0.7029233618187549 0.016228385369655415
vn 0.6361278990245524 0.7715836287030778 0
vn 0.5514129371913989 0.8342324452441023 0
vn 0.4709678434264128 0.8821503785966845 0
vn 0.3876159751989726 0.9216147577543647 -0.019496001126208563
vn 0.310986275030601 0.9504144026384447 -8.250247934689839e-16
vn 0.2663274379867354 0.963882615143266 -2.8257224233913273e-15
vn 0.18532926823858697 0.9826764789767535 -6.981952631477912e-15
vn 0.10894353683388858 0.9940479393782391 -9.643613249186143e-15
vn 0.027029972523861186 0.999634623542702 -7.766374789757958e-15
vn -0.07829936655499915 0.9969298918164134 8.955906426755334e-14
vn -0.1926083771231982 0.981275706955985 3.395654898146245e-13
vn -0.2947849936794309 0.9555636072504111 4.80729606645595e-13
vn -0.38292512847338867 0.923779381661898 3.652985084961115e-13
vn -0.4583459539588851 0.8887738669028918 1.588432362827302e-13
vn -0.5255979316008021 0.8507331040326094 3.886688617681357e-14
vn -0.5936423975065026 0.8047289629948283 -4.2760348069706835e-15
vn -0.6750124693550695 0.7378063202597084 -5.7263171125394474e-15
vn -0.7555410690998929 0.6551012844617164 -9.204443190521917e-16
vn -0.8202675635345199 0.5719800033332829 -7.922189623289682e-16
vn -0.8785569622636138 0.4776375865215498 -8.136216225866653e-16
vn -0.916962924806216 0.39897242327112015 1.7035910506189088e-16
vn -0.9468868805828345 0.3215668443420574 -4.905269356004353e-16
vn -0.9688878554000196 0.24750014880470364 -2.24826364649212e-15
vn -0.9833751505311478 0.18158555371461318 -3.451403626735625e-16
vn -0.9959173843217486 0.09026939462368468 -8.70827165438599e-16
vn -0.9992474047811322 0.038789483602803626 -8.230970974349856e-16
vn -0.9992474047811322 0.038789483602803626 0
vn 0.9995774598461864 0.02906719400708576 0
vn 0.9980914464444822 0.05860223918329691 0.019474139186752164
vn 0.987764596106476 0.15595224486556858 0
vn 0.9685566839057631 0.2487929863590842 0
vn 0.9355073177602244 0.3533073144120716 0
vn 0.8946484068149038 0.44647588032526087 -0.016233190423873858
vn 0.8390328816170014 0.543952699070384 -0.011801895589908327
vn 0.7959381331592182 0.6053779713394092 0
vn 0.7435161627178343 0.6684343358880697 0.019474454632216878
vn 0.6790474879514787 0.7340943461890893 0
vn 0.6073215569961978 0.7944561198755498 0
vn 0.5204285233555936 0.8539052360056801 0
vn 0.4309205741534369 0.9022435610087608 -0.016248550381584837
vn 0.32710910025464146 0.9449127369054428 -0.011813389203122686
vn 0.24198189344740292 0.9702807651621307 -5.254247855629974e-15
vn 0.1662744289070094 0.9860795172254861 -9.808536528938254e-15
vn 0.0839599881216044 0.9964691266640527 -1.508974945105157e-14
vn -0.009758465081410934 0.9999523850460355 2.1050850939029976e-14
vn -0.11484248293127702 0.9933837144397825 1.9277654188607896e-13
vn -0.22857397995269574 0.9735265459598852 4.3371499806290606e-13
vn -0.3296678638645152 0.9440969757048305 4.35168038886645e-13
vn -0.40605295434431815 0.9138495490332372 2.6559432756820325e-13
vn -0.4754826905421622 0.8797250769386912 1.1371468536366312e-13
vn -0.5467898662377288 0.8372698741622839 1.8744306557698705e-14
vn -0.6228428527929694 0.7823469695248493 2.372460951822216e-16
vn -0.7016507836290231 0.712521001678391 9.425128106742937e-16
vn -0.7791275638529712 0.6268654075992184 1.3048760034208714e-15
vn -0.8407210741476817 0.5414684436640498 1.177353884441078e-15
vn -0.8947051095023459 0.44665732618014364 1.4474801922792286e-15
vn -0.9267071846276289 0.3757842385725266 1.856081650852558e-15
vn -0.9529352678679425 0.30317383669019415 4.930874531176049e-17
vn -0.9748146301390272 0.22301667396612163 9.544171145583145e-17
vn -0.9883416919550626 0.1522520933958034 1.3077952632821455e-15
vn -0.997914967212532 0.0645423753297871 -4.8132149465226935e-16
vn 0.9995774956143227 0.029065963968166807 0
vn 0.998091372322596 0.0586024208701468 0.019477391081842203
vn 0.9877633085768404 0.15596039955424137 -4.6373095241639065e-7
vn 0.9685521084950398 0.2488107968805488 -0.00002203358953724103
vn 0.9354999035308299 0.3533269453604679 -0.000013268356227012739
vn 0.894619271275954 0.44653280831545705 -0.01627300093997559
vn 0.8390111919333257 0.543985783801944 -0.011818918394040758
vn 0.7958552387492651 0.6054869405370676 -0.0000615987967138677
vn 0.7434726113055483 0.6684836525509009 0.019444343926071125
vn 0.6789780966396669 0.7341585279558248 -0.000010644783462080036
vn 0.60720932534976 0.7945418960608627 -0.00010301601295914148
vn 0.5203133991829614 0.8539753835829248 -0.00010423564140372971
vn 0.430720471166551 0.902337238157304 -0.01635189141087858
vn 0.32696700428449094 0.9449614978512018 -0.011846758545642383
vn 0.25502404979917453 0.9669346964589449 -0.00016373110965065379
vn 0.17505497193307198 0.9843660251697436 0.019475248214877807
vn 0.0837744462401796 0.9964847421849419 -0.00002738176733002272
vn -0.009983225594838909 0.9999501574204235 -0.0001337220729277147
vn -0.11505936759800098 0.993358605893178 -0.00014841128630621882
vn -0.21546897214017408 0.976373072898997 -0.016393430471589438
vn -0.3234886829006023 0.9461576950098494 -0.011861206046713937
vn -0.39376094269843637 0.9192128621684293 -0.0001844704934790441
vn -0.4675129349590112 0.8837710014589851 0.019505707528669154
vn -0.5469534378997601 0.8371630283266228 -0.00002779624437490164
vn -0.6018202482244298 0.7986315724235441 -0.000018851602918408083
vn -0.6686015265749183 0.7436170729995675 0.0023764269912198454
vn -0.751625758602094 0.6594890796905789 -0.011527045358640492
vn 0.9984545668844217 0.04913639258096593 0.025963297012730778
vn 0.9937598894772823 0.11044217111644981 0.015614381357725022
vn 0.9774678914471747 0.2110841565575212 0.000006341453152196956
vn 0.947841324504638 0.3187425659440042 0.000014721606592875688
vn 0.9138590723619723 0.40603152051397146 0.000014519915614677214
vn 0.8723986157389662 0.4884055857679707 -0.019509973023593363
vn 0.829704747230649 0.5582024955082189 0.00008019552340828923
vn 0.7854102634967951 0.6188629100196974 0.011807480503764707
vn 0.7110604548804503 0.702942123556591 0.016291115215283616
vn 0.6360752635355871 0.771627015320856 0.00009135185321961664
vn 0.551359176894256 0.8342679742910014 0.00007160221870154842
vn 0.47087424118049076 0.8822003438959779 0.00004714355876446233
vn 0.38749562964448886 0.921664697460734 -0.019527479638567376
vn 0.3109808320944193 0.9504161644510991 0.00019084004788629368
vn 0.23865093451138417 0.9710331624418029 0.011846049768341655
vn 0.12834988336553002 0.9915940012629819 0.01635983188557743
vn 0.026911711804556697 0.9996378005621605 0.00016569548759289246
vn -0.07841256129957837 0.9969209862206977 0.00013214837015235336
vn -0.17138913704589276 0.9852034101156784 0.00006632573225302258
vn -0.2614176620563535 0.9650281253264804 -0.01953262127440059
vn -0.33942092147932484 0.9406345675902494 0.0002198099872319527
vn -0.4091764349507168 0.9123780636051035 0.011870725892859191
vn -0.5087760790327973 0.8607430037044285 0.016382398416922687
vn -0.6054782097238919 0.7958425054533584 0.0055537431766142205
vn -0.696734598618923 0.7172657162815858 0.009528448687589959
vn -0.7488256059567173 0.6627367105874946 0.006345415921962508
vn -0.7925055841037615 0.609553473072568 -0.019479800551490796
vn -0.8438777704092514 0.5363690713610024 0.013361433173384049
vn -0.8848369391675569 0.4654845439440244 0.019690871839833732
vn -0.9315167727967496 0.36295342688841853 0.023266110725307192
vn -0.9636721457548691 0.26660260133537517 0.016094982367725545
vn -0.9833173335489824 0.18189829920362896 -0.00017403719857348447
vn -0.9958975071890059 0.09048831241882412 -0.00014314439263805198
vn -0.9992444034435635 0.03886650174981699 -0.00013125718548015987
vn -0.9992417315140951 0.03893535669174038 -1.6760382112284566e-15
vn -0.806473646452724 0.5910475660016564 -0.016218270584880498
vn -0.8566502777648511 0.5157204775452943 0.01351631036404267
vn -0.8810650871358839 0.4729918032092697 0.001751093110280091
vn -0.908400405208512 0.4178934939993913 0.013180724183135418
vn -0.9299389253383865 0.3677139929466604 0.00012054754356112048
vn -0.949845310631 0.312100349741291 0.019678860832451274
vn -0.9747150557872125 0.22345145086875803 0.00009553207945719287
vn -0.9882724770038069 0.15270033307020917 0.0003456544616039673
vn -0.9978979906441318 0.0648043086390005 0.00004301424667698615
vn 0.9985295986738943 0.047588899048008934 -0.02596030160744965
vn 0.9930315412231091 0.11494585638437237 -0.025996311971504052
vn 0.9730442495714231 0.22914793459435076 -0.02600216235487649
vn 0.9377925209505142 0.34699540640409715 -0.011805743675639729
vn 0.9091889263612448 0.41638383275781365 0
vn 0.8718466912640741 0.48939139514848323 0.019478431315368555
vn 0.8233178152837229 0.5675806330702601 0
vn 0.7665535666750377 0.6421803714049337 0
vn 0.6947896147270947 0.7192130360799748 0
vn 0.6180516054263259 0.7859698152766704 -0.016237687763284384
vn 0.5261097700804359 0.8503347282329254 -0.011805074626942415
vn 0.46089759842693634 0.8874533248370206 0
vn 0.38654252882786944 0.9220654963496382 0.019495995713250492
vn 0.30018109503749324 0.9538822307717506 -1.968755954029671e-15
vn 0.20951275557517832 0.9778059138966668 -4.768207235496641e-15
vn 0.10554347216369078 0.9944146898973447 -4.705273964196291e-15
vn 0.003931409137771415 0.9998599097762052 -0.016269752441571434
vn -0.10816769001249127 0.9940622768677134 -0.011829646906778124
vn -0.18244883726100017 0.9832153486302526 7.480361535791644e-15
vn -0.26237881857930045 0.9647673020349865 0.019529682154691384
vn -0.35007058537779895 0.9367233237478638 -1.1326256890608554e-16
vn -0.4363012579019092 0.8998006514518712 -6.13330729137871e-16
vn -0.5284926387740484 0.8489378839241674 0
vn -0.6119861191702709 0.7907005191411105 -0.016299661741561375
vn -0.6968060027113555 0.7171617038402636 -0.01185264233631659
vn -0.7577820859772135 0.6525077088985409 0
vn -0.8059626892456088 0.5919663364955696 0
vn -0.8522795620072543 0.5230865589792216 0
vn -0.8947051095023459 0.44665732618014364 0
vn -0.938713645055364 0.344697972995015 0
vn -0.9697320571081388 0.24417153277320713 0
vn -0.9883416919550626 0.1522520933958034 0
vn -0.997914967212532 0.0645423753297871 0
vn -0.9992474047811322 0.038789483602803626 0
vn 0.9995774598461864 0.02906719400708576 0
vn 0.9981589343202496 0.057441271990462374 -0.019474139487572865
vn 0.993278303417687 0.11575064561237386 0
vn 0.9848191324307122 0.172486829969049 -0.019482553365711756
vn 0.973195344770233 0.2299800446072384 0
vn 0.9581937013889918 0.28545623481533766 -0.01948252097430447
vn 0.9318115766901887 0.3629423997635775 0
vn 0.9018936137062918 0.43179696701787695 0.011802068885106928
vn 0.847751010879225 0.5301459365948584 0.016232974626118356
vn 0.7896501824157779 0.6135573236550342 0
vn 0.7207119341443005 0.6932346702105874 0
vn 0.6527218126790846 0.7575976737378025 0
vn 0.5800419954079993 0.8143535127541004 -0.019484348286866304
vn 0.5115876196164302 0.859231114110281 0
vn 0.44566044005150046 0.8951241332592288 0.011813476627040248
vn 0.3424741654951743 0.9393867334257613 0.016248416293952087
vn 0.2453364947104057 0.9694379837633817 -2.9998206291811038e-15
vn 0.14197163277965347 0.9898707266536775 -5.283070274237265e-15
vn 0.04873355348647535 0.9988118144898873 -2.9854014246451744e-15
vn -0.043499254870052954 0.9988627704693789 -0.01951872424076876
vn -0.12510535254950922 0.9921434627932914 7.485476721642784e-15
vn -0.19919380527529107 0.9798886171026502 0.011837483372966572
vn -0.3077877713305629 0.9513157462006738 0.016280013821256656
vn -0.40290653918086533 0.9152411270726953 -8.821658668556296e-16
vn -0.4969653538117555 0.867770382711208 -4.77892129148862e-16
vn -0.5760134488413442 0.8174402160120947 0
vn -0.648764232796187 0.7607382899027461 -0.01955056316887463
vn -0.7089899194781618 0.7052186143873045 0
vn -0.7411227620289492 0.6713695343122011 0
vn -0.7943316595543732 0.6074843328264485 0
vn -0.8388761720017252 0.544322301626281 0
vn -0.8785569622636138 0.4776375865215498 0
vn -0.925419615286355 0.37894397428017595 0
vn -0.9600974987036398 0.27966550195369877 0
vn -0.9833751505311478 0.18158555371461318 0
vn -0.9959173843217486 0.09026939462368468 0
vn -0.9992474047811322 0.038789483602803626 0
vn 0.9995774598461864 0.02906719400708576 0
vn 0.9977070328615639 0.06768069576012273 0
vn 0.993278303417687 0.11575064561237386 0
vn 0.9846177495713677 0.17363270761931004 0.019482558194510672
vn 0.973195344770233 0.2299800446072384 0
vn 0.9578608787659849 0.2865710531721266 0.019482515583809108
vn 0.9276316020645682 0.37349646698613187 0
vn 0.8885749244626306 0.45873151583058935 0
vn 0.8354213854778 0.5496099605050414 0
vn 0.775162996739944 0.6315528169676683 -0.01622861255167455
vn 0.699551436642249 0.7144848433835441 -0.011798138283552627
vn 0.64405788525355 0.764976758106235 0
vn 0.5790939372054894 0.8150279579646619 0.019484343145157262
vn 0.5018051285676186 0.8649807009079657 -8.731204133718837e-14
vn 0.41858943882946836 0.9081755786743171 -2.672922620677581e-13
vn 0.3207842078044411 0.9471523066662917 -4.477855485293499e-13
vn 0.22284689548504324 0.9747178555791507 -0.01625924930186076
vn 0.11220505304735773 0.993614752361578 -0.01182158872908237
vn 0.03736238893005302 0.9993017821926665 -1.535298025050323e-14
vn -0.04466371679773661 0.9988113796072089 0.01951871842503308
vn -0.13635839220583668 0.9906595726459414 -9.921854886665828e-15
vn -0.22857397995269574 0.9735265459598852 -9.270213259156267e-15
vn -0.3296678638645152 0.9440969757048305 -3.1439154388642557e-15
vn -0.42388055381200035 0.9055715938771741 -0.016290011135238067
vn -0.5227487054558929 0.85240452948611 -0.011845212355686181
vn -0.5852791715200358 0.8108318514863734 -2.345466861037784e-15
vn -0.6496521487092811 0.7599801716640758 0.0195505589397298
vn -0.7169515821820951 0.697122965341546 -4.0375663589557376e-16
vn -0.7487150437608756 0.6628919845994142 7.793048817273709e-16
vn -0.8003818416995919 0.5991713422803422 0.019560420944927572
vn -0.8522795620072543 0.5230865589792216 4.938992045783429e-16
vn -0.8947051095023459 0.44665732618014364 -9.243354958748842e-16
vn -0.9337852715064404 0.3574613377853936 -0.016323562917452798
vn -0.9679985957287672 0.25067447887848643 -0.011875365515795136
vn -0.9883416919550626 0.1522520933958034 -1.9768188387619158e-15
vn -0.997914967212532 0.0645423753297871 -6.960238056495101e-16
vn -0.9992474047811322 0.038789483602803626 1.3899835700215853e-15
vn 0.9995774598461864 0.02906719400708576 0
vn 0.9988290307014671 0.04837941119906275 0
vn 0.990933042484589 0.13344844931163535 0.015595406008041967
vn 0.9726877444318833 0.23065653992997967 0.026002161824454258
vn 0.9432757466398765 0.3316130329399754 0.0162376779539001
vn 0.9048441532870845 0.42574294857599093 0
vn 0.8550276180037676 0.5185824644652028 0
vn 0.8027755700349918 0.5962812961639781 0
vn 0.7442931882355918 0.6675690191386243 -0.019474461029590318
vn 0.6873329349209923 0.7263425063789772 0
vn 0.6308742657764009 0.7757952681630491 0.01180519702969614
vn 0.5398910053969681 0.841578306068562 0.016237519706554467
vn 0.4517084187898524 0.8921656260999811 -1.4379796853443255e-13
vn 0.3553286746363358 0.9347414257329054 -3.697475493429583e-13
vn 0.2663274379867354 0.963882615143266 -4.656244417403346e-13
vn 0.17634997028022337 0.9841342115330926 -0.019507477343374578
vn 0.09526354633998069 0.9954520866112695 -1.301289915258891e-13
vn 0.020299514463708895 0.9997239565144708 0.011829644271499727
vn -0.09191328406000641 0.9956340918565216 0.016269706400056597
vn -0.1926083771231982 0.981275706955985 -9.529378438922788e-15
vn -0.2947849936794309 0.9555636072504111 -3.408740744526788e-15
vn -0.38292512847338867 0.923779381661898 9.36974518934535e-16
vn -0.4663311220959694 0.8843944030815494 -0.01954032657721845
vn -0.5372490295484972 0.8434236659290502 2.0348596514784584e-15
vn -0.599000450584905 0.8006609633302202 0.011852510206891232
vn -0.6849557948353605 0.7284022772745886 0.01629974179712509
vn -0.7598765522074278 0.6499592091159414 0.011859674984275545
vn -0.8279106388685503 0.5606228554634541 0.016309137937732886
vn -0.8785569622636138 0.4776375865215498 1.723195666340452e-15
vn -0.916962924806216 0.39897242327112015 1.1816106478889476e-15
vn -0.9495913340996098 0.3128799185116048 -0.019556451495475042
vn -0.97220962790015 0.23411202322446395 1.2651492623539315e-15
vn -0.9833751505311478 0.18158555371461318 1.4458380195291543e-16
vn -0.9959173843217486 0.09026939462368468 -4.78022622409918e-16
vn -0.9992474047811322 0.038789483602803626 2.611426328693156e-16
vn 0.9995774956143227 0.029065963968166807 0
vn 0.9988281931765189 0.04839664796941747 -0.00007057658657877492
vn 0.9914953838314123 0.1301413493486713 -0.0003647337482512405
vn 0.9738667335903929 0.22708720826050516 0.0038710528837178288
vn 0.9367830233843677 0.34986263799509415 0.00580531084066807
vn 0.8903730154138478 0.45521624115660747 0.0037506279609014455
vn 0.84266388467571 0.5382172468599749 0.015484593818074193
vn 0.7966468967886345 0.6042720107974102 0.014458865926933191
vn 0.7463167205380388 0.66547935270349 -0.012189494275436412
vn 0.6822230876981953 0.7311394876151642 0.002590031153433637
vn 0.6122911473729621 0.790585505135782 0.008608711744617558
vn 0.5263502693725783 0.8502295172179977 0.008072297235903542
vn 0.42520506436787964 0.9050737288761868 0.006496039875354981
vn 0.33528461089946826 0.9419481483926884 0.01783018321773313
vn 0.2592061795308932 0.965739502486672 0.012624176400610702
vn 0.18446089589385511 0.9827628275295106 -0.012304580945235163
vn 0.09913739353825728 0.9949605255973166 0.015010986161875085
vn 0.0051270053530622205 0.9998960639310064 0.013474982426339745
vn -0.10796768133196007 0.99411844423809 0.008455685273233865
vn -0.21917223445310235 0.9756197117422111 0.011389016853052946
vn -0.3199718241176214 0.9473613932758314 0.011154474497596238
vn -0.4087790175354675 0.9126300643378861 -0.0024658648307877007
vn -0.46717284613011084 0.8841627520911202 -0.002399927779863737
vn -0.5340697160348594 0.8453602180611042 0.011646464447519812
vn -0.6016194124714315 0.7986160980514448 0.016322085363539195
vn -0.6837499820632711 0.7297113626253581 0.002699867389299911
vn -0.7416225182935795 0.6708169676483837 0.0007976684252563939
vn -0.998540460124017 0.05148924137278464 0.0163036044533658
vn -0.9926029246656523 0.1198475188062661 0.019390878813897026
vn -0.9773333505211016 0.21164276841873966 0.005182715046131052
vn -0.9560842313690421 0.2930919168566807 0.0002660840926813263
vn -0.9375046605349113 0.34797269528027647 0.00012171565469855437
vn -0.9184496787578246 0.39553453608738376 -0.0016181321908208357
vn -0.8900126877556455 0.4559338422954294 -0.0013217729376634704
vn -0.8493684330302015 0.5277794475284581 0.004703162592942449
vn -0.7925019841284942 0.6097951516803872 -0.009511999763116145
vn -0.999030093609057 0.04403262498964623 0
vn 0.9995772265464796 0.029075212843325753 -0.000012952343270310779
vn 0.9977077397056114 0.06767020477186497 -0.00009755846406473636
vn 0.9877975576933694 0.15574328591675166 0.00011792738216114886
vn 0.9746395449169832 0.2237805449004701 0.000158770477160182
vn 0.949351251831395 0.3142141702127854 0.001286811429101612
vn 0.9082945252589024 0.41830120703601203 -0.0050155335629022925
vn 0.8672619374631441 0.4978479394819477 -0.0020398483406116447
vn 0.8149856910409473 0.5793483842960597 0.012400524668530597
vn 0.7666106793663822 0.6419556118756697 -0.01417951560344916
vn 0.7153450660696613 0.6986204800176508 -0.014521065721886552
vn 0.6453377193629748 0.7638880233631404 -0.003783613319121798
vn 0.561128382322154 0.8277228539635547 -0.0031329824369630806
vn 0.46566007850845526 0.8849157343823632 -0.00921055514191594
vn 0.38332363675258313 0.9236110975522277 -0.0023515920443811507
vn 0.291548082201574 0.9564760023594614 0.0123843722104832
vn 0.21759246055201925 0.9759548201273602 -0.012872846658360972
vn 0.16053662963959517 0.9869603969181202 -0.011711765844058582
vn 0.07482427913248048 0.9970856651212505 0.014882999093528776
vn 0.0023720534503712883 0.999984740593414 -0.004989182573456148
vn -0.06652235400333431 0.9977807047435017 -0.0029054533925948023
vn -0.1731294266634948 0.9848689562671789 -0.007703285297022999
vn -0.27698499197402254 0.9608625254428669 -0.004745673893840515
vn -0.3779894700726031 0.9257605650180369 -0.00955702734733344
vn -0.46159075880872613 0.8869966708973795 -0.013072000587133101
vn -0.5285989110454234 0.8488714798327737 0.0006340095501284587
vn -0.569772416781644 0.8217078963606933 0.012471011718723227
vn -0.6320347821655038 0.7748607440853419 0.011084286558661297
vn -0.6880664480561601 0.7256179716818674 -0.00656675198803312
vn -0.7454059828215513 0.6664527155319527 -0.014515465336095493
vn -0.8175679633578758 0.5755066408154194 -0.01935798719409486
vn -0.8734549409851144 0.48680386648739515 -0.009922783964814169
vn -0.9147465770041583 0.40381517763353647 -0.013114959853952451
vn -0.9448878930589888 0.3273799774762251 -0.003036428528931204
vn -0.9661644941640847 0.2574458783436844 -0.015741344939586677
vn -0.9836013244711367 0.18035000429923403 -0.0015200157537936158
vn -0.9970749962410349 0.07622521924387296 0.0055828148960527894
vn -0.9987915897124193 0.04823707858151427 0.009409812413585888
vn -0.993554516604395 0.11271980969257767 0.01198611854923401
vn -0.9793019611845171 0.20239549298765014 -0.0019321590111654923
vn -0.9638547162589661 0.2664238474176506 -0.0015554653722472255
vn -0.9414544135497112 0.3371361802818898 0.001668278366049628
vn -0.9059798082849547 0.42309132038086433 0.013939928204029357
vn -0.8545430928537903 0.5191171187427333 0.01653842447518845
vn -0.7923562690544725 0.6096173054865567 0.02320094268314697
vn -0.719057116925348 0.6949229587034627 0.00624051807400864
vn -0.6387848323757 0.7693633516333257 0.005828472379972264
vn -0.5517377734517351 0.8339984237270209 0.005662028555768736
vn -0.4605698311679318 0.887586836708724 0.008064609063309271
vn -0.361351171067288 0.9323624601400791 0.011205984554648532
vn -0.2587682025416534 0.9658197822812772 0.01520412797591564
vn -0.14867074384268888 0.9887414902421254 0.01694920054288052
vn -0.05470562100749402 0.9984861830519198 0.005712905092211802
vn 0.022402027219500863 0.9997482716285635 -0.0012419952322239379
vn 0.09015025778294258 0.995910268650776 -0.005972253980554276
vn 0.17203772182541363 0.9850781625516323 -0.004902645512522404
vn 0.2515274897825154 0.9678501546453511 -0.000006056131988822417
vn 0.3208467581145227 0.9470098971101402 0.01515297273945378
vn 0.39916305767077404 0.9168582932561344 0.006302656453152323
vn 0.4838126681903036 0.8751694708587774 -0.0019233760284739089
vn 0.5400106416166068 0.8416572973373038 -0.0012250631355262334
vn 0.5900868167700464 0.8072305904451967 -0.013278649166720016
vn 0.6330480733028686 0.774112482253051 -0.00004132246352142689
vn 0.6889379127530448 0.7248130549101631 0.0032538904829392157
vn 0.7545343274165806 0.6560893857202517 0.01498888572346988
vn 0.8219734189882469 0.5694367719026977 0.010072799104861564
vn 0.8804038312146264 0.4741708118410881 0.007150886698240028
vn 0.921540661524524 0.38813339989058016 0.010736528597359409
vn 0.950163439759204 0.3117473475137361 -0.001740420382437568
vn 0.9666419104484306 0.2561302801043563 -0.000834612647980607
vn 0.9778497244319873 0.2093081032670723 0.00018529713318071812
vn 0.9888164674678785 0.1489129703720796 -0.008180520723633112
vn 0.997771983315317 0.06651555034647884 -0.005172124623767195
vn 0.9992623716647246 0.038401986602121255 0
vn -0.9990353753206437 0.04391262754539593 0
vn 0.9988400467704067 0.04599906190399104 -0.01423542312840157
vn 0.9941464529997872 0.10683495408899894 -0.016097284638826086
vn 0.9807292183521217 0.19502597968796065 -0.011621855152581417
vn 0.9615716251012774 0.27455293883412063 -0.0008328130858911636
vn 0.94407727578181 0.3297215480499093 -0.0013409339908729875
vn 0.9273015669013877 0.37431275086790805 -0.0013298721481970173
vn 0.8968134526531343 0.4423935713403021 -0.003682278796848493
vn 0.8509627030208988 0.5250365166196552 -0.014111494721115836
vn 0.7883922522483141 0.6151085546496898 -0.008895088060282167
vn 0.714392227626202 0.6997107099016167 -0.0069762136039890135
vn 0.6338564978857123 0.7731801546290394 -0.020454549026435436
vn 0.5463914936380566 0.8372948865613701 -0.0198395720255214
vn 0.4509218062934049 0.8924627951197946 -0.013404623682023633
vn 0.3671338330795383 0.9301615536324157 -0.0034975351972873765
vn 0.28862636819571885 0.9574417914726921 0.0001884773488963739
vn 0.21460994857163868 0.9765022296518586 -0.01964600364011465
vn 0.13023902705952153 0.9913343366304895 -0.017147269402924475
vn 0.02021755286609425 0.9995255512293272 -0.023236243151949724
vn -0.0918906277403273 0.9957506882547652 -0.006056349861928521
vn -0.19978697345851734 0.9798220868435945 -0.005817505457596791
vn -0.30509913287144397 0.9523047904546174 -0.005486820416234282
vn -0.40392484351160785 0.9147574695540308 -0.007968229993514878
vn -0.5008293949625149 0.8654777344233356 -0.010872366758496264
vn -0.5909901361104201 0.8065416353015546 -0.01487445949543053
vn -0.6775670828961988 0.7352694469779015 -0.016783578770525425
vn -0.7443917155631489 0.6677216673939875 -0.005361780818447954
vn -0.7936275056875612 0.6084030906130219 0.0010303148368222864
vn -0.8330619010803408 0.5531545461803085 0.005283654839745819
vn -0.881990326266991 0.4712233611446433 -0.00645044827835785
vn -0.9271616483943369 0.3745229600528542 -0.010189707549508719
vn -0.9614290426169363 0.2743497144667197 -0.019657827568450435
vn -0.9846230003710236 0.17464558522011123 -0.004057918615254799
vn -0.9972102454263584 0.07461759307530771 0.0019852507019942553
vn -0.9988207651522375 0.04709104370503156 0.011811549579525125
vn -0.9938804680466736 0.10954652917565388 0.014183553182907165
vn -0.9767385205203337 0.21397304710261705 0.014049827236335646
vn -0.9525392698732685 0.303961665943626 0.016620619304835844
vn -0.9272199716957176 0.37451502066030073 0.0012741226028126146
vn -0.8967683034710777 0.4424851398313219 0.0036757200737667496
vn -0.8508707295740143 0.5251831418989341 0.014201021771298061
vn -0.7882496610070358 0.6152915873002399 0.008873247423828274
vn -0.7142977781136276 0.69980818685686 0.006869191367894268
vn -0.6335599938521631 0.7736655972089185 0.006578592966151231
vn -0.5460367319305157 0.8377368032925332 0.006398108458734921
vn -0.45079923724534054 0.8925236075079241 0.013478046596591936
vn -0.36702888104071846 0.9302034695324369 0.0033624026848011646
vn -0.2884349505179244 0.9574994379132964 -0.0003251391149628774
vn -0.23260546779614794 0.972571175728938 0.0000670266077599854
vn -0.18525764259350092 0.9826897932754541 0.0006132315582743672
vn -0.11196265523173889 0.993701292788726 0.004701546923462502
vn -0.02016195528528732 0.999524921083782 0.02331153558934459
vn 0.09199395105432179 0.9957427463319339 0.00578758125236079
vn 0.19953690907558574 0.9796946859978246 0.01957917628975689
vn 0.3047616507176289 0.9522320707514118 0.019349927243897547
vn 0.40396276895199923 0.9147398648191528 0.008066040619256571
vn 0.5009050478086056 0.8654325792457013 0.01098106825366609
vn 0.5911233321789974 0.806443140712225 0.014922029077884338
vn 0.677698434981755 0.735152365493881 0.016608152577321168
vn 0.7562474575262743 0.6540769905975441 0.016524931343459934
vn 0.8231290514809342 0.567372675296685 0.023384010237340738
vn 0.8817107066052193 0.47134908951657367 0.020402589777329606
vn 0.9272127839065692 0.3744013942484313 0.010002466948722281
vn 0.9617590072632388 0.27383776828506945 0.005699877953252034
vn 0.98463795147798 0.17455969321594203 0.004125289517517529
vn 0.9972116266544381 0.07460045006180183 -0.0019350751371834398
vn 0.9990342036069076 0.043939276547436935 0
vn -0.9991486118935993 0.04125592504227518 0
vn 0.9987918501218604 0.048241453980938875 -0.009359607254362152
vn 0.9935617326092315 0.11266678434709589 -0.011886092689651719
vn 0.975792774967716 0.21828665048436688 -0.013393974060015353
vn 0.9475438764793169 0.3193344233099353 -0.01364288224166234
vn 0.9132334926999395 0.40743659771274116 -0.00008158023907165688
vn 0.8826003758828272 0.4701239811636636 0.00013720903508011013
vn 0.8544879833499118 0.5192917158149956 0.013652845729691476
vn 0.8222677205828505 0.569099909626564 0.0010433362450770847
vn 0.7819137025102224 0.6233639755294471 0.005321262902586358
vn 0.7191305944878441 0.6948449197567523 -0.006459532474745775
vn 0.6389041362624389 0.7692634842169683 -0.005932665262511774
vn 0.5518234363208462 0.8339420543525872 -0.005616503292918364
vn 0.460594461641491 0.8875745272285968 -0.008012522706247582
vn 0.3758217164068029 0.9266780781880289 0.005077093931156531
vn 0.31845097987617077 0.9479175583902533 0.006424633169860705
vn 0.25548999903480185 0.9667135250739326 0.013777548124691728
vn 0.20695134558807463 0.978350678215214 0.0010445071162964274
vn 0.13016001723606135 0.9914730071971593 -0.006296500022222878
vn 0.054771988134511417 0.9984813664371157 -0.005915250938309762
vn -0.02239384194758284 0.9997482590502692 0.0013908158693677816
vn -0.09009138289204292 0.9959137808576165 0.0062676811092265625
vn -0.1713980448206495 0.9851384827239708 -0.011174975971857183
vn -0.25146141216343815 0.9678672981899468 -0.0002264669126113787
vn -0.32082131871341296 0.947013627375334 -0.01545545290176884
vn -0.3991150781037616 0.9168783254033844 -0.0064257945589522155
vn -0.4978865804405505 0.8671434732983657 -0.013082420772226216
vn -0.5885495555507736 0.8082951323815372 -0.016382906619412493
vn -0.6754145731930504 0.7372608304534434 -0.016174739489352122
vn -0.7544368557376112 0.6562002942403022 -0.015040097861635763
vn -0.8218643690033036 0.5695953386272414 -0.010005457356863366
vn -0.8803696324027206 0.4742356395720734 -0.007061763431674176
vn -0.9215096131018282 0.3882060007043829 -0.010776547593145058
vn -0.9469709703171482 0.32131515952034945 0.0015967589082504687
vn -0.9676231626160009 0.25235226448514964 0.004873374418734489
vn -0.9856954465335953 0.16847266681332337 -0.0046311143090033745
vn -0.9975066698020623 0.07049618602729042 0.0032758901088720746
vn -0.6560966567930782 -0.01586048724809559 -0.7545101867365334
vn -0.5567294516017466 -0.04977662256491669 -0.8292011852169826
vn -0.501840417647028 -0.09388984833892802 -0.8598493423819952
vn -0.4870813901718407 -0.14799368730108173 -0.8607261979673306
vn -0.4672035598436508 -0.18864512538524428 -0.8637903972248161
vn -0.4486046359632949 -0.2209473513963795 -0.8659885383208975
vn -0.4318471795828595 -0.25072431255830463 -0.8663979066101758
vn -0.4119280317828576 -0.2933351425390228 -0.8627107225386225
vn -0.3788547532842521 -0.33518582732643093 -0.8626236358189036
vn -0.34031954363713 -0.372725069041191 -0.8632836330701833
vn -0.2972641066231307 -0.40588117670132945 -0.8642305949878748
vn -0.25130918282147885 -0.4355775655013346 -0.8643586518694256
vn -0.2035745100992265 -0.46042135735705764 -0.8640425872185609
vn -0.1538885857608907 -0.4775163909309642 -0.865041270440191
vn -0.10292869037521134 -0.4917479444143216 -0.8646326641192392
vn -0.05034208599772943 -0.5005697537907693 -0.86423121672805
vn 0.0007649945802651036 -0.5027008582086554 -0.8644600985236819
vn 0.05148666057149386 -0.5010075644707611 -0.8639100324259883
vn 0.10025923853274672 -0.4940089659343668 -0.863656891748854
vn 0.1582182966910522 -0.4760352144570088 -0.8650765545251192
vn 0.21140731510251204 -0.45393358886227797 -0.865593001371753
vn 0.2542271605803672 -0.4332915828436389 -0.8646542401793321
vn 0.29345771945837124 -0.40781087066122723 -0.8646229586709014
vn 0.32882168828497166 -0.3774535351001766 -0.8656818850789247
vn 0.36073419274228385 -0.34705629774045826 -0.8656920748079303
vn 0.38646686659594015 -0.31832170966219103 -0.8656296264461237
vn 0.4108441739941555 -0.2891227581751682 -0.8646473821161105
vn 0.43251837354120887 -0.2542078855009745 -0.8650469394769227
vn 0.4574063556603305 -0.20699935278248713 -0.864829864047933
vn 0.4727590098817247 -0.16449277154238492 -0.8657026317887432
vn 0.48298769756334453 -0.13064736010740924 -0.8658257049195434
vn 0.4902484325588961 -0.09928452783550493 -0.8659093814632258
vn 0.4977373433685553 -0.0671265118921077 -0.8647262968232269
vn 0.4994616652055257 -0.03194344508082865 -0.8657468806218661
vn 0.5009826445991119 0.00575917496340087 -0.8654381674702248
vn 0.49982424038830053 0.047081532376673826 -0.8648462626555788
vn 0.491639004940807 0.09836652612483869 -0.8652254708218805
vn 0.4788593574517875 0.14898618821325058 -0.865157113767521
vn 0.46165349757485696 0.19241787358997678 -0.865939611116164
vn 0.44836538381266494 0.22171385265430002 -0.8659165376291811
vn 0.4316774553915211 0.2529087929792042 -0.8658473981831343
vn 0.40751472960021745 0.29235768924037936 -0.8651350915902599
vn 0.3757481813310131 0.33278873033844003 -0.8649074893803183
vn 0.33632180292925645 0.37152496199215973 -0.8653651526905498
vn 0.29575178670646013 0.403890678133658 -0.8656807730200956
vn 0.26749803913672804 0.4234143682417766 -0.8655432235448574
vn 0.2347712591045625 0.43990696868010337 -0.8668127334119758
vn 0.20040141606876866 0.46054239369820743 -0.8647195938825243
vn 0.1641701803475284 0.4746244681489036 -0.8647426010779337
vn 0.12035076852877766 0.4862814757853208 -0.8654744472383822
vn 0.06717695970363448 0.49620654658232133 -0.8656017093408623
vn 0.024285651845961254 0.5004445335539252 -0.8654279149359645
vn -0.02144886714629064 0.49843641536424405 -0.8666608828930631
vn -0.036250897119114625 0.4997499337754825 -0.8654108135154425
vn -0.027026841337249516 0.49739238473117253 -0.8671045873819194
vn 0.0021602474776715617 0.4984180177102605 -0.8669341456838633
vn 0.04909959541137891 0.49784637568990825 -0.8658742494975016
vn 0.10154064088683408 0.4895594460973292 -0.8660375551817411
vn 0.14406597531317017 0.47970848999312493 -0.8655199358683663
vn 0.18760418959192146 0.46569258141648173 -0.8648324043774099
vn 0.2228878113237222 0.4457749073917159 -0.8669519914639032
vn 0.2635030420583878 0.42302622944003276 -0.8669572976979455
vn 0.31130742361648295 0.3900388693927115 -0.8665779643887346
vn 0.3510742837008239 0.3545653576008032 -0.8666200173740324
vn 0.3890412211307895 0.3129634010968199 -0.8664299382148423
vn 0.4189839381049905 0.2700568449147133 -0.8669035471866198
vn 0.44474510473958134 0.22273631952597925 -0.8675196388406431
vn 0.4671143827204424 0.17377894885320846 -0.8669515732676041
vn 0.4833306060472443 0.12213856692340458 -0.8668758248606894
vn 0.49363644563918563 0.07159186704263983 -0.8667165996506934
vn 0.4994626720399126 0.021274188870454232 -0.8660741585607176
vn 0.4987749527107042 -0.01675999746811701 -0.8665694715562644
vn 0.4977883369890794 -0.05027869314827944 -0.865839953208991
vn 0.49239051162689107 -0.08886861768782817 -0.8658255903183175
vn 0.4796011333426091 -0.1325864164175399 -0.8674120099918143
vn 0.4644017331235203 -0.18250732562794192 -0.8666153162528385
vn 0.4420300855867852 -0.23167373940972513 -0.8665660285887361
vn 0.41957783536287857 -0.271839587826115 -0.8660587038779352
vn 0.39526540835008456 -0.30590803045637416 -0.866132515186991
vn 0.370942350605173 -0.3333567050555703 -0.8667612587800647
vn 0.3426115867277392 -0.36288339497049843 -0.866563870868493
vn 0.3104495071738781 -0.391269411030791 -0.8663309711000259
vn 0.27461450778033364 -0.4209030489817955 -0.8645388918229147
vn 0.23416882357913124 -0.4422480985342207 -0.8657837959943765
vn 0.19258795304433515 -0.4608181625478537 -0.8663466404437733
vn 0.16069422800763053 -0.47271830250964525 -0.8664379790599158
vn 0.12506997907795295 -0.4877655035860152 -0.8639689310646079
vn 0.09114565810929666 -0.4936064839674834 -0.8648960099301429
vn 0.07009882629402456 -0.49857393970427144 -0.8640082066739654
vn 0.023000275953555093 -0.49940136590416545 -0.8660653918955048
vn -0.021765171019980115 -0.49886898125621826 -0.8664040725151597
vn -0.07396558032857604 -0.49288759340051475 -0.8669434313716816
vn -0.12618774554232143 -0.48067159902727036 -0.8677738569255894
vn -0.17536786217452016 -0.464911819003688 -0.8678151378415916
vn -0.22569663695552541 -0.4425128673429415 -0.8678959559203477
vn -0.27210730930917937 -0.4145034049510868 -0.8684149581303132
vn -0.3156359191802294 -0.3827963764697637 -0.8682401169520276
vn -0.3563124036747634 -0.3469556662875969 -0.8675616615655871
vn -0.39045842936923475 -0.30677860546991514 -0.8680029390275382
vn -0.4188362538350473 -0.2630930467772739 -0.8691134800535975
vn -0.4374800403812426 -0.2141817847010452 -0.8733483711385173
vn -0.46250686893028414 -0.16552183333931375 -0.8710280815681531
vn -0.4674845874603093 -0.11179658628721727 -0.8769034632053798
vn -0.4817290158369082 -0.06706543806175085 -0.8737501830147959
vn -0.5439203903436926 -0.02612571196405955 -0.8387300257786984
vn 0.3004888351844995 -0.20773639170077385 0.930887775992684
vn 0.38477880311724716 -0.23468205667644793 0.892675531727946
vn 0.44363520966447734 -0.21793844501937934 0.8693046847501114
vn 0.46125345049223454 -0.17178345705346132 0.8704801538758762
vn 0.47619031173994886 -0.11598282622661724 0.8716597794010554
vn 0.48399695392512754 -0.07649704011757015 0.8717196518631715
vn 0.5063345383937092 -0.03748957776991364 0.861521831869781
vn 0.5002830601477447 -0.011949652750741243 0.8657794554783249
vn 0.49951926602359537 0.012129076002130139 0.8662178642735227
vn 0.494808026193976 0.05755257326869782 0.867094411540158
vn 0.4858255303903637 0.10495278061136004 0.8677317948899106
vn 0.4719622384980531 0.15776339012181362 0.8673882395843162
vn 0.4510546850621973 0.2073454972758081 0.8680769066407018
vn 0.42358146529823326 0.25414753807438784 0.8694755724840861
vn 0.39590425202936463 0.29967189519179127 0.8680187661895503
vn 0.36265676361724475 0.3413000026634166 0.8671760951413603
vn 0.3234800614270613 0.37787707681009947 0.8675076741335483
vn 0.28193363859057063 0.4109357044834133 0.8669747806088723
vn 0.23576014814060473 0.43830817157141866 0.8673540795329437
vn 0.1861868509581169 0.4598483763194777 0.8682591360455932
vn 0.13685589892972047 0.4790422272834514 0.8670576724805843
vn 0.08537219258535769 0.49209519031947274 0.8663451462307679
vn 0.03137446956963243 0.4977259662922758 0.8667666959093691
vn -0.014775390953028551 0.49964383975851423 0.8661049135142656
vn -0.06025091497836885 0.4961458394480876 0.8661461385024019
vn -0.0815916671316002 0.49328867439436164 0.8660306481695319
vn -0.08174422222468336 0.4933246873110045 0.8659957476930134
vn 0.35907942890616656 -0.24030587635250403 0.9018398136736235
vn 0.45179521790647165 -0.25221127133845084 0.8557280851337568
vn 0.4656944992887196 -0.2073149139328624 0.8603192197046622
vn 0.4816826382077436 -0.15800626897893982 0.86198367444667
vn 0.4896003119821663 -0.12485303270154648 0.8629619080424071
vn 0.4801988823580637 -0.08725488792613222 0.8728090386304812
vn 0.506311896054578 -0.049999855714649405 0.8608996912196754
vn 0.5060692920261103 -0.016523543401375834 0.8623345314793177
vn 0.5000748659369914 0.02205332938444755 0.8657013221204881
vn 0.4964010505943766 0.05621182273686834 0.8662714516555409
vn 0.49199059249834215 0.08668217745327284 0.8662744697871971
vn 0.481818938260934 0.13933637566020854 0.8651218903431951
vn 0.46583391979147915 0.18838040030452327 0.8645875224364583
vn 0.4439064454855396 0.22899813395680207 0.8663180260739679
vn 0.4254264089747238 0.26156299410216466 0.8663701118247226
vn 0.40802458645642264 0.2867861440508168 0.8667581233697953
vn 0.3822396795710459 0.3262313987807866 0.8645611035727641
vn 0.34717202195480806 0.36384615311409485 0.8643422725031357
vn 0.3053705096105993 0.39919981358620754 0.8645162582004459
vn 0.2630487415274196 0.4281038397388699 0.8645995963344402
vn 0.22074837576976136 0.4481897271760294 0.8662540753433073
vn 0.19238715967844458 0.4617222154454362 0.8659097970083367
vn 0.15754908151980812 0.47439532956238967 0.8660989309551516
vn 0.11415465546015069 0.48890291248521583 0.8648367804390883
vn 0.064444517783947 0.4976773719414424 0.8649648186978786
vn 0.009329052012701905 0.5011601610314315 0.8653042596587017
vn -0.031240270407675422 0.5005576749312516 0.8651393295719912
vn -0.07236207181783258 0.49498315997159115 0.8658841734936429
vn 0.4991731196383002 -0.01729021645452871 -0.8663297553735083
vn 0.49713941591470473 0.03614682644799874 -0.866917417105992
vn 0.49010912146329666 0.09179085598423208 -0.8668145636848503
vn 0.4771784677189426 0.14406502648996 -0.866917515158074
vn 0.4615953035872004 0.1889228848335095 -0.866739822145276
vn 0.44860692752134984 0.22183766436807717 -0.8657597098777297
vn 0.4325464434533172 0.2516668179676616 -0.8657755985184141
vn 0.40433674863038666 0.2894767509374115 -0.8675914962548488
vn 0.3727471449689404 0.3311292159350526 -0.8668408206076482
vn 0.3341053663489853 0.3711272112544247 -0.8663937887839017
vn 0.2927166859986847 0.4044146891640148 -0.8664673686448443
vn 0.2543199425106661 0.4305521359366274 -0.8659943562643924
vn 0.21899312120806316 0.44954385093503746 -0.8659978862272398
vn 0.1861303244170492 0.46211849265346633 -0.8670651654172784
vn 0.141187530842189 0.4780753454918528 -0.8668967903779153
vn 0.1081380479725347 0.4886514879284763 -0.8657516306227646
vn 0.06810888613578508 0.4956201289853927 -0.8658648089475892
vn 0.022302740815706924 0.4993603742922014 -0.8661072706881405
vn -0.029349275285462505 0.4985878229355754 -0.8663421973219252
vn -0.0852839326587545 0.4920497397539092 -0.8663796537536921
vn -0.13563698827141552 0.48013226248925617 -0.866646189589274
vn -0.1746278454487643 0.46710966356014877 -0.8667835241873529
vn -0.20915227007356127 0.45414716806645933 -0.8660286817769323
vn -0.24448497394507013 0.4345561826639435 -0.8668264080100583
vn -0.28388387818324035 0.4097405497242848 -0.8669040463738095
vn -0.3255340725624215 0.3781723047956275 -0.8666102211989466
vn -0.365285254884043 0.3390941687822048 -0.8669381911429473
vn -0.39909612173509407 0.29943066115917016 -0.8666392356533306
vn -0.42908050609285664 0.2545655608411708 -0.8666523492870242
vn -0.45009262447681875 0.21462044633853178 -0.8668071835218135
vn -0.4669600908508978 0.18076301667184036 -0.8656055714678696
vn -0.4774667082650459 0.1509312409627438 -0.8655895695998119
vn -0.4878875987945603 0.1109404655852608 -0.865827872061303
vn -0.49675907590703905 0.06355824181532285 -0.8655580687633438
vn -0.5000315822541884 0.015058160512343235 -0.8658762432070516
vn 0.4930518651259237 -0.075537742466512 -0.866714432647173
vn 0.4798316530991286 -0.13180152724263983 -0.8674041400066437
vn 0.4649535748310538 -0.17838806039502 -0.867176956082394
vn 0.4465923799701326 -0.22364395327677966 -0.866336325173628
vn 0.4258845507847948 -0.26219720013775966 -0.8659532190844682
vn 0.4010880527005777 -0.3018137765599475 -0.8648912175872067
vn 0.3731259398017479 -0.33001840047413944 -0.8671014291278459
vn 0.34868172690146965 -0.3558766931606627 -0.8670483450131488
vn 0.32562613379128924 -0.3825173663313565 -0.8646664590737055
vn 0.29717794529367475 -0.402184760952661 -0.8659865396693419
vn 0.27383544833310247 -0.4182837871762108 -0.8660558992476959
vn 0.24016528239063947 -0.43850833921622157 -0.8660433439338099
vn 0.1975574519330174 -0.4581357002766703 -0.8666502947081587
vn 0.14639795917469167 -0.4761177469616423 -0.8671098711107231
vn 0.09298745646695745 -0.48962438653784784 -0.8669609524351383
vn 0.040180362100451096 -0.4976656653126608 -0.866437778533683
vn -0.01821245820713984 -0.4985086644035221 -0.8666933816988969
vn -0.0711480963819197 -0.4930686574128578 -0.8670762639227941
vn -0.10980632135168959 -0.48799556400588956 -0.8659116013207026
vn -0.1546452818413242 -0.4784365382724828 -0.8643976605995993
vn -0.18994635855553496 -0.46246336156966283 -0.866053127745163
vn -0.21962347298407814 -0.448134206987583 -0.8665686716250607
vn -0.2827030717344988 -0.41051894412092094 -0.8669216629832958
vn -0.3243601282413612 -0.3792235506778932 -0.866591025696954
vn -0.3597114365376364 -0.3446249645820217 -0.8670878365026639
vn -0.39426182761650586 -0.30571153031922654 -0.8666591437897423
vn -0.4272147497199535 -0.25881702193293254 -0.8663147850403372
vn -0.45135046553284125 -0.21287071007547834 -0.8665845706307314
vn -0.4717839653271551 -0.1625239698360384 -0.8666059365645498
vn -0.48541252641722366 -0.11940978926320776 -0.8660923631030147
vn -0.4933146237351272 -0.08432912824870094 -0.8657535908893962
vn -0.49687631598023657 -0.05288879805334434 -0.8662082322734995
vn -0.5005802009591529 -0.01081588325728513 -0.8656225962144581
vn -0.49855687425714895 0.02738352821667086 -0.8664243680283631
vn 0.4973201089158391 -0.027249015503322576 -0.8671390894326224
vn 0.49792449353793694 0.02846939227929581 -0.8667529592901524
vn 0.4937587306935616 0.0746441993930853 -0.8663893809141754
vn 0.4864554248658453 0.11585380509177227 -0.8659901936305904
vn 0.4754188058524809 0.14948187761429835 -0.866967200825213
vn 0.45786472060915184 0.1976444972016323 -0.8667736442390349
vn 0.4298638192304041 0.2530357888836789 -0.8667121704814493
vn 0.4001790597406521 0.2994037579247745 -0.8661490113632934
vn 0.3668131007261566 0.33885315735185745 -0.8663871460775142
vn 0.33415615970551327 0.3732690857171532 -0.8654535519476155
vn 0.31116610949096785 0.3928280197915579 -0.8653680137206935
vn 0.27808740411706473 0.41385900493057015 -0.8668264645875265
vn 0.24634168275015159 0.4357851906020085 -0.8656829922043028
vn 0.21736210547145055 0.4508876494735973 -0.8657101377812279
vn 0.1838913155856896 0.4658866931604125 -0.8655250274765137
vn 0.13854832583385746 0.47877855831630106 -0.8669345151193367
vn 0.08790005830197534 0.4911295223991431 -0.8666402783038063
vn 0.03241353060341296 0.49748267969323423 -0.8668681251719093
vn -0.01938944078988476 0.4968663637540492 -0.8676104345590161
vn -0.06609234310874149 0.4956623388590549 -0.8659969099362697
vn -0.1053489421535009 0.4887332203746555 -0.8660493286697685
vn -0.1409922395161969 0.47873222963245404 -0.8665660048186444
vn -0.17976107125413984 0.4658447613437816 -0.8664148057311343
vn -0.23578039436671408 0.4408150134109212 -0.8660772076344038
vn -0.28952563054973557 0.4072270725993114 -0.8662222697419947
vn -0.32502683154399 0.3773360750588141 -0.8671649469597372
vn -0.35428759737649834 0.35077259223682894 -0.8668557474462769
vn -0.38282108781027513 0.3249173204610284 -0.8647986757576488
vn -0.4081260692991074 0.28640905942271794 -0.8668350259646032
vn -0.43252114115269136 0.24937865515000676 -0.8664500844316122
vn -0.456871362289543 0.20099414961995632 -0.8665275010859425
vn -0.47478217862485056 0.15241216436403318 -0.8668058692776089
vn -0.48868299244759805 0.10516353105216902 -0.8661002047275479
vn -0.4951715512032255 0.06332051063506826 -0.8664846494958266
vn 0.4922916925457599 -0.08103633731698111 -0.8666498724886996
vn 0.48090273329811956 -0.13472154789172022 -0.8663617406372793
vn 0.46371504580986694 -0.1841102835203613 -0.8666439636849755
vn 0.4470148575505246 -0.22057519324694422 -0.8669050128204113
vn 0.43172851484466024 -0.25303274556949484 -0.8657857235711311
vn 0.4163507888742384 -0.2802476631736993 -0.8649354125537237
vn 0.3969796541920288 -0.3055655615111702 -0.8654691454788787
vn 0.37799622930435856 -0.3293437600653731 -0.8652465188243689
vn 0.34247023154462014 -0.3632071346707526 -0.8664841128549535
vn 0.30958080980158603 -0.3929412452337517 -0.8658850385569338
vn 0.27205316168036203 -0.4217883791567332 -0.8649171292257165
vn 0.23647262315365183 -0.43848103580321895 -0.8670727072972412
vn 0.21123279875492465 -0.45131233856620534 -0.8670051198165237
vn 0.17620222773003597 -0.4702546134593559 -0.8647620328524862
vn 0.1341120452666105 -0.47970557247788026 -0.8671196705461571
vn 0.08996865204787058 -0.49077785295898263 -0.8666272212974044
vn 0.032623473185776866 -0.49845560821246687 -0.8663011691316344
vn -0.019924676434814673 -0.4995885886941546 -0.8660336305915325
vn -0.07161525846391173 -0.49438090578408656 -0.8662902370171636
vn -0.1178096335346521 -0.48391420718835565 -0.8671493125913761
vn -0.1684488055666926 -0.46945118836579086 -0.8667413579869726
vn -0.21571566751719443 -0.44882751732977466 -0.8671912190948441
vn -0.2632905268266213 -0.4230344035138324 -0.8670178728994322
vn -0.3112491375381125 -0.3896064467955409 -0.8667933957969076
vn -0.35132453086933396 -0.35403183345827616 -0.8667367160260454
vn -0.3798528580272681 -0.32315680117610773 -0.8667649555110899
vn -0.40349265092951697 -0.29581587890800115 -0.8658444701167513
vn -0.424246690513487 -0.2617841610967389 -0.8668816520074872
vn -0.4464718763737866 -0.22219401917889564 -0.866771412454517
vn -0.4681259581147779 -0.17254055628945864 -0.8666532430992487
vn -0.48331299834971664 -0.12048511309512129 -0.8671169950754412
vn -0.4944473360492931 -0.07093337715949719 -0.8663084253766127
vn -0.49974592019573266 -0.019890203474753804 -0.8659436442710654
vn -0.5005094548693592 0.025862938515034593 -0.8653446677467568
vn 0.4983219986932527 -0.035726520350668874 -0.8662556212585263
vn 0.5000162154528488 0.005481995209299381 -0.865998690537541
vn 0.49886526956713784 0.03386456099264083 -0.8660176870760103
vn 0.49749132708987764 0.06836368849885716 -0.8647709439875877
vn 0.4884388718685231 0.10370463822403835 -0.8664137674683071
vn 0.48039973953112086 0.1370519731072664 -0.8662752720272213
vn 0.4619890324690139 0.1907845385187259 -0.8661220432136232
vn 0.4343704118039957 0.2474624590251088 -0.8660742905331351
vn 0.41395627070004143 0.28236680280026805 -0.8653953978526051
vn 0.3907641111468342 0.3152699719376042 -0.8648168905809408
vn 0.36161501281432745 0.3430473309544624 -0.8669216292331813
vn 0.32801550227489445 0.37520443936453574 -0.8669645084710752
vn 0.28402268119308405 0.4110049792364068 -0.8662597899076078
vn 0.2363395326427468 0.4392252142880899 -0.8667322749521847
vn 0.18908391486609424 0.46201254924783747 -0.8664823584334689
vn 0.1447134938872433 0.4792636125822869 -0.8656583589046678
vn 0.11333406722361432 0.48757439876610964 -0.8656942848803034
vn 0.07693153652649355 0.4927008769114193 -0.866791430840425
vn 0.04357234470123187 0.49653864835992095 -0.8669203085994353
vn 0.007312798872085968 0.5001321434629912 -0.8659182190298172
vn -0.031849566918026935 0.4992368232402844 -0.8658800144408481
vn -0.07846005277967283 0.49276778208833383 -0.8666163701739977
vn -0.12937045429927502 0.48136637852262193 -0.8669196590125379
vn -0.18249617739810503 0.46458849878107444 -0.8665175543723435
vn -0.23412904923188144 0.4399235115109063 -0.8669780229773353
vn -0.2732912286189723 0.41731327530456164 -0.8666957566611894
vn -0.30959951199901264 0.3953131350770221 -0.8647980500703902
vn -0.33570848956070715 0.3704163924514821 -0.8660782333254301
vn -0.3611337551610901 0.3457714029896799 -0.8660395763230444
vn -0.40151050222653384 0.2978210414787914 -0.8660784859666498
vn -0.436959481400279 0.24495701834996342 -0.8654839517723566
vn -0.4511632658682017 0.2182811069698902 -0.865335233231109
vn -0.4681082629183876 0.18151196694977567 -0.8648283413727567
vn -0.477646612622246 0.1425068806212009 -0.8669172408172011
vn -0.4893070423107959 0.10201805754405964 -0.8661240871145415
vn -0.49669149438531346 0.06449805934836886 -0.8655273304440354
vn 0.49172696937555144 -0.08207338381163787 -0.8668728553014236
vn 0.4800255949351709 -0.13462399099666408 -0.8668632010042101
vn 0.46388477662457733 -0.18574047319029216 -0.866205166594504
vn 0.44001661448692914 -0.23488349527979732 -0.8667266712295212
vn 0.4120379426739023 -0.278408440562386 -0.8675906142995543
vn 0.3779491175973138 -0.325523494798303 -0.8667115545795562
vn 0.33921633212153285 -0.36464707182825185 -0.8671590356036749
vn 0.31038051321081284 -0.3922710054634535 -0.8659026476987375
vn 0.2729625497126266 -0.4212568546193517 -0.8648896512796256
vn 0.23874643460928446 -0.4398626092027946 -0.8657488232661158
vn 0.20948506764875233 -0.45339226448168773 -0.8663437314024758
vn 0.1559988601693594 -0.47556142341950164 -0.8657399656831594
vn 0.11802944472825903 -0.4858159692846095 -0.8660553643764318
vn 0.07888884720602092 -0.49386250210291016 -0.8659540281118612
vn 0.03695339608452085 -0.49651514125877655 -0.8672411204610849
vn -0.014693719670952551 -0.49816582746193244 -0.8669572670849468
vn -0.07358634583640622 -0.49400902544629566 -0.8663371932937234
vn -0.12458598698892535 -0.48313632937679823 -0.8666358053313451
vn -0.174826036812254 -0.4678828607842386 -0.8663264312237492
vn -0.21143347329422346 -0.451500213688214 -0.866858375635973
vn -0.2447165684877403 -0.4360321737129106 -0.8660194828032332
vn -0.2736607199592824 -0.42076841083552374 -0.8649067896567324
vn -0.29511248588391414 -0.4038958484215438 -0.8658965090028127
vn -0.322375215684548 -0.3799378364794979 -0.8670187199383985
vn -0.3572937298156709 -0.34752887954481587 -0.8669284102604615
vn -0.3894530612542566 -0.3140004041931741 -0.8658695393915943
vn -0.41894187647482745 -0.27663137930491 -0.8648484168451795
vn -0.4361922738645981 -0.2442153541951579 -0.8660803432685475
vn -0.45163650091213237 -0.21492472657710926 -0.8659283070494926
vn -0.46902596983629935 -0.17358791840405532 -0.8659572011382929
vn -0.48151162279497906 -0.13524615768203793 -0.8659417035491426
vn -0.4885436345047407 -0.10775851565474123 -0.865859815148379
vn -0.4961756637109619 -0.07698324868025455 -0.8648024573066503
vn -0.49965198057277566 -0.042295609693245965 -0.8651930303177318
vn -0.5018921658123161 -0.017938793290420495 -0.8647441549912356
vn -0.5000582996448941 0.030206784986680203 -0.8654647578596288
vn -0.0717216521544556 0.4917764766164568 -0.8677625836937998
vn -0.09978131655088318 0.4885438834327153 -0.8668151837778649
vn -0.13728852660685842 0.4810444446371046 -0.8658799586235367
vn -0.1644278715465482 0.4723639346709578 -0.8659305909141003
vn -0.19100235080957187 0.4621924978152564 -0.8659654709909117
vn -0.22750520361425625 0.4453585676416484 -0.8659660088921594
vn -0.26589268227202817 0.42192637573235575 -0.8667636442396193
vn -0.3089780009310172 0.39208508754594157 -0.866488245197108
vn -0.3458598613723505 0.3618972363835413 -0.8656854778667906
vn -0.36869612822056264 0.33852929323018055 -0.8657142037995222
vn -0.39339569099844585 0.3090379229396196 -0.8658726190895639
vn -0.4182306456915604 0.2711103810425138 -0.8669384570402929
vn -0.4421193543652619 0.23062261646684104 -0.8668008336807436
vn -0.46007535813898087 0.1975495111110821 -0.865623968876244
vn -0.4717122107529915 0.16793768425432357 -0.8656122252104694
vn -0.48386456236666586 0.12549498333399775 -0.8660982013857982
vn -0.4938407030357842 0.07566698772482472 -0.86625392754883
vn -0.07382073186750539 0.4981759741632345 -0.8639277737826573
vn -0.09476851660941316 0.49352651777240586 -0.8645521988376957
vn -0.1276131431230756 0.48395157235912584 -0.8657400079200332
vn -0.15443977252206165 0.47614403136686234 -0.8656992653670478
vn -0.1808053722962343 0.4668388718547599 -0.8656621079117391
vn -0.21479713460892924 0.4529691540424131 -0.8652636225162215
vn -0.24828864372061393 0.43523391622034374 -0.8654040602925785
vn -0.2929793652202444 0.40660811246865103 -0.8653513358340783
vn -0.33372623074408597 0.3749121466412908 -0.8649090618175787
vn -0.373645156916177 0.33687752511804236 -0.8642354018341463
vn -0.4053936990304064 0.2951988346517491 -0.8651668028806314
vn -0.42994455042417673 0.2556916209348885 -0.8658923019315057
vn -0.4456254972494496 0.22754315218878884 -0.865818705095455
vn -0.46240486478767584 0.19512375676120566 -0.8649326335432634
vn -0.47828210685858136 0.151922885687115 -0.8649657005126945
vn -0.4912365519322293 0.1040265590299718 -0.8647919547857266
vn -0.49966297519845515 0.051780955004659124 -0.8646708298044022
vn -0.5029369080464523 0.0020184361246699447 -0.8643207694139283
vn -0.5004809551224911 -0.048588660123413153 -0.8643829913106171
vn -0.49376790066081866 -0.09187726179012946 -0.8647264475213858
vn -0.4843009895081943 -0.12571312193146858 -0.865822592992137
vn -0.47409621512570543 -0.16114644920894186 -0.8656007166764772
vn -0.45992713856419637 -0.19831998512492158 -0.8655265511306984
vn -0.43629879731967075 -0.24758780554508583 -0.8650685741620588
vn -0.4069153598616319 -0.2953832398254214 -0.864389166717698
vn -0.37657958154435633 -0.33130025762753207 -0.8651173088430311
vn -0.34253838229052985 -0.3641661955971353 -0.8660545240584426
vn -0.316080055242912 -0.38778011967943066 -0.8658637176017046
vn -0.29003804316732645 -0.4092034016076731 -0.8651187835369069
vn -0.2626403587982831 -0.4279747336318304 -0.8647876440508807
vn -0.23084102015351507 -0.44436036470812756 -0.8655959159393859
vn -0.19397856688960533 -0.46212665184855506 -0.8653388199073813
vn -0.15376460928141114 -0.477706682440138 -0.8649582478273573
vn -0.10117721366631743 -0.49158774878489764 -0.8649304345895783
vn -0.05127109851035058 -0.49913977518563873 -0.8650033290601672
vn -0.013124352337777277 -0.500954628630013 -0.8653740297870509
vn 0.017894714762587093 -0.49769880510672754 -0.8671653121400218
vn 0.06446097144296763 -0.49653754394385174 -0.8656184209077558
vn 0.09471980636876627 -0.4925395628702219 -0.8651201866151745
vn 0.13836494241209382 -0.48056379492129814 -0.8659755087311295
vn 0.16345257807146207 -0.4695205318648637 -0.8676599131451954
vn 0.20432090487236304 -0.45803138003859534 -0.8651359562127091
vn 0.24425108577730686 -0.4380404325691556 -0.8651369755889722
vn 0.2929452706804662 -0.40833703367925506 -0.8645483996353098
vn 0.3224148976902981 -0.38313286647802475 -0.8655968116690856
vn 0.35584024638024186 -0.3495756192167625 -0.8667032972737936
vn 0.38032969191441834 -0.3264343087494724 -0.8653265091972729
vn 0.3963681244932404 -0.30543044853129997 -0.8657970610920783
vn 0.41780640672634234 -0.2725350791396995 -0.8666962773294574
vn 0.4328947085803371 -0.248559535614394 -0.8664988912504746
vn 0.45719047752590725 -0.2070386083285511 -0.8649346113556848
vn 0.47579584869417485 -0.16003281330037472 -0.8648744469762981
vn 0.4898219186877722 -0.10705056957653453 -0.8652252097150019
vn 0.4983996937021425 -0.05554963898329085 -0.865165870181225
vn 0.50206821137299 -0.013932031296382026 -0.864715797029685
vn 0.5002533896634938 0.021700077206461527 -0.8656071006983587
vn 0.49824498406098816 0.05814871716507686 -0.8650841939083858
vn 0.49046772089848517 0.10324779020548311 -0.8653215059007432
vn 0.47576391850763405 0.15856760791551391 -0.8651618389447221
vn 0.45514329710026885 0.20821702225099908 -0.8657310498934545
vn 0.43335671511807167 0.25025967502127433 -0.8657782929366621
vn 0.4103611939283276 0.2885395241759996 -0.8650714615024618
vn 0.38221802766375823 0.3258669330235929 -0.8647081133484429
vn 0.3526618084435531 0.35256489129384766 -0.8667915818074609
vn 0.3275372607473147 0.37900154897166005 -0.8654924428897273
vn 0.3004646634068267 0.400554751025374 -0.8656078081179854
vn 0.2580110217916729 0.43014998664690707 -0.8651019024494643
vn 0.20943828515748042 0.4552620777291167 -0.8653739337951322
vn 0.16175600570718612 0.47511379983807933 -0.8649288247139635
vn 0.11737523119294105 0.4879473402638 -0.8649453440720327
vn 0.0820629298929713 0.4936066569357823 -0.8658049109158842
vn 0.0566732777654495 0.4954389087802745 -0.8667920322972119
vn 0.024628990851678627 0.5000351584275561 -0.8656548117731206
vn -0.010933378835274345 0.5021622237859582 -0.8647043206955691
vn -0.05196929951796735 0.49932606627156756 -0.8648541330475181
vn -0.10265711397109499 0.4908174729994041 -0.8651934611112159
vn -0.1559164254351597 0.4771141794486129 -0.8649000682440712
vn -0.2037577802234469 0.45794553107021324 -0.8653141958683181
vn -0.2372261846340103 0.4415560298667972 -0.8653045763268924
vn -0.26397260478170287 0.42300795634880695 -0.8668233573170308
vn -0.30037437865807176 0.4022213980267969 -0.8648659893967079
vn -0.3353339813662723 0.37324652988135976 -0.865007600470983
vn -0.3737049120864838 0.33269509834092426 -0.8658282798698342
vn -0.40315943185952896 0.2965308371144762 -0.865755124237154
vn -0.4278048201628315 0.26002305288563843 -0.8656622019087353
vn -0.4547459474267921 0.21176367956777092 -0.8650793416299037
vn -0.47311391012226306 0.1686716923361089 -0.8647040466271082
vn -0.48148930512408356 0.12983046590614342 -0.8667826135622015
vn -0.4918252035937082 0.09462759844409023 -0.8655365888988816
vn -0.4988388109124637 0.058160070189955296 -0.8647411444836766
vn -0.5025994744233697 0.004301842739118418 -0.8645086826969411
vn -0.500066038338739 -0.04766294325774915 -0.8646746215428132
vn -0.491951087425357 -0.09652065667178195 -0.8652559681485341
vn -0.47822302538810574 -0.15065547810967844 -0.8652200095375692
vn -0.4607535814433919 -0.19916563861964282 -0.864892586151782
vn -0.4392009792735462 -0.23931524796310685 -0.8659276597369522
vn -0.42219639288309646 -0.2683274477397777 -0.8658813929320569
vn -0.4093568005318911 -0.28783398714068525 -0.8657820774912064
vn -0.39292791471661115 -0.3104062675313872 -0.8655955192315221
vn -0.36777099395260043 -0.33995666571450484 -0.8655483588127199
vn -0.33515661577487904 -0.37306284484405083 -0.865155567917813
vn -0.2943955713038942 -0.4053633286258396 -0.8654546893986035
vn -0.2641221024669308 -0.4258787991003904 -0.865370882029929
vn -0.2339499515936463 -0.44032858180304213 -0.8668207197550438
vn -0.19439214281943523 -0.4611919478143338 -0.8657445824729653
vn -0.17037141684733842 -0.47126753138488653 -0.8653788154235262
vn -0.1375230544246899 -0.4792706049611307 -0.8668258745110782
vn -0.09458668019561685 -0.49160580066412396 -0.8656656956833612
vn -0.050705966003984033 -0.49891198070695547 -0.8651680417807082
vn -0.00034048927015188635 -0.5011916263198437 -0.8653362570549827
vn 0.05368523084918943 -0.49848379169413687 -0.8652351156806487
vn 0.08672293438838918 -0.4940462205424284 -0.8650996847871404
vn 0.12223834118264529 -0.48274759717556937 -0.8671865689493407
vn 0.16350871721366114 -0.4750351723088031 -0.8646424026525005
vn 0.1896947039681292 -0.46514168710966186 -0.8646728457626163
vn 0.22371163659277532 -0.44546540964298326 -0.8668988824912575
vn 0.2593415627102911 -0.42983560918153163 -0.8648602794269868
vn 0.29195155911803167 -0.4090760240703543 -0.8645351893701849
vn 0.32769455773372586 -0.37942197070877404 -0.8652486607762926
vn 0.36791596226072376 -0.3411135711486077 -0.8650314308116264
vn 0.4016792049329729 -0.3025362394579969 -0.8643642982788149
vn 0.4249844257411296 -0.2672511043898694 -0.8648497471121082
vn 0.44107479908421837 -0.23619501855719013 -0.8658319322025408
vn 0.4580352541623993 -0.20163428507114528 -0.8657640100097914
vn 0.47601518452290675 -0.15960297128422288 -0.864833183718612
vn 0.49035866392720656 -0.10915486064298867 -0.8646580810410175
vn 0.4982653180667525 -0.056562910815881697 -0.8651776175629331
vn 0.5014322914569326 -0.0005859439748016168 -0.8651966907899661
vn 0.498430755421743 0.05159041251431106 -0.8653930964517302
vn 0.49296729897780595 0.0919272809103858 -0.8651777951166741
vn 0.484204575892945 0.12742821492541798 -0.8656257729095492
vn 0.4770381210118749 0.1585521866117126 -0.8644627436865655
vn 0.459930964768776 0.20041244098223174 -0.8650424042475644
vn 0.43704159934784026 0.24751465882256532 -0.8647144812638625
vn 0.412029952080569 0.28436207789916806 -0.8656613236372245
vn 0.3811860892872366 0.3247691915902503 -0.8655761881704684
vn 0.34472585314052034 0.3636423113555353 -0.8654064684115461
vn 0.3119874350574394 0.39315936624668085 -0.8649217034499646
vn 0.2803006214227229 0.414064145338983 -0.8660152684420369
vn 0.2544918289606309 0.43039824396471216 -0.8660203580657705
vn 0.21430102881260016 0.45516000904778486 -0.8642363306489038
vn 0.16630060647816217 0.47368328843487517 -0.8648515771752504
vn 0.11327589755907673 0.48852364947976484 -0.8651665821858571
vn 0.06281869796032279 0.49801200133024603 -0.8648918185054202
vn 0.015607855468858683 0.4992313742569882 -0.8663281305632077
vn -0.014861429346737424 0.4995823880088608 -0.8661388892718858
vn -0.052510604286353034 0.49783125542506895 -0.8656827811383232
vn -0.08350973779181407 0.4949130536147985 -0.8649203391385927
vn -0.11877200490552045 0.48649837493836523 -0.865570645316171
vn -0.15655526911329506 0.47545788884115003 -0.8656963923059748
vn -0.19757331723273486 0.4595468001372776 -0.8658992567275031
vn -0.23796679422665976 0.44027829805081037 -0.865752173032773
vn -0.2739015277982189 0.41909090547243094 -0.8656447111951298
vn -0.3094567896464268 0.3924087510375067 -0.8661708073185747
vn -0.34302934682309 0.3619342114337275 -0.8667955317212762
vn -0.37198700448229194 0.33722596406315675 -0.8648146146186279
vn -0.3900804857540318 0.31595975483489763 -0.8648737757375753
vn -0.4094150649215225 0.2858230462390912 -0.8664205046361217
vn -0.4253837544278523 0.26217693571414413 -0.8662054697636159
vn -0.44953298844340156 0.22240866857038094 -0.86513263517561
vn -0.46962911743304053 0.17543901821637903 -0.8652569808711954
vn -0.4857998072715954 0.12466860255653307 -0.8651336814570808
vn -0.4946061140744751 0.08481194192113807 -0.864969205479428
vn -0.49800618049286316 0.046375075882727324 -0.8659325588796052
vn -0.5016493042219601 0.007719379139345746 -0.8650366389693135
vn -0.5005983171554798 -0.024002889446045762 -0.8653468588718299
vn -0.4972492745973312 -0.05694177364526038 -0.8657371387012112
vn -0.4934626139197774 -0.09097506698935912 -0.8649960611758545
vn -0.48223204409381004 -0.13712001128006096 -0.8652458368323199
vn -0.46603828497937616 -0.18568341366007238 -0.8650606838973924
vn -0.44322378293686243 -0.2349792167924179 -0.8650649951967535
vn -0.4173391522756255 -0.27820715717387395 -0.8651178010393114
vn -0.3954595107286361 -0.3081494034458265 -0.8652489355845803
vn -0.3731075908081785 -0.33101538575785744 -0.8667292195795024
vn -0.34309418063915104 -0.36463842916702904 -0.8656357196801383
vn -0.3096867740357353 -0.393235556689153 -0.8657135201339479
vn -0.2749308089483321 -0.4200276197209969 -0.8648640638635237
vn -0.22816164873380115 -0.44678184550239636 -0.8650596768874079
vn -0.18400306493904015 -0.4665050676384202 -0.8651681304583013
vn -0.1339599171495997 -0.4845638498486604 -0.8644377455994835
vn -0.09458947328849844 -0.49163634349790636 -0.8656480447012014
vn -0.05047205584456131 -0.496166569008271 -0.8667590826621804
vn -0.01599570897984579 -0.5009140295337317 -0.8653492198589608
vn 0.019303635171333607 -0.5007720695628289 -0.8653639142088914
vn 0.07003146337914716 -0.4962027915908884 -0.8653775960552621
vn 0.1230174344992761 -0.4856697192361044 -0.8654430279494659
vn 0.17508510966086094 -0.46998655046680554 -0.8651345830305
vn 0.22237899275090775 -0.44990657496830777 -0.8649460430474136
vn 0.25832399085577606 -0.4305336666674372 -0.8648175978865352
vn 0.2874755013432488 -0.4100014337991562 -0.8655961300803533
vn 0.3172589593762608 -0.3888497119880994 -0.8649523999517339
vn 0.34566304013375465 -0.36546826284091455 -0.8642626982240611
vn 0.3881910347690485 -0.3203492383729695 -0.864108839208808
vn 0.41579506393466786 -0.2812068502427433 -0.8648914221936305
vn 0.4384384821628585 -0.24171723813009988 -0.8656468530234979
vn 0.4584419801074248 -0.2007822575682157 -0.8657467504536152
vn 0.4725984615317869 -0.15893810928110896 -0.8668271866848284
vn 0.48117918566038864 -0.13662106023006204 -0.8659106635149028
vn 0.48694558436035523 -0.10715683876323187 -0.8668341304876169
vn 0.49580462244722445 -0.07244768516301701 -0.8654069038749838
vn 0.49964517283468096 -0.0378396771306732 -0.8654032933249378
vn 0.500905520258632 0.013083988970303977 -0.865403067366331
vn 0.49647947093375944 0.06887942406548535 -0.865311365857251
vn 0.4868256673615912 0.12035176719804737 -0.8651683198836216
vn 0.4726419338811418 0.1644051781762718 -0.8657831944118128
vn 0.4603583215046423 0.19628953926805187 -0.8657601472667614
vn 0.44700636835453844 0.22801136652073223 -0.8649833081556169
vn 0.4270193860566668 0.26043295773264125 -0.865926739660126
vn 0.409708821178536 0.28709572094273333 -0.8658606867532829
vn 0.3872170213961187 0.3161222986711946 -0.86610026591842
vn 0.35797944674511545 0.3516229392036694 -0.8649924995824146
vn 0.3184322348194076 0.3874643659580787 -0.8651429228402794
vn 0.27573922564640835 0.4187959476365567 -0.8652039260677896
vn 0.2413457157266192 0.4396631369080942 -0.8651292224543917
vn 0.20838320188294773 0.45529880973372316 -0.8656092854331368
vn 0.1799978666773178 0.46960474441255007 -0.8643333569964995
vn 0.14591178041089797 0.48133086310724366 -0.8643091764859135
vn 0.11674585172399321 0.48646280081998533 -0.8658662422820367
vn 0.08037739267657212 0.4938941610580345 -0.8657990716207176
vn 0.041163031723847845 0.49883676438131924 -0.8657179028533936
vn -0.009605370345274854 0.5006198822251827 -0.8656139268642655
vn -0.06488784582110983 0.4969470936441937 -0.8653514624609384
vn -0.11503949958731842 0.4877383792621516 -0.8653769045505137
vn -0.15890520699190627 0.47470283174047134 -0.8656825958331593
vn -0.1956250412826379 0.4609984559478229 -0.865569908694202
vn -0.22104954038491673 0.4493407766660259 -0.8655807109223205
vn -0.24362648794072564 0.4366619247794228 -0.8660095252487685
vn -0.2698622397726845 0.42092932078610795 -0.866021292144377
vn -0.3089378815701666 0.3949223511862791 -0.8652131077742864
vn -0.34819785064823655 0.36164766866168635 -0.8648521379724486
vn -0.3853278380780446 0.3209482665018405 -0.8651674216194019
vn -0.416496848226747 0.2801590298331629 -0.8648938047067554
vn -0.4387609787521922 0.24021360972864508 -0.8659019720647093
vn -0.4533191306482409 0.21170331459276015 -0.8658426371915177
vn -0.4690531642269902 0.17853485974654631 -0.8649360860687506
vn -0.4833629249061516 0.13481174737783017 -0.8649775000513634
vn -0.4948988248204695 0.08812516908783541 -0.8644704204104144
vn -0.501069250947975 0.037543587628273686 -0.8645924385410928
vn -0.5015555552791114 -0.01238566247865479 -0.8650367739776309
vn -0.4972623877084914 -0.06491516520601509 -0.8651682721278711
vn -0.48846920761122925 -0.1091686698119162 -0.8657251496561449
vn -0.4786110999711979 -0.14699993669192085 -0.8656341222461897
vn -0.4680625376211961 -0.18149676445592747 -0.8648562801804911
vn -0.4516074953945005 -0.21876525871550878 -0.8649811741781683
vn -0.4273721071200321 -0.26312223640222965 -0.8649391717146778
vn -0.3965158811306095 -0.30770323074367795 -0.8649242035005837
vn -0.3636437031465863 -0.34616550546324315 -0.8648310239516241
vn -0.3340131267599404 -0.3751143729115822 -0.8647106096187316
vn -0.3058864550963606 -0.3960393766483932 -0.86578651452453
vn -0.2746692352116383 -0.42010251487115335 -0.8649107978440241
vn -0.241119570896692 -0.4382029904784037 -0.8659327292962076
vn -0.21323296320489807 -0.45233219634501975 -0.8659834222157772
vn -0.17840786183710022 -0.46806007375648806 -0.8655000879201488
vn -0.1366377502202964 -0.48227352938980295 -0.8652990050061532
vn -0.08310994553358304 -0.4951333431871527 -0.864832763843807
vn -0.032870269528351925 -0.5007703780975914 -0.8649558218782788
vn 0.007574528142272576 -0.5017569761961529 -0.864975469803575
vn 0.0435897290014878 -0.498711129648032 -0.8656714992944845
vn 0.07944394766589184 -0.4957057311574253 -0.8648494015011755
vn 0.11482461639142953 -0.490114305594172 -0.8640620781648176
vn 0.16975457883514633 -0.4717185772294851 -0.8652542787303005
vn 0.19861278546610425 -0.4632371507999939 -0.8636922504967257
vn 0.19521007343420807 -0.4588016664008325 -0.866829889965517
vn 0.16786804306030767 -0.4712136846540998 -0.8658972130188487
vn 0.12432893666390114 -0.4824657556900552 -0.8670461983622602
vn 0.09150900558092594 -0.49363642209995223 -0.8648405544803897
vn 0.05822237444639869 -0.4964144113613345 -0.8661309873838963
vn 0.030102685426581285 -0.4988964553182208 -0.8661386466386447
vn -0.009620671335362993 -0.4999733062055406 -0.8659873762157031
vn -0.054576606066909256 -0.49685582981519666 -0.8661152801151065
vn -0.10773208784475759 -0.48682525966823675 -0.8668304123630892
vn -0.15807091751360033 -0.47312714337329514 -0.8666973469671141
vn -0.20837855990531642 -0.4517802737338244 -0.8674519929291631
vn -0.25012352254622056 -0.4336089649792867 -0.8656913358459017
vn -0.2785583493628926 -0.41590363640377087 -0.8656959115222508
vn -0.29834729907650925 -0.40172786159595814 -0.8657965201773975
vn -0.32061130372530194 -0.3842519589321035 -0.8657706532219738
vn -0.34957122376124977 -0.35821064869510744 -0.8657280697075106
vn -0.3800722296151261 -0.3241555039742628 -0.8662957402172649
vn -0.4114968140145676 -0.28206434568239597 -0.86666607003541
vn -0.439053028126879 -0.23801691792477706 -0.8663604245775589
vn -0.45929202670654834 -0.19762307505835783 -0.8660230680578144
vn -0.47340972454261815 -0.16046046135041162 -0.8661037311152143
vn -0.4827765256959293 -0.12495891829049488 -0.8667826111411311
vn -0.49165843495504374 -0.08624604094959026 -0.8665065514801829
vn -0.4985007702848284 -0.03417354862706772 -0.8662154181262686
vn -0.07740645845242033 0.4944239252108505 -0.8657674181724264
vn 0.16857668231443426 -0.47048087440194736 -0.8661579815494616
vn 0.4661030979880706 0.1813682581712956 -0.8659407929955912
vn 0.4516327298155776 0.21537558338708473 -0.8658182461925842
vn -0.25176736776163017 -0.43258756508616714 -0.8657258174868075
vn 0.36458725839245804 -0.34294189059262115 -0.8657176160242032
vn 0.1640669294651268 0.47278143076261075 -0.8657711945900856
vn 0.15177659924043102 -0.477101661159388 -0.8656430377713218
vn 0.18531524761713622 -0.46533783332840656 -0.865516585556755
vn 0.4985450953905239 -0.030564750566537378 -0.866324756592387
vn 0.5020678586707608 0.005727078705511004 -0.8648092655951705
vn 0.4975514245825362 0.052199558807626785 -0.8658624520997419
vn 0.48981293825615857 0.09647747087780366 -0.866472955798328
vn 0.4766943576368207 0.14967100704123368 -0.8662338477850434
vn 0.45644399811186526 0.20272030063979346 -0.866350596638663
vn 0.4325744197587306 0.24865375378222132 -0.8666318030746438
vn 0.4104690763439385 0.2832782804983389 -0.866757493860456
vn 0.3894403017735071 0.3135683566265231 -0.8660318337550307
vn 0.3635073490281336 0.34343101516978153 -0.8659777970721836
vn 0.3290793257121792 0.3750581692834295 -0.8666245825284324
vn 0.28794202687979586 0.40684501014096436 -0.8669293667189696
vn 0.24089555621882155 0.43695253459451716 -0.866626686356618
vn 0.1937771154988471 0.4592337044188449 -0.8669226229800969
vn 0.14994938504184804 0.47553112572028056 -0.8668248556639192
vn 0.10566091417669252 0.49093439618397916 -0.8647653958495433
vn 0.06927696743837289 0.494165429689792 -0.8666032713312628
vn 0.030328096714973687 0.4968010765679333 -0.8673343627866879
vn -0.01760192352962721 0.49899210144073963 -0.8664277552039823
vn -0.0733555163706614 0.49347596075181965 -0.866660512760367
vn -0.13308049452150433 0.48357655557915924 -0.8651261739608324
vn -0.1802911645592773 0.46883214460920664 -0.8646915728529979
vn -0.21497674478223122 0.4518443684371974 -0.8658069449446716
vn -0.25078541642582314 0.43282500948658653 -0.8658921330460642
vn -0.28733333346939816 0.40977086763625586 -0.8657525001488553
vn -0.3283878016312832 0.37817964505092777 -0.8655296689362688
vn -0.3402944295239507 0.36893204809138447 -0.8649212941800344
vn -0.49818151449692005 0.013553339786790566 -0.8669668307347049
vn -0.4975449780005002 -0.018695844484335887 -0.8672366806503858
vn -0.49642012366179983 -0.06228837476639645 -0.8658448008693962
vn -0.49233587526426353 -0.08978345798720622 -0.8657622748766726
vn -0.4882565854398331 -0.11701827033145193 -0.8648191898791738
vn -0.47436331932166736 -0.16068130470600991 -0.865540848025155
vn -0.4561509725912912 -0.20240880273292425 -0.8665777326819812
vn -0.4326890591229927 -0.24947036135194833 -0.866339839163701
vn -0.40170720693040785 -0.29545995941282843 -0.8667956692807943
vn -0.36758735020390004 -0.3349914481925419 -0.8675599515929369
vn -0.33620809566341764 -0.37079085860436156 -0.8657241221000017
vn -0.3064063754380289 -0.39575352837547906 -0.8657333757394874
vn -0.2762459233150163 -0.414872261101483 -0.8669309066011991
vn -0.24051528552450482 -0.43657060338355946 -0.8669247404996472
vn -0.19385145212053215 -0.4597476031662693 -0.866633576486413
vn -0.14044961263040612 -0.4788477098838062 -0.8665903167304623
vn -0.08949969813793578 -0.49039668419409893 -0.8668915134921161
vn -0.04346659876798308 -0.4967075101402998 -0.8668288782463163
vn 0.0030048895444065387 -0.5021339779938849 -0.8647846198810791
vn 0.039760653744686444 -0.4972118241201468 -0.8667176543540067
vn 0.07851146330827127 -0.49157155619918447 -0.8672908135482044
vn 0.1248719455633694 -0.4833518812097931 -0.8664744405590813
vn 0.18616482706156245 -0.4639557324598537 -0.8660760564077379
vn 0.24240914781535425 -0.4377270215287114 -0.8658134092742134
vn 0.27152272568791647 -0.42035370306399583 -0.8657818280348639
vn 0.3038677022281806 -0.3997152805081258 -0.8648075589811156
vn 0.33320486501172775 -0.3708742852038536 -0.8668487656489147
vn 0.3570124138059488 -0.3480813732193767 -0.8668226427627298
vn 0.38512266435055537 -0.31890136626880417 -0.8660152723800081
vn 0.40942145345260583 -0.2870836324641884 -0.866000612831147
vn 0.4332385395341296 -0.24918329912128273 -0.8661478230079249
vn 0.45639981535724217 -0.2009288165077263 -0.8667911047297842
vn 0.4754022746208816 -0.15213126226822504 -0.8665152949175039
vn 0.489083938787133 -0.10400271267621179 -0.8660140510271488
vn 0.49537860636727377 -0.06240751877329317 -0.8664325351429151
vn 0.49946524259807024 -0.020044571409624085 -0.8661020070369628
vn 0.4972322360221361 0.02987303816165228 -0.8671030533053263
vn 0.4899276013243514 0.08870261369480748 -0.8672386014150182
vn 0.4766996907089063 0.139889288084548 -0.8678642704693122
vn 0.4590471515020976 0.19444031065946782 -0.8668729308776808
vn 0.4462045391872644 0.22670613029781272 -0.8657400531880644
vn 0.4261601025605384 0.2620653841559795 -0.8658575526105725
vn 0.40000019764154665 0.29982362161939863 -0.8660863916525599
vn 0.3666155373480878 0.339239123739949 -0.8663197242930142
vn 0.3260578564668314 0.37828830482291065 -0.8663626450110046
vn 0.28488981663615065 0.40962606581956956 -0.8666281085784155
vn 0.2501096741634491 0.4314607409716398 -0.8667680081140839
vn 0.21814385154499846 0.4498897513097517 -0.8660326042936047
vn 0.18197978675406934 0.4658046273254629 -0.8659730979511603
vn 0.1381733885923866 0.47888154532348187 -0.8669374719283341
vn 0.08750521495316338 0.49120528087910714 -0.8666372997929862
vn 0.03201786408740325 0.49747100162486946 -0.8668895309793686
vn -0.019986515596501258 0.4986123077710454 -0.866594660572948
vn -0.06658746269601404 0.4955982839694216 -0.865995641292883
vn -0.10577218485950333 0.488641512087607 -0.866049489102548
vn -0.1412708903918258 0.4785462602965305 -0.8666233393372845
vn -0.18008606099624908 0.4656008174591629 -0.8664784414030247
vn -0.22753365121054214 0.44483044319702697 -0.8662299431282297
vn -0.28292190640869047 0.41158711346194654 -0.866343605566599
vn -0.3314651914148068 0.37446445986549204 -0.8659718212378454
vn -0.35675129774827063 0.3504120456678142 -0.8659907099997218
vn -0.38318864259361807 0.3244675461233721 -0.8648047616080395
vn -0.40842335207515224 0.2860086177581828 -0.866827223873218
vn -0.43279249653885693 0.24904615364752225 -0.866410219407088
vn -0.4570997861447181 0.20061689211611697 -0.8664944593614684
vn -0.47496268871212366 0.15203778675562807 -0.8667727243803882
vn -0.48981261700355105 0.10345289950605548 -0.865668006690742
vn -0.49827061885576807 0.055659371021206806 -0.8652331621029173
vn -0.5010625133350886 0.023356340869249707 -0.8650958554238505
vn -0.5007670559353649 -0.0032217346839478844 -0.8655760949306847
vn -0.4983274129633671 -0.04288823977506485 -0.8659274729319044
vn -0.4903295319671687 -0.09009324725285775 -0.8668680158364898
vn -0.4776054690975097 -0.14249813766215894 -0.8669413455655255
vn -0.4593032339638739 -0.19514845478051973 -0.8665781095014473
vn -0.43320982723518825 -0.24640356968351812 -0.8669570499361995
vn -0.41003790417906283 -0.2845956379591854 -0.8665299994755207
vn -0.38638678717227837 -0.3207062824361044 -0.8647847888953054
vn -0.36178169598347465 -0.34466538732462176 -0.8662100064255142
vn -0.3355799701652248 -0.37023220417982516 -0.8662067874428455
vn -0.29456731181114315 -0.40314667738228893 -0.8664311024703452
vn -0.2407994584032258 -0.43809786724294353 -0.8660749849463943
vn -0.18594995088299585 -0.46378061043832247 -0.8662160014384798
vn -0.14757273692765502 -0.4771390428451283 -0.8663490180686512
vn -0.11157602184133798 -0.4874153484319385 -0.8660121647315544
vn -0.07223963762583992 -0.49480202965970255 -0.8659979135080673
vn -0.026010878588775325 -0.49851328526783134 -0.8664917417993744
vn 0.025818382982852283 -0.4980157548496281 -0.8667835479643725
vn 0.08156300550470616 -0.4922715256837383 -0.866611920720021
vn 0.1321809104983999 -0.4806158703053797 -0.8669121017210546
vn 0.17746144552704865 -0.4661302273639557 -0.8667352805148048
vn 0.21051389063814438 -0.4540358204069914 -0.8657571112244713
vn 0.24089689719011406 -0.4386176199184788 -0.8657847702640793
vn 0.2793952517510618 -0.4113419343433238 -0.8676036574091037
vn 0.32181700756494364 -0.380788948472348 -0.866852692424306
vn 0.36217483438542086 -0.3433590787696829 -0.8665644421301438
vn 0.39615716958504577 -0.30427577652481425 -0.8663000339412359
vn 0.428336948365965 -0.2557475866138747 -0.8666721586653809
vn 0.4492207780634349 -0.21607364786560296 -0.8668984203781512
vn 0.4686887866247187 -0.1800385566850874 -0.864821911955866
vn 0.4778630855305073 -0.14163250092108154 -0.8669412357075321
vn 0.486101768194365 -0.11055452190859048 -0.8668810579565545
vn 0.49609575120267607 -0.07011780950696825 -0.8654319721552913
vn 0.5012206596058809 -0.02178108389541545 -0.8650453368284153
vn 0.5011835724695611 0.0032531654193769166 -0.8653348736768918
vn 0.49908417867324917 0.03049027944452003 -0.8660169313919002
vn 0.49658793175002947 0.05879737059982193 -0.8659926646633765
vn 0.4936592555079728 0.09164364591746445 -0.8648132640138382
vn 0.4862914327243211 0.11820180577603583 -0.8657649655479317
vn 0.47753526186427997 0.15152250676486861 -0.8654484407634598
vn 0.45867149858709194 0.1952673296281981 -0.8668858785121281
vn 0.4362819742655031 0.24222205311758954 -0.8665947818412563
vn 0.40620959147424524 0.28942835574883985 -0.8667323662370349
vn 0.3743103356486427 0.3303677659964426 -0.8664576803382379
vn 0.3426510917929647 0.36422970128459176 -0.8659832296270098
vn 0.3122982033638784 0.390531950757857 -0.8659992076283652
vn 0.2791180589999804 0.4131956069884138 -0.866811686299602
vn 0.24123486145154438 0.4356469052968195 -0.8671894346253061
vn 0.1908929291839089 0.46203287076825156 -0.8660747750149725
vn 0.1309239154149119 0.4822538623461372 -0.8661929003545699
vn 0.08533482378387773 0.4906896722574146 -0.8671456702248392
vn 0.046227307433601005 0.4963931283529008 -0.8668661362468026
vn 0.00803914183271212 0.5020522963602693 -0.8647998981949372
vn -0.03774273118101839 0.49716688455061986 -0.8668336490637797
vn -0.08339628715358251 0.49168152431402345 -0.8667723680051387
vn -0.13465061972967365 0.48064512689669225 -0.8665157082228097
vn -0.18702352255008056 0.46205860890343475 -0.8669048644177643
vn -0.2345857116746992 0.44038205279020837 -0.8666217118549229
vn -0.27079535092069873 0.41844684753125083 -0.866932588908096
vn -0.30158733815937966 0.399112277491788 -0.8658836338777043
vn -0.3318783450702471 0.37437538529269615 -0.8658520860749711
vn -0.3585458954903607 0.34661039332948773 -0.8667791391484875
vn -0.3845045296751668 0.32049665090193064 -0.8657009665120656
vn -0.4045887951977016 0.29480165713118656 -0.8656788606366559
vn -0.4288337720024822 0.25625767666241367 -0.8662757061938796
vn -0.45337504168555803 0.2077982426609694 -0.8667588833831652
vn -0.4729550078427575 0.15978188460058196 -0.8664775299509755
vn -0.4870217764149669 0.1122999047717586 -0.8661400121723185
vn -0.4950098145599916 0.06517137650628471 -0.8664398277858416
vn -0.4995824860873668 0.013886902115 -0.8661550054952141
vn -0.4970320072724593 -0.03501138025976901 -0.8670255976607703
vn -0.49355771229692097 -0.08295319821821576 -0.8657479722977115
vn -0.48632355596170673 -0.1182120121802851 -0.8657455279082006
vn -0.4767034867614335 -0.15187664074306045 -0.8658448311944209
vn -0.4620824424172146 -0.18750005830443975 -0.8667892157529263
vn -0.4487096573010068 -0.22189761232010602 -0.8656911072036311
vn -0.43341329370810244 -0.25053712538936523 -0.8656697208743804
vn -0.4065681356096508 -0.28968584239543943 -0.8664781958148382
vn -0.3734171587897884 -0.3311724573509508 -0.866535878664868
vn -0.3337692889106522 -0.3708739548403719 -0.8666317392071095
vn -0.29380280163405076 -0.40385810068550737 -0.866359364387941
vn -0.2555457004296907 -0.4298891040858094 -0.8659629051987152
vn -0.22008876576199568 -0.44912713916465713 -0.8659363418006731
vn -0.1872167392395275 -0.46218313634404684 -0.8667967703145294
vn -0.13885670575373663 -0.48044680424665875 -0.8659617102137905
vn -0.078659383236476 -0.4926531176669293 -0.8666634912593884
vn -0.02355136112320668 -0.4990224431721964 -0.8662689735871282
vn 0.02814677772764845 -0.498344905759603 -0.8665218484302648
vn 0.06887291360957916 -0.4941050700499594 -0.8666698918976316
vn 0.10554621116088007 -0.48869709991269994 -0.8660456927013144
vn 0.1445249658399555 -0.47719357781295496 -0.86683263871582
vn 0.18814635503673952 -0.46170226296230676 -0.8668517574890612
vn 0.23572193785589612 -0.4398815762389641 -0.8665675778027847
vn 0.2829105870746979 -0.4103497589033483 -0.8669340661717093
vn 0.3245798899294092 -0.3789263015772513 -0.8666387673225785
vn 0.3597139331984402 -0.3475510990838047 -0.865918079144065
vn 0.3858440170064122 -0.3181366879004467 -0.865975428261154
vn 0.4066427264073969 -0.2883562384677794 -0.8668865974259101
vn 0.42855032014648825 -0.25563802561273263 -0.8665989977856923
vn 0.4537842799647223 -0.20796963251181208 -0.86650358291804
vn 0.4726157145005479 -0.15920419844786338 -0.8667689482230603
vn 0.48764380997103185 -0.11231645984219617 -0.8657878074017054
vn 0.4974560382935732 -0.06384053753629701 -0.8651369115535064
vn 0.5011230039206384 -0.022256144934381408 -0.8650898213215872
vn 0.5013964245399567 0.003269230759202033 -0.8652114987613089
vn 0.4980558873336277 0.044900988382035566 -0.8659816593523383
vn 0.48978119535561226 0.09059546785582502 -0.8671256205879352
vn 0.4778847527833501 0.14338881171802595 -0.8666405320150269
vn 0.4585530616528742 0.19669673730479614 -0.866625341876421
vn 0.4350419677724788 0.24323101549617712 -0.8669354989717216
vn 0.4104733729051905 0.2831189607534608 -0.8668075127718476
vn 0.3893713923220936 0.3149071611259588 -0.8655769166935677
vn 0.3688924563973434 0.33866843153000314 -0.8655761370891306
vn 0.33409505050697913 0.3711393062884676 -0.8663925856991472
vn 0.2930352635020901 0.4037842975797054 -0.866653665181383
vn 0.24708097659717662 0.43382846407635356 -0.8664547620972127
vn 0.1882729054976434 0.4625163902798219 -0.8663901556331298
vn 0.15179426645911204 0.47473587578216825 -0.86693964548605
vn 0.11415792641122939 0.48894505148720385 -0.8648125256167744
vn 0.07411543369437223 0.49288678764787636 -0.8669310912929887
vn 0.02645242819760488 0.49822128699844365 -0.8666463051464911
vn -0.029351178271166248 0.49857604018640317 -0.8663489138252211
vn -0.0852898671441056 0.4920684776702244 -0.8663684273136047
vn -0.13566183814749327 0.48012228989290306 -0.8666478249083873
vn -0.1746578841163845 0.4671133833032271 -0.8667754672664658
vn -0.2091621470279668 0.45415070908071303 -0.8660244394312072
vn -0.24441718926907044 0.4362928248397243 -0.8659727527949023
vn -0.28238772891931674 0.4091684156436348 -0.8676625946734527
vn -0.3243586971602998 0.378440762223076 -0.8669336912731503
vn -0.3650317144136652 0.34015726596410556 -0.866628456654895
vn -0.39814148008611105 0.29989409940415757 -0.8669180416725737
vn -0.42905395481874964 0.25580164348254636 -0.8663014619900042
vn -0.4500868481399426 0.2146508032269595 -0.8668026660119783
vn -0.46694129897079445 0.18075721040051868 -0.8656169211629876
vn -0.47829548607688543 0.14635312888678798 -0.8659181194914003
vn -0.4871303119814323 0.10669109923673938 -0.8667877874615728
vn -0.4967561583898765 0.0635200803400677 -0.8655625445311987
vn 0.2355947596160491 -0.4375863583341603 -0.8677633826345197
vn 0.26086268277863045 -0.424951143425248 -0.8668143898408182
vn 0.29355892984196647 -0.4050606252584383 -0.8658805024801532
vn 0.3160904013210377 -0.3876182988030086 -0.8659323949511109
vn 0.3375880204017973 -0.36897144615987876 -0.86596443368067
vn 0.3639972100118451 -0.3459902301359271 -0.8647524453588327
vn 0.37743502164153 -0.33036130061784896 -0.8651035865678405
vn 0.40102321746184355 -0.29872605827836357 -0.8659925641493827
vn 0.42622981570170737 -0.2594904072176008 -0.8665984495537319
vn 0.4508220868419232 -0.21166148861581652 -0.867155614784584
vn 0.471943551130258 -0.1618926057045738 -0.8666372186588487
vn 0.48649989677377864 -0.11333577874642345 -0.8662983618217482
vn 0.4947281113624709 -0.06484915971782398 -0.8666248798134142
vn 0.23975503088088718 -0.4428841107779557 -0.8639277687328519
vn 0.2578499687912009 -0.43135396862612246 -0.864550257269565
vn 0.28545040442131275 -0.41111744242203313 -0.8657369780436062
vn 0.30799075829668643 -0.3945978565064713 -0.8656986914881704
vn 0.3295791439124869 -0.37684258726722225 -0.8656600096571738
vn 0.3567909610199869 -0.3521866512074086 -0.8652541666156512
vn 0.38373172448821125 -0.3243942572768796 -0.8645914234290583
vn 0.41561249898966107 -0.28121692619158684 -0.8649758904772575
vn 0.4417937197903348 -0.23724419404654862 -0.8651783062149805
vn 0.4655312196128773 -0.18646145942106934 -0.8651663468468431
vn 0.4826243248750082 -0.13803221362536316 -0.8648819971768547
vn 0.4921186775371757 -0.0958324727965224 -0.8652371607696732
vn 0.49644393533656056 -0.06139958749416675 -0.865894629688333
vn 0.49955656640755614 -0.030903825237101865 -0.8657298600284085
vn 0.502564734176776 0.013232682056052283 -0.8644383055414828
vn 0.49715252782790975 0.06529337045867087 -0.8652029472028319
vn 0.48682895508239826 0.1202980583022917 -0.8651739395416846
vn 0.47216868614690066 0.17160151976677798 -0.8646442333330177
vn 0.4505235185231833 0.22023409265122207 -0.8651736841187346
vn 0.4270089704250766 0.2604568684549934 -0.8659246842833009
vn 0.4097328380202934 0.28707944619168757 -0.8658547181959049
vn 0.3886862972434875 0.31751635500702746 -0.8649313999608284
vn 0.35794117689361493 0.35167291409304346 -0.8649880203663636
vn 0.31940539896833725 0.38598941820680754 -0.8654434471080403
vn 0.27569719537643395 0.41881912017911477 -0.8652061032112294
vn 0.23970288017686076 0.44136038384713605 -0.8647216551036676
vn 0.19875223456080301 0.4546000848027091 -0.8682374745163084
vn 0.17269733325229455 0.4679971574927912 -0.866691578167351
vn 0.1280286875821924 0.4857187148472096 -0.8646883746201034
vn 0.1008620028707923 0.4920491825820671 -0.8647048388306914
vn 0.06113905832958047 0.4948958755176216 -0.866798758618296
vn 0.02223070116328478 0.5005685010463189 -0.8654114464727344
vn -0.009556730336608464 0.5006257326396086 -0.8656110816783301
vn -0.06493163263286279 0.496949475904246 -0.86534680994508
vn -0.115035357362754 0.48774675497974856 -0.865372734469459
vn -0.15896537575653488 0.4746805332615382 -0.8656837763601242
vn -0.19566617365310268 0.4609974197292477 -0.8655611633448729
vn -0.22885485385794327 0.4469895141460274 -0.8647692351773145
vn -0.25568729380070504 0.4302949861811403 -0.8657194884350496
vn -0.28570360066253736 0.4106773751479296 -0.8658623135984543
vn -0.3112738952487536 0.39083843493403014 -0.8662296923535845
vn -0.3481812684886762 0.3616397585115374 -0.8648621215762275
vn -0.38293883856572886 0.32371491745030734 -0.8651973752491806
vn -0.4164586122342448 0.2801936007883302 -0.8649010176738126
vn -0.4382045678736785 0.24217978737181722 -0.8656360131621049
vn -0.4532850331026853 0.2117743914079542 -0.8658431069823725
vn -0.46903520284200206 0.1785470226776336 -0.8649433155923655
vn -0.47803149863040556 0.15066992135922486 -0.8653233274994807
vn -0.4839892322751839 0.11986383635656264 -0.8668258670434132
vn -0.49554111899244346 0.07831184462611739 -0.8650469665740537
vn -0.5010718848959415 0.037472226815176764 -0.8645940078350881
vn -0.5011330395344606 -0.010816845431908563 -0.8653026479457084
vn -0.4969164103231421 -0.06660667766865606 -0.8652384825246195
vn -0.48899019648960473 -0.118628772258698 -0.8641850508597401
vn -0.47323651927675364 -0.1623030711671192 -0.8658550166815134
vn -0.46167478265137285 -0.19306543594793482 -0.8657841142606172
vn -0.44800656487642826 -0.22618002913770802 -0.8649466528329295
vn -0.42534578045058913 -0.2664226305999223 -0.8649277131397146
vn -0.3944717420084436 -0.3099360820960375 -0.865061656630198
vn -0.3595224962864042 -0.34979513734408274 -0.8650935998806295
vn -0.31843808338975005 -0.38693311865941277 -0.8653785002711608
vn -0.27756962410487296 -0.41725886214347563 -0.8653612804701926
vn -0.24345009605174014 -0.4380930467831439 -0.8653360810070622
vn -0.21043788330985713 -0.45422134740899417 -0.8656782686576028
vn -0.18201759336911652 -0.4682914285606772 -0.8646228852168528
vn -0.1390998242099862 -0.4805952107955322 -0.8658403330090074
vn -0.08873547786522848 -0.49423081645768896 -0.8647900988283779
vn -0.04357129741534603 -0.4990024903156625 -0.8655045099248821
vn 0.007304202635928994 -0.5009015709900244 -0.8654734339097758
vn 0.05282949047284077 -0.49779136271145064 -0.8656863197176313
vn 0.09180868517826424 -0.4923166686706441 -0.8655607795382585
vn 0.11915332128652219 -0.4864226897986075 -0.8655607736464717
vn 0.14468719367959368 -0.4782821338125445 -0.8662054123941058
vn 0.17270051464196867 -0.4690528355562109 -0.8661200665606804
vn 0.21660999040306042 -0.4521030307969072 -0.8652646771952712
vn 0.2621994026982325 -0.42808479208258865 -0.8648669747494679
vn 0.3071659455316242 -0.3963785404944264 -0.8651780941177208
vn 0.34648772000830563 -0.36326353616763984 -0.8648617595745738
vn 0.37517801931299377 -0.333958038685158 -0.8647042744325608
vn 0.3966644104754447 -0.3055506345882296 -0.8656189433953592
vn 0.419043726635518 -0.2738100037145295 -0.865696503997369
vn 0.4431219745197378 -0.2357212479720197 -0.8649152611396348
vn 0.4642880379122621 -0.18870275202893533 -0.8653484207117316
vn 0.48254980949649623 -0.13708388610124997 -0.8650743838111695
vn 0.4950264884948338 -0.08874496628668226 -0.8643339092314091
vn 0.5010514750371384 -0.040108106189781396 -0.8644875702871483
vn 0.5018988851071581 0.0030697663335063088 -0.8649208551438966
vn 0.498903590757775 0.04292828117302706 -0.8655936516660274
vn 0.4960579124319605 0.07866785162173821 -0.8647184030855742
vn 0.4886629433619685 0.1199317687230543 -0.8641903138983782
vn 0.4727708132808032 0.16874760501888494 -0.8648768721096652
vn 0.4509016125224382 0.21938405160196744 -0.8651926801166143
vn 0.42646740259361465 0.26438213245592873 -0.8650015274917794
vn 0.3943897705586436 0.3093551037984817 -0.8653069563065648
vn 0.3609970472625651 0.34793945786682823 -0.8652278691345112
vn 0.33212342025029845 0.375738849749495 -0.8651672384632754
vn 0.30334478650649976 0.3983318214104312 -0.8656290779260909
vn 0.2827815361039781 0.4126620216145005 -0.8658779698985927
vn 0.2617212556615975 0.4244636930031132 -0.8667944148741819
vn 0.22244522872579106 0.4475372612369125 -0.8661573298319964
vn 0.1889051233928654 0.46344215535714833 -0.8657576005983704
vn 0.1498376840462768 0.47766332681862744 -0.8656710776341147
vn 0.10669477956383012 0.4882206287528298 -0.8661736787007657
vn 0.0618770238429492 0.49481207463619375 -0.8667942343570156
vn 0.02430121413479191 0.5015253422819683 -0.86480158535963
vn -0.0036103373967105177 0.5020023003340166 -0.8648587491164311
vn -0.03927857700310186 0.4976840189265897 -0.8664685860974356
vn -0.067503658780945 0.49507327301118104 -0.8662249767821187
vn -0.11410491847828509 0.4880239637396332 -0.8653396318180053
vn -0.16391290321691152 0.4744150820082497 -0.8649062897922
vn -0.214538649337432 0.4532009674144328 -0.8652063632886046
vn -0.25361088108281576 0.4321614238213889 -0.8654004996283904
vn -0.28744158645777657 0.40983653777186335 -0.8656854779201327
vn -0.31679254158224046 0.38977789125779944 -0.8647055458851224
vn -0.34007278923845197 0.3669573457184477 -0.8658480261817607
vn -0.3635477075666623 0.34389918569818123 -0.8657750368306725
vn -0.38823085728433143 0.31801795717908354 -0.8649516635997156
vn -0.41590866657947156 0.28094342493794205 -0.8649224086865971
vn -0.4419210877351883 0.23773439369260982 -0.8649786761941333
vn -0.46487315578270166 0.18747569253238344 -0.8653009960367173
vn -0.481705320474799 0.1392611897407799 -0.8651972637833836
vn -0.49121059495436964 0.0978590220689893 -0.8655262926129254
vn -0.4960099315621067 0.06627891021521182 -0.8657836068281948
vn -0.5000861884746256 0.03340306506618102 -0.8653311732169979
vn -0.5028830249059452 -0.009969094923641389 -0.8642969862309194
vn -0.4977640619879811 -0.06399040810966837 -0.8649486494949763
vn -0.4876113465841842 -0.11715169832332112 -0.8651651023141884
vn -0.4723223025652701 -0.1700776025660891 -0.8648614060095483
vn -0.45183903893503896 -0.21727648817226805 -0.8652354653975914
vn -0.43369980387581514 -0.2511322127398928 -0.8653537379837478
vn -0.4152356872286524 -0.2759929524301353 -0.8668374785740669
vn -0.3927976565164973 -0.31220186361521596 -0.865008668968314
vn -0.3633581716577139 -0.34604755221468125 -0.8649982258338977
vn -0.3216930070984309 -0.38363087644845173 -0.8656448231343855
vn -0.27832100569058027 -0.4165825959618623 -0.8654457571292724
vn -0.2414878799292912 -0.4383840937876701 -0.8657384074656843
vn -0.202301280151085 -0.4571587177885783 -0.8660716476130225
vn -0.16159590007219723 -0.47369424735641835 -0.8657369837897032
vn -0.12368211458234196 -0.48523752109841695 -0.8655907131264197
vn -0.08815625328652443 -0.4938086877811938 -0.8650904316187399
vn -0.04829565719371544 -0.4991548267610108 -0.8651658733545912
vn 0.002724877014241784 -0.5013052080242022 -0.86526623847985
vn 0.057946829874999946 -0.4984704160321207 -0.8649678660205836
vn 0.10841440148309682 -0.48961030257711124 -0.8651751667503012
vn 0.1527670887045395 -0.47654451895237915 -0.8657756857669224
vn 0.1851060515821993 -0.46495201589377183 -0.8657686599686811
vn 0.2169649392303668 -0.45246063418624316 -0.8649887800755255
vn 0.24989762768149942 -0.4332927442185785 -0.865914876582388
vn 0.27711983885611946 -0.41654222257332385 -0.8658505481467538
vn 0.30654441574527225 -0.39482419735200963 -0.8661087543494356
vn 0.3411544025267129 -0.36727160860530195 -0.8652891072636448
vn 0.37808461274948235 -0.32873577990493613 -0.8654390865984546
vn 0.4094433249379108 -0.28870296907970977 -0.8654517660207
vn 0.42835409104027694 -0.25983110467450476 -0.8654481900915183
vn 0.4437184550267476 -0.22757346509831602 -0.8667896230642252
vn 0.4639188260236077 -0.19246725368766626 -0.8647171093015362
vn 0.4739220904592579 -0.1663895501101651 -0.8647036311875091
vn 0.4819408111587049 -0.12811724981070563 -0.8667866085955822
vn 0.4937239684289047 -0.08910744067226355 -0.8650413325475569
vn 0.5002483026982241 -0.04942221465750598 -0.8644704045517658
vn 0.5014560899420435 0.00021540686776808332 -0.865183069332681
vn 0.4978898356304494 0.054252336473068465 -0.8655416775425069
vn 0.49332655758368427 0.08883170269343732 -0.8652963863204427
vn 0.4828248143043677 0.12149939985657997 -0.8672474240529306
vn 0.4769880971500279 0.1592585709699605 -0.8643604935151777
vn 0.46442901437049033 0.19295316664070727 -0.864334869187966
vn 0.4498913283947068 0.21874645332091167 -0.8658797732911702
vn 0.43250488997907777 0.2515541301293344 -0.865829105400748
vn 0.41144060223565293 0.2849752843072524 -0.8657399830006489
vn 0.3805969582429126 0.32532175750685666 -0.8656279278471164
vn 0.3426490026165682 0.36568494543982366 -0.8653705458845616
vn 0.3037074561018132 0.3985813033889062 -0.8653870380916078
vn 0.2658178197056768 0.4241875090989661 -0.865682299606117
vn 0.2318914458645155 0.4438696063939454 -0.8655669412902438
vn 0.19997953901693233 0.46061684605927466 -0.8647776044168707
vn 0.16370385430361192 0.47408960932421723 -0.8651243207868757
vn 0.1125122246284843 0.4887023620534714 -0.8651653024899388
vn 0.06204322391563725 0.49813577842347206 -0.8648765140877602
vn 0.006952100766172838 0.5013939046379773 -0.8651912046980251
vn -0.04422287387778717 0.499820692689678 -0.8649991980257553
vn -0.08444330286399743 0.49483318251062125 -0.8648753957003454
vn -0.11958137463257149 0.4863141006594863 -0.8655627593310261
vn -0.1572667199104501 0.4752367698073668 -0.8656888537064966
vn -0.20004952600077075 0.45920552306512463 -0.8655116837647845
vn -0.2455309372134817 0.43649674185780396 -0.8655548239242798
vn -0.28332999425540206 0.41247445456876325 -0.8657880448951898
vn -0.31809017092266945 0.3860457543208998 -0.8659026034914056
vn -0.3602066660016465 0.34930452936496154 -0.8650072274455867
vn -0.39069714837641145 0.315304545090007 -0.8648345403001224
vn -0.4099111473967407 0.2847764136321941 -0.8665305796558325
vn -0.42569109924933063 0.2615102835378809 -0.8662560012050904
vn -0.44983424183070064 0.22161652850737942 -0.8651793277517309
vn -0.46987196908264306 0.17467044332976914 -0.8652806301411016
vn -0.48675666993550976 0.12201692596652647 -0.8649738805599695
vn -0.49679518506622233 0.07386494541015112 -0.8647187484578864
vn -0.5001199387154726 0.03444051467606963 -0.8652709967681106
vn -0.49782937697511714 -0.005910412866045913 -0.8672548520707853
vn -0.4990139307202296 -0.039580993367096445 -0.8656895759515761
vn -0.4963829416606839 -0.06346142908264386 -0.8657809320186457
vn -0.49228011240973235 -0.09705536552136966 -0.8650089866292574
vn -0.48259123552869937 -0.1401999873171687 -0.8645517121301356
vn -0.4666954253615812 -0.1830463548500514 -0.8652684045558823
vn -0.44361832711022764 -0.2325652091285019 -0.8655149931427759
vn -0.41801112187908523 -0.2774735940565802 -0.8650289628600379
vn -0.38958597236172604 -0.31321057719834566 -0.8660957825033254
vn -0.36524487441339787 -0.34167579657955394 -0.8659410093917879
vn -0.3432935996633121 -0.3636579731365059 -0.8659690427517913
vn -0.3196735965578192 -0.38731297698574607 -0.8647528256803949
vn -0.2908068269478332 -0.407111372350032 -0.8658473998943501
vn -0.2588136853897962 -0.4282375378203471 -0.86581065335125
vn -0.21847107287595272 -0.45139448349503825 -0.8651666952597503
vn -0.16974451055327394 -0.4727913552774288 -0.8646705358181009
vn -0.11837213130142683 -0.48721091472912187 -0.8652245737957112
vn -0.07221630837798308 -0.4947174107279196 -0.8660482020805305
vn -0.04222015297306416 -0.49815243551660726 -0.8660609734145763
vn -0.0074521667258926625 -0.5016295372144749 -0.8650504451216019
vn 0.020484383774121012 -0.5013858584122896 -0.8649812778352871
vn 0.05668997132645365 -0.49540642892383746 -0.8668095046386702
vn 0.10204377169150408 -0.4893105099006017 -0.8661190989464355
vn 0.14590175518491263 -0.4793679438732707 -0.8654010932629301
vn 0.18628502182735662 -0.464512862061957 -0.865751518405709
vn 0.22729296411272332 -0.44524799658862435 -0.8660785934305666
vn 0.27631804385881525 -0.41876697599151136 -0.8650332701445436
vn 0.3138251823785191 -0.39204584591696356 -0.8647622850265508
vn 0.34209442596742157 -0.3627874899804671 -0.8668083068566502
vn 0.3599238904921134 -0.3472791230358838 -0.8659399538977564
vn 0.3776945867830465 -0.3287899281496662 -0.8655888066871713
vn 0.4013469322226296 -0.3009169476978275 -0.8650835974538569
vn 0.42407139908588926 -0.2677036807501238 -0.8651578976060799
vn 0.4489744161974101 -0.22387421905028457 -0.8650446853456878
vn 0.4702430283521298 -0.1734108297861714 -0.8653324091926118
vn 0.4863108194838386 -0.1243356267405088 -0.8648944668432111
vn 0.4949741653888006 -0.08263823377217278 -0.8649690733874108
vn 0.49818157126723706 -0.044386173618338916 -0.8659359038873659
vn 0.5021624501900145 -0.00693661664261002 -0.8647454868160426
vn 0.5006821871998582 0.032095399525711533 -0.8650359719399254
vn 0.49448568691067596 0.07675161377553241 -0.8657904453291966
vn 0.48311134159596164 0.1314642550790921 -0.8656330523136517
vn 0.46714799454635525 0.1829207941891635 -0.8650507119496083
vn 0.4448967130606021 0.23059559594543538 -0.8653858017314832
vn 0.4215242487647017 0.2700187812574996 -0.8656830629460002
vn 0.39929471318989995 0.30227676714621166 -0.8655590609901963
vn 0.3775711233290674 0.3310407887193392 -0.8647843910664114
vn 0.3493303157469735 0.3603779475556934 -0.8649254681275523
vn 0.31047749849816564 0.3938232404188415 -0.865162977844247
vn 0.265678220146438 0.42594980103113556 -0.8648594396440132
vn 0.22044295279486664 0.4503962439854344 -0.8651867590103844
vn 0.17718836502162966 0.46766522096549096 -0.865963927886295
vn 0.1476336124357709 0.4779028007506619 -0.8659175650798624
vn 0.1150065052188757 0.48807769494291353 -0.8651899603304195
vn 0.08775459136979305 0.4938567526473603 -0.8651038316630696
vn 0.051630258581717534 0.4959267975968533 -0.86682808435359
vn 0.004214857244196475 0.5005560523154445 -0.8656938682171599
vn -0.03935827773596496 0.49976719520484303 -0.8652650903455791
vn -0.08593098100920755 0.4945771411540583 -0.8648753193094794
vn -0.1353795533021831 0.48030013009545597 -0.8665934234564612
vn -0.17357462953898545 0.46471376055125274 -0.8682816183328522
vn -0.19807325056416228 0.45942344688345793 -0.8658504974097255
vn -0.23974311465874637 0.43946531624135937 -0.8656751554680342
vn -0.273180992960523 0.41957584261433156 -0.8656374861219772
vn -0.3150887186604704 0.38947516621780226 -0.8654641496171394
vn -0.3404350252181502 0.36829805064951765 -0.8651361392824154
vn 0.2418417032832779 -0.4381308548898903 -0.8657678352459722
vn 0.2067916799903419 0.45468588774953644 -0.8663128445129898
vn -0.15664671780487838 -0.4751038678424335 -0.8658741944197887
vn -0.12228273439016726 -0.4850822027107469 -0.8658765440196158
vn 0.4694143976933176 0.17346540630000007 -0.865771260816271
vn -0.11776864534058192 0.4859829249227094 -0.8659971956410786
vn -0.16021288557870636 0.47384073225680245 -0.8659138477636685
vn 0.4991806331077604 0.01934556431650448 0.8662819660315061
vn 0.49913158238930755 0.05445254137134245 0.8648136124042847
vn 0.4898394554328131 0.10090675019732133 0.8659533103267755
vn 0.4772130019390419 0.14474815331889435 0.8667847038862059
vn 0.4591391764895684 0.1961298769093199 0.8664434707446388
vn 0.4337909158991775 0.2469183617927814 0.8665199154623752
vn 0.40534311806106815 0.29037705259484814 0.8668206988569549
vn 0.379730244403993 0.32293041689474444 0.8669030437880989
vn 0.3564994281809762 0.35077887248428974 0.8659459222868872
vn 0.3279655309328587 0.3776867128045931 0.8659049355967366
vn 0.2901530021980739 0.40591517848980896 0.8666280073866938
vn 0.2458834840195815 0.43356559439666825 0.8669268640674689
vn 0.19631638012152605 0.4588642209019161 0.8665468860206342
vn 0.147018401066075 0.4764470699380344 0.8668239609606072
vn 0.10230087180848214 0.48798503002391286 0.8668362833313944
vn 0.05748577823620585 0.49882757968723906 0.8647927098697983
vn 0.019272269395114623 0.4982235655762907 0.8668343892213839
vn -0.020208312047369684 0.4975408278444522 0.8672051364885088
vn -0.06711483827950132 0.4951499462417101 0.8662113652103325
vn -0.12172009140530554 0.48403451203313025 0.8665418688725511
vn -0.18105803926620173 0.4674990305363074 0.8652529357735176
vn -0.2256492793063426 0.44785928124835866 0.8651615265071788
vn -0.25860610153532204 0.4280540868535336 0.865963384316387
vn -0.2921453698674162 0.4058817603238312 0.8659740639889041
vn -0.32619505393110276 0.37898846615420634 0.8660049245315911
vn -0.3638095925786444 0.34357023900888156 0.8657956290113394
vn -0.3750598971759012 0.33065261952683667 0.866024779512944
vn -0.3744186260378164 0.3336735454602015 0.8651431428012204
vn 0.28041365540780055 -0.41923817690350645 0.8634856877143126
vn 0.29685398676185976 -0.4052942657724033 0.8646469040455752
vn 0.32348004742072534 -0.38220892252764904 0.8656078780030474
vn 0.3443215850332584 -0.36358497211165985 0.8655914822447992
vn 0.3640952395370182 -0.3438229846652383 0.8655751912817098
vn 0.38881547037613173 -0.31729847828222874 0.8649532968177933
vn 0.4129981211489519 -0.2865719872199585 0.8644703858827321
vn 0.4405745547025871 -0.24061007694688855 0.8648704253356277
vn 0.462397991835465 -0.1941059377514468 0.8651652917657764
vn 0.48112694388475524 -0.14126947803888548 0.8651935034677136
vn 0.49333685576786 -0.09158466745254555 0.8650034655587736
vn 0.49868160839305636 -0.048492089257258786 0.8654277385951877
vn 0.5002119012311997 -0.01559718998610638 0.8657625433865834
vn 0.5007065629345413 0.016895274020082743 0.8654521867498313
vn 0.49930836186414096 0.06086821281699807 0.8642836458252655
vn 0.48874333235305933 0.11235396502959853 0.8651627255161626
vn 0.4731619384197154 0.16610789390758504 0.8651739406688599
vn 0.45373249517340614 0.2154763660979293 0.8646946041678216
vn 0.4273769750976257 0.26206507637917714 0.8652576592546172
vn 0.3997282917984243 0.30010652062455934 0.866113946899907
vn 0.3812063445280198 0.3231276962089049 0.866181398342351
vn 0.3564642078041995 0.35333335462253335 0.864921273334002
vn 0.32272567898852256 0.3838144785741743 0.8651789307179364
vn 0.2808847764986837 0.41435084331007527 0.8656888130151121
vn 0.23440669792594268 0.4426986038685737 0.8654891369048324
vn 0.19754579305910694 0.4613423562038219 0.8649502240111592
vn 0.15604779178339515 0.4719717220927314 0.867693367627267
vn 0.12618148341927135 0.4823727613481721 0.866830290397983
vn 0.08172473089231755 0.49551154816023074 0.8647481564018682
vn 0.054073796100426154 0.49919182453751965 0.8648026057373971
vn 0.012637785932265019 0.4984686789586467 0.8668155873448237
vn -0.023724906632670455 0.5010379655508255 0.865100043857334
vn -0.057304548480252716 0.49781064891820903 0.8653905167882916
vn -0.11194474168530154 0.48894998075021834 0.8650990065497545
vn -0.16106310758188971 0.4747947832479873 0.8652332570911507
vn -0.20376859144242784 0.4571795062092249 0.8657166165922071
vn -0.2386337433057975 0.4401407656739349 0.8656385174816478
vn -0.2699837766211023 0.4235701390939011 0.8646948002789077
vn -0.2957267983614082 0.40363045494521865 0.8658106701650348
vn -0.3222914149724136 0.38286943546002156 0.8657593425575054
vn -0.3476372978768709 0.35909104569716527 0.866141980292483
vn -0.380867565841843 0.3269499499151465 0.8648951540737133
vn -0.41188360018780784 0.28565866280939933 0.8653040091541679
vn -0.44097223611007047 0.2393106803714808 0.8650282569027575
vn -0.4590179779364561 0.19890064880949523 0.8658758732256541
vn -0.47032323287768174 0.16908031633059606 0.8661454284616593
vn -0.4840176017531084 0.13275290784365698 0.8649298391501028
vn -0.4898169698131024 0.10625463112281679 0.8653261173962477
vn -0.4934143684361926 0.0721548194141208 0.8667963676989128
vn -0.5008687513641467 0.030936981464163217 0.8649701712110114
vn -0.5026292868062042 -0.009808100891033827 0.8644464131463545
vn -0.49801083697702697 -0.058524775425717476 0.8651936528401086
vn -0.4884296966428032 -0.11365473300084533 0.8651699446374255
vn -0.4754728281235033 -0.16440960434213084 0.8642309134232018
vn -0.4551893568029228 -0.20691170231833958 0.8660197439418272
vn -0.4416791795302616 -0.23444958023843532 0.8659982082518974
vn -0.424299240831436 -0.26812273309374546 0.8649163856860426
vn -0.3979363373390344 -0.3054271884165683 0.8650785536592296
vn -0.36298045909479715 -0.3458229340846696 0.8652466033313281
vn -0.3243924359393088 -0.38204464081345496 0.8653389162236259
vn -0.27987575313063484 -0.4152277377696117 0.8655954531975607
vn -0.23633591120886432 -0.4412626193549211 0.8656977751115628
vn -0.20065814060425732 -0.4584525778756775 0.8657699142661334
vn -0.16606627666305362 -0.4719272926289907 0.8658560054807849
vn -0.13768051584041308 -0.4831506318683043 0.8646441710224942
vn -0.09355469148907751 -0.49144962959954097 0.8658664915948981
vn -0.0424964619882385 -0.5005158848784069 0.864683699223518
vn 0.004069116357028407 -0.5013826992846784 0.8652160603861228
vn 0.0550518802407451 -0.49822788001401686 0.8652966370318892
vn 0.10035843569939629 -0.4904097996688853 0.865694179703603
vn 0.13827438760696872 -0.4812676944238539 0.8655989833842608
vn 0.16491793078955208 -0.4727598721844514 0.8656212678511509
vn 0.18821909685797727 -0.4635059750317866 0.8658728444106562
vn 0.21713983740129777 -0.45057311088697394 0.8659296523153439
vn 0.2587629293544273 -0.4295444844501625 0.865178179492733
vn 0.30162232604216005 -0.40130039370976306 0.8648595067647151
vn 0.3435200465927708 -0.3653330518850699 0.8651738199860427
vn 0.3792705870798703 -0.3286635609643589 0.8649474466522907
vn 0.4048055000387051 -0.29704549086968673 0.8648100852166335
vn 0.4240541682292528 -0.26642161143696536 0.8655620066562114
vn 0.443414074820352 -0.23234245839144801 0.865679467401087
vn 0.46326566906048927 -0.19251682347794444 0.8650561788392124
vn 0.47983353458660133 -0.14346968867106588 0.8655496678520282
vn 0.49299028474281115 -0.09055605523109449 0.8653092973094563
vn 0.5008449628481596 -0.041853532813798035 0.8645244964607017
vn 0.5027337809790652 0.007162596297777722 0.8644116164633421
vn 0.49924985646172354 0.05117600521047975 0.8649454302519006
vn 0.4923433905606885 0.0902393003364006 0.8657106066382705
vn 0.48648544630040963 0.12501640485259918 0.8646981028403048
vn 0.4750704296239803 0.16568953241662102 0.8642077676950424
vn 0.4544581296926332 0.21275602852595685 0.8649870985639819
vn 0.427807811332223 0.26124718993514096 0.8652920791929887
vn 0.3991605638546699 0.303467988898635 0.865204036038344
vn 0.36287701804216504 0.3453266088758615 0.8654881876600768
vn 0.32595073624170723 0.38029875706597144 0.8655223699694691
vn 0.2947765536430707 0.40488465901681164 0.8655490721589124
vn 0.26386752434442134 0.42522862085923796 0.8657681846767624
vn 0.2438193445372058 0.4370333614624895 0.8657678489053774
vn 0.2191410865022224 0.4479501956424505 0.8667859057636528
vn 0.17816781964103892 0.4667665651584827 0.8662477715379764
vn 0.1455257973176267 0.47878855176023 0.8657850570542384
vn 0.1038335469315757 0.49030660736248527 0.865342721300814
vn 0.05911457654483798 0.49633635063364506 0.8661152890231184
vn 0.013381467284011834 0.4984510571952253 0.866814559126858
vn -0.023039359108970082 0.5012237322935748 0.865010958380035
vn -0.05086281413822839 0.49900602222190554 0.8651045971003803
vn -0.08499659609422883 0.49273353882030546 0.86601919053449
vn -0.11489730112424346 0.4866498617281314 0.8660083846443726
vn -0.1601490796489284 0.4751340959086316 0.8652166567933655
vn -0.20820548966133298 0.4568095767211435 0.8648557594713319
vn -0.2567571931822769 0.4307714888293736 0.8651656882706824
vn -0.29365828036232644 0.4056965924268251 0.8655490103211394
vn -0.3250037768233667 0.380315278504631 0.8658711416755338
vn -0.35198632668048585 0.35813001597314753 0.8647823526697636
vn -0.3735528836730383 0.33239396965336826 0.8660095219093339
vn -0.3932949186748131 0.30886407761270107 0.8659804203935719
vn -0.4169814942713927 0.27935544045262034 0.8649202109586287
vn -0.44046999873890136 0.2400864003082762 0.8650691883300238
vn -0.46218615668502644 0.194580122399749 0.8651719670306147
vn -0.4803414609216582 0.14222156902028088 0.8654739200143794
vn -0.4922759138878703 0.09275088278327409 0.8654835055324772
vn -0.4976931005193617 0.05057463140211115 0.8658774649764047
vn -0.49967615168202983 0.020464828791594936 0.8659705157929846
vn -0.5013626666108432 -0.014270216737275812 0.8651195509541647
vn -0.499829959926258 -0.05760869149334972 0.8642055599361413
vn -0.4894585606900824 -0.11099068069669574 0.8649343247701973
vn -0.4741318467243184 -0.16301867171092085 0.8652305499665359
vn -0.45393958942467755 -0.21405445159368813 0.8649390388379291
vn -0.4288637282409711 -0.25920992741177956 0.8653820636750188
vn -0.4089218578954776 -0.2898330023583065 0.8653206023661292
vn -0.38641332702881015 -0.31516795635065953 0.8668067258531597
vn -0.36190278367331263 -0.3480715850644489 0.864796245852299
vn -0.328440882173529 -0.3792957152468795 0.865021009752036
vn -0.2832776078610181 -0.41216606899458746 0.865952035885411
vn -0.23711220901232938 -0.44064465130102254 0.8658002608090932
vn -0.20017772615152718 -0.45864894303770204 0.8657771220142068
vn -0.15776091550386326 -0.47485642831664976 0.8658076380038107
vn -0.11539888586604026 -0.48709584146276486 0.8656909023263197
vn -0.07690776229453347 -0.4948810694881261 0.8655506473691393
vn -0.04126178827482384 -0.5003321744686373 0.8648498020002366
vn -0.000692296893667417 -0.5018101960024136 0.864977484049747
vn 0.050474100678618815 -0.4989168729327474 0.865178778671607
vn 0.10500560972650388 -0.4908860452855756 0.8648726567939659
vn 0.1545462638395625 -0.4770715031427835 0.8651694823688117
vn 0.19774541015271482 -0.4594636800922712 0.8659040821243433
vn 0.22693560949098765 -0.4459214793113461 0.8658257696752476
vn 0.25940835200709866 -0.42965349099187156 0.8649307397632824
vn 0.2902065189701105 -0.4069991072775971 0.8661015546819494
vn 0.31386439085758516 -0.3889192177772488 0.866158753459855
vn 0.3432087943018549 -0.36343724009562894 0.8660953157854735
vn 0.37429542033636937 -0.3328790725524382 0.8655024329092608
vn 0.40738808941621835 -0.2909255313860333 0.865677353168926
vn 0.43452405260883387 -0.24810641622206106 0.8658129439629793
vn 0.44979298748692026 -0.21916222881202785 0.8658257248833251
vn 0.463785625936668 -0.18327985996105123 0.8667822022325968
vn 0.47999293433892165 -0.14795100942247555 0.8647064714662324
vn 0.48743370215892684 -0.12102866182854294 0.8647314317264261
vn 0.492115234826479 -0.08056395590255432 0.8667941189584819
vn 0.4996856323383888 -0.04179970813303564 0.8651976960409555
vn 0.5023957395640698 -0.0021623945384897296 0.8646350935034566
vn 0.4989885637566216 0.047961186134512016 0.8652803810700175
vn 0.4901528427889583 0.1015252336339583 0.8657036546310019
vn 0.4828446582339696 0.1335762610886636 0.8654585018870022
vn 0.4686128585372318 0.16818802375426373 0.8672455116512277
vn 0.46020097812152055 0.20292044246655333 0.8643138051455466
vn 0.4446161159203961 0.23523775102200425 0.8642798794128963
vn 0.42725938343817144 0.2608207749131243 0.865691597878685
vn 0.40741744110962486 0.29176050047518476 0.8653824813584772
vn 0.38290879083855006 0.32322037180742574 0.8653955449083551
vn 0.34810396604999694 0.36042195119623704 0.8654014362803887
vn 0.30661975818149023 0.3969315223227683 0.8651183101051869
vn 0.26447751590250557 0.4259202395308444 0.8652419275208687
vn 0.22385395653919557 0.44769503847535513 0.8657127460458799
vn 0.1884993222170094 0.46382944184507224 0.8656386396189908
vn 0.1557764719646292 0.47753137676571694 0.8646950184813671
vn 0.11789924895258612 0.4875451129195582 0.8651008784902899
vn 0.0654624459623568 0.49716754425916654 0.8651815422811188
vn 0.01450201885824056 0.5015866814591405 0.8649858336596282
vn -0.040825259861003084 0.49960748487718715 0.8652893499933838
vn -0.09141486827158354 0.4930218725994017 0.8652009910982928
vn -0.13059278159540888 0.48424081226873406 0.8651337244198093
vn -0.16534015502985952 0.47262558245774255 0.8656140548426773
vn -0.20211916222486243 0.4578589623737504 0.8657441971134153
vn -0.24274589953099457 0.4376192570253936 0.8657735351357368
vn -0.2856086816953598 0.41057736060931443 0.8659410556702617
vn -0.3199998489410793 0.38469049948257805 0.8658021230544143
vn -0.35386461627920596 0.3542658449524099 0.8656070381216441
vn -0.3920891412430803 0.31313745205524596 0.8649919314303529
vn -0.41833746204169603 0.27686437812823916 0.8650664043737775
vn -0.4350772320439153 0.24628472998551598 0.8660552141364698
vn -0.4492215004043244 0.21951474669150864 0.8660330938015304
vn -0.46915374660577075 0.1780296321270482 0.8649856716330484
vn -0.48452517928727873 0.12915866220486646 0.8651898003409887
vn -0.496305106223126 0.07531771780829433 0.8648748365636508
vn -0.5018910712410221 0.026826986758458134 0.8645146993487159
vn -0.5014482077285778 -0.013227447700535553 0.865086544568303
vn -0.4948620291685353 -0.054625776675386664 0.8672529023357666
vn -0.4926521772032946 -0.0869297756673061 0.8658735741430648
vn -0.4884368114214325 -0.10872375070889621 0.8657994151535642
vn -0.4808105387037602 -0.14385410720495276 0.8649434789115794
vn -0.46762738052785546 -0.1847823725884775 0.8643958050344931
vn -0.44754385906064087 -0.22671471514824046 0.8650462023223741
vn -0.4197058956586725 -0.27398165935699736 0.8653213342367896
vn -0.38997284183614983 -0.31602457656559474 0.8648986354693675
vn -0.35751339396180143 -0.3492767474010492 0.8661350511686138
vn -0.3325407275035901 -0.37396619488845495 0.8657747684196123
vn -0.30692731863042616 -0.39516543735512394 0.865817473950642
vn -0.281851193921473 -0.4157638724979258 0.8646966559496855
vn -0.25081133913325554 -0.43324297788946164 0.8656755710262676
vn -0.21657193233848432 -0.4512552132696673 0.8657166572384536
vn -0.17446057316574687 -0.4700637410749394 0.865218809167549
vn -0.1241805156744392 -0.4865474010209627 0.8647836874540227
vn -0.07138000295419898 -0.49604003695466803 0.8653607206918222
vn -0.024264797482175006 -0.4989801627563861 0.8662736385108112
vn 0.0037597942214705055 -0.4990826615419832 0.8665462254811237
vn 0.03987816316742237 -0.5004910190563245 0.8648227980033566
vn 0.06766928613164473 -0.49755426364653765 0.8647893514848487
vn 0.10468367350955038 -0.48755898437175854 0.8667915350641844
vn 0.14873618960089283 -0.4770781859943288 0.8661835546530353
vn 0.1906333067655531 -0.46275957180304034 0.8657439119371831
vn 0.22815338092329987 -0.4454283477806811 0.8657595634855212
vn 0.2691151861610131 -0.4219690959415991 0.8657477107378067
vn 0.3152752623553796 -0.39035676228432936 0.8649989058291588
vn 0.34914153786692026 -0.3605235812195787 0.8649410002540819
vn 0.3757765785873474 -0.3277033775371971 0.866834735884471
vn 0.38977032397724404 -0.31230490997429766 0.8663398511857917
vn 0.40734957640590896 -0.2913535761255868 0.8655515098945633
vn 0.42826771360391974 -0.2619682527445757 0.8648464603838216
vn 0.4478551975383674 -0.2263830716780383 0.8649719226052867
vn 0.4684149243546507 -0.18035080715731425 0.864905223131143
vn 0.4848237598962833 -0.12787261513629675 0.8652135667788823
vn 0.49598875317050517 -0.07766821184561352 0.8648484292620716
vn 0.5005462780061771 -0.03529338548777612 0.8649900580440069
vn 0.5001180158972508 0.0037327874354890567 0.8659492112548858
vn 0.5006869467649173 0.04036753650750598 0.8646866735040734
vn 0.4960799358955732 0.0789236299890574 0.864682460693632
vn 0.4853511839903164 0.12371461320806906 0.8655223409467695
vn 0.46873768991030657 0.1770859652180217 0.8654048410890425
vn 0.4480596185172974 0.2265377491936269 0.8648255468268844
vn 0.4211092888830965 0.2720749675918761 0.8652411102266537
vn 0.3936229570192334 0.3091995656384626 0.8657116126727311
vn 0.36858934750418426 0.3388586396242149 0.8656308192633083
vn 0.344829002977694 0.3652177557848565 0.8647016534995655
vn 0.3136480992047669 0.39197861465564793 0.8648570029304706
vn 0.27154958309025146 0.42157122587314727 0.8651812095967656
vn 0.22406458770184876 0.44918790290252814 0.8648845520785011
vn 0.17647865433181117 0.46918460776085874 0.865286708788204
vn 0.13130293549302988 0.4821987363004823 0.8661662183675435
vn 0.10296845618535552 0.4888039913953022 0.8662956510492396
vn 0.06854574267472728 0.49722396494440224 0.8649102900568
vn 0.04085400960653721 0.5003437262152179 0.8648624778172191
vn 0.0030716363698352887 0.49863987229945544 0.8668038087152099
vn -0.04389379453078551 0.49859412448570795 0.8657235319835193
vn -0.08661243089692529 0.4932367074743552 0.8655725487872076
vn -0.13144767470791657 0.48425815196090266 0.8649945381754112
vn -0.1798428751999844 0.4655216356756748 0.8665714898135337
vn -0.21635116428352993 0.4475135164069504 0.8677118337018617
vn -0.24118898410554282 0.4382667469109933 0.8658811306976214
vn -0.2805837357884443 0.4154415972977398 0.8652635705065266
vn -0.3121914362046403 0.39207623595757973 0.8653396629981895
vn -0.35101860539374036 0.3582456387246718 0.8651277368124232
vn 0.27882927070656366 -0.4121557387587214 0.8673994955068273
vn 0.30158639226007006 -0.3966717755787 0.8670047003694942
vn 0.3321669930604017 -0.3737657890885958 0.8660047480402115
vn 0.3528848639399501 -0.35420740161963743 0.8660308247631533
vn 0.37245292102701566 -0.33354983299015145 0.8660388735678588
vn 0.3958318719977327 -0.3089789066625606 0.8647827266709133
vn 0.4087998295286054 -0.28928622775357754 0.8655611924118873
vn 0.4285962325419525 -0.257780405413356 0.8659414137433145
vn 0.44986148334068393 -0.21579981700112413 0.8666343431856371
vn 0.4697571322183671 -0.16548262273575184 0.8671468954580143
vn 0.4857864815191156 -0.11418740028975811 0.8665868288800291
vn 0.49537451261271936 -0.0645571962555323 0.866277357816384
vn 0.49866946569165416 -0.015732951158590486 0.8666494321434945
vn 0.5006820080854348 0.026870737482349173 0.8652141297081845
vn 0.4976866183132804 0.054820507080373476 0.8656227480579178
vn 0.4913060170397667 0.09375151440113567 0.8659267008055672
vn 0.47821423931469703 0.13914252968960605 0.867150792969852
vn 0.4612955344955423 0.19021109799331323 0.8666176596715822
vn 0.43682123003793966 0.24136028121006234 0.8665635739184638
vn 0.4086993857889695 0.28552770091812696 0.8668556650701014
vn 0.380515996367613 0.322203162487417 0.866829105759301
vn 0.3554170143225037 0.3538702737855595 0.8651326922854148
vn 0.3340525370014207 0.373621051117716 0.8653416739557893
vn 0.2958298249124747 0.40279396328000067 0.8661649599455316
vn 0.25156721650277725 0.4313861162112135 0.8663832606423384
vn 0.20329244610238006 0.4561630824823834 0.8663644865400942
vn 0.14051149585837996 0.4787004223983225 0.8666616555076774
vn 0.10330847388631995 0.48765690877451945 0.8669014353130116
vn 0.066140867815727 0.4977332059031021 0.8648046261127439
vn 0.024208264630130736 0.49806121412926524 0.8668038918369481
vn -0.022624198761109927 0.4983717592311985 0.866668180580791
vn -0.07881745833573024 0.4926900651579118 0.8666281255280075
vn -0.13368121128874136 0.48088620333685433 0.8665320497180934
vn -0.1827689298582223 0.4638969995531528 0.8668304863605468
vn -0.22061437921963822 0.4469807558160441 0.8669126251310748
vn -0.25328740143944894 0.43128623990380877 0.8659316783336233
vn -0.2863090090601408 0.4101843014784586 0.8658960619795135
vn -0.3218454085481691 0.37892257730924017 0.8676596183998566
vn -0.36053609917413754 0.34417572683773284 0.8669237511154109
vn -0.3971616974869501 0.3022723832844618 0.8665413967911837
vn -0.42624740541235806 0.2587512953607143 0.8668107731958489
vn -0.4524875895608485 0.21210716741295996 0.8661786945113946
vn -0.46902331655343943 0.16919371466043592 0.8668279041704963
vn -0.4837705199087687 0.1318895966942613 0.8652001030692408
vn -0.4902529851319554 0.09913370285871433 0.8659240841590715
vn -0.49515162048815653 0.057032936623564276 0.8669325907289707
vn -0.5006007550979252 0.014403535981096892 0.8655584452517509
vn -0.4984468729294088 -0.03556797590344557 0.8661902989280277
vn -0.4908449222099186 -0.08453060463246112 0.8671365747223498
vn -0.48279009065187595 -0.13107352174825873 0.8658715033218625
vn -0.4715946403960669 -0.167767915253015 0.8657092016152779
vn -0.4596614610240578 -0.19819827682286148 0.8656955494362188
vn -0.4412702203209944 -0.23213488728716308 0.8668298487950431
vn -0.4239209605072112 -0.26725551566268296 0.86537015697938
vn -0.40694152713250176 -0.292188699737217 0.8654619328664558
vn -0.37603300907984444 -0.3288559326170162 0.8662868760779827
vn -0.33885490582303096 -0.36683913727578865 0.8663754383420734
vn -0.2954282380180714 -0.40267785260270755 0.866355991036485
vn -0.25247612130356856 -0.4313924531128315 0.8661156733189853
vn -0.21199556696529018 -0.4531269863111461 0.8658717075084759
vn -0.17455554335271578 -0.4690277366230599 0.8657617135003649
vn -0.14058711735235344 -0.4787243173974716 0.8666361926246102
vn -0.08960437718284173 -0.4922580986047255 0.8658250515824402
vn -0.02964411721865443 -0.4978374021902398 0.8667636051974034
vn 0.026113894150219853 -0.49854487779185996 0.8664704665248613
vn 0.07763999572555019 -0.4926667430245966 0.866747663037676
vn 0.11808724752675716 -0.48435458751213617 0.8668656386819719
vn 0.15356822241170698 -0.47589352507820404 0.8659920056524479
vn 0.19090425050858645 -0.4606415469578304 0.866813089630084
vn 0.23323354846983413 -0.44048611693126466 0.8669337302579624
vn 0.2782238762212912 -0.4141748011597028 0.8666318184700583
vn 0.32248488498515515 -0.38006958872146834 0.8669201847259095
vn 0.360672646175842 -0.3447973963628599 0.8666198692402044
vn 0.39213620799803045 -0.3103298480262537 0.865981858817451
vn 0.4154219701946867 -0.2781955947743014 0.8660437620165262
vn 0.43381893418364037 -0.24618163582052202 0.8667154864939833
vn 0.452103560188703 -0.2118318253276497 0.8664465642167762
vn 0.4725031090792394 -0.16196281170793828 0.8663191441576895
vn 0.486507502488794 -0.11136066106980916 0.8665502023473373
vn 0.4965088302845586 -0.06375732934946488 0.8656870014062145
vn 0.5013265070228898 -0.014899438415104233 0.8651298978137001
vn 0.500797868780114 0.02727697795143795 0.8651343601424768
vn 0.4975902088081131 0.05481656955946317 0.8656784205465855
vn 0.49378097122444853 0.07990091304584715 0.8659077298136796
vn 0.4885229325559139 0.10783207759189742 0.8658623374470015
vn 0.4824259321196572 0.13914919015020652 0.8648136925945503
vn 0.4718182959196748 0.16783052605269524 0.8655751903562912
vn 0.4605659753619004 0.1976937762498264 0.8653300833618491
vn 0.437099393098716 0.2401797152967809 0.866751305111617
vn 0.41022318160247645 0.2845088510897309 0.8664708044288294
vn 0.37562749300917336 0.3287533864410119 0.8665017007480194
vn 0.33989237659381555 0.3661748054541114 0.8662500702361019
vn 0.30514684026778083 0.3963226935992438 0.8659178531551531
vn 0.27212809875948657 0.41979010905365355 0.8658652101835878
vn 0.2370539576469846 0.4388014024186122 0.8667518389939306
vn 0.19606729952915394 0.4583012370735701 0.8669011420872512
vn 0.14504480380856802 0.47841540041381175 0.8660720002026542
vn 0.08214807315989306 0.49234785464635983 0.8665132913586748
vn 0.035132187579745185 0.4965146969184352 0.8673170614832016
vn -0.003881792221892048 0.49886449102937064 0.8666713052127393
vn -0.04075355859318391 0.5005005040719701 0.8647764988051513
vn -0.08660542104630095 0.49101894440511484 0.8668332580610181
vn -0.13199414161814937 0.4806907121971943 0.8668990632050781
vn -0.18170041312591637 0.46471403242741843 0.866617463437542
vn -0.2321976863537151 0.4410315739187267 0.8669344757585504
vn -0.27719464661556237 0.41484707239894403 0.8666400835466236
vn -0.31151569002678564 0.389132262688551 0.8669106395713598
vn -0.33991948674949907 0.3674941458773684 0.8656805388096817
vn -0.36733404529126934 0.3400348492227985 0.86570318266943
vn -0.3909270516118542 0.3095088641288372 0.8668219559654333
vn -0.41593105311327094 0.2794562625933128 0.8653932957641068
vn -0.4319498987308013 0.2537264439126176 0.8654722275416514
vn -0.4523356991903767 0.2126023088706404 0.8661366367385841
vn -0.4722031570434074 0.16167372182691617 0.866536661745406
vn -0.48682366388343296 0.11209001066711774 0.8662785636224389
vn -0.4959670413295338 0.06359119106777729 0.8660097310847089
vn -0.49906887738486566 0.016186466159790365 0.86641113447316
vn -0.5008254635590746 -0.025700230091559174 0.8651666621085667
vn -0.49743919119576674 -0.05481039901846137 0.8657655983128103
vn -0.4918456493474545 -0.09177141856549244 0.8658324687562012
vn -0.4789217970921196 -0.13852009068464868 0.8668599060671633
vn -0.46108517547088607 -0.1895094385281685 0.8668832872248264
vn -0.43782703799569883 -0.23993349869999023 0.8664521919883951
vn -0.4067725106046339 -0.2878907823287026 0.8669804046612417
vn -0.3790568200734788 -0.3240508809903691 0.8667796454031138
vn -0.35339498722250634 -0.35668561066778576 0.8648048092769566
vn -0.3245136353788691 -0.3805690604907286 0.8659434685072661
vn -0.2975015897599872 -0.40210300134115606 0.8659133792722655
vn -0.2532707688874341 -0.4309872581489577 0.8660853889429214
vn -0.19703795303964874 -0.4594396419957482 0.8660780914125261
vn -0.13867540577629767 -0.4794738861118178 0.8665298173574933
vn -0.09883883305043072 -0.4890077566463852 0.8666615827535561
vn -0.06263164479637402 -0.49603316574194334 0.8660417862632995
vn -0.023100696903395487 -0.49951268105804464 0.8659985215142008
vn 0.023659308129264 -0.49843852037188524 0.8666021454787256
vn 0.07536467872045648 -0.4927436982734496 0.8669047312208914
vn 0.1300940679458215 -0.48167625692966204 0.8666392080880823
vn 0.17949122527586314 -0.4649760512420113 0.8669372363789412
vn 0.22251782072046625 -0.4462476124991328 0.8668038346711662
vn 0.25634450519705493 -0.4301168158657189 0.8656136663459121
vn 0.2830879020390023 -0.4130075469130877 0.8656130809501378
vn 0.3192184510997042 -0.38158559124352426 0.867462977326892
vn 0.35841608532985386 -0.34698287122577937 0.8666837928868504
vn 0.3949957270816576 -0.30588776483978625 0.8662626916291342
vn 0.4247894644220011 -0.2637035585367648 0.866033685332803
vn 0.45147517605928394 -0.21243824197628994 0.8666257316444406
vn 0.4686096148077691 -0.16979584588779484 0.866933907301452
vn 0.48395800172666176 -0.133669449724996 0.8648220226005773
vn 0.489772596027876 -0.09288924339399861 0.8668877624247592
vn 0.49513072801673386 -0.06107089050033394 0.8666694343907113
vn 0.5008109122557279 -0.021082469817310902 0.8652999246688906
vn 0.49922878124974424 0.02942124788068267 0.8659705619390526
vn 0.4920024347500929 0.07950008776445412 0.8669563658255383
vn 0.47880672399819757 0.13671169887068874 0.8672104891236059
vn 0.46008247645164074 0.18704220859141255 0.8679512238987696
vn 0.4373299457350664 0.2388677286933237 0.8669975356091022
vn 0.42125218235208073 0.26967772283557334 0.865921777454424
vn 0.39812048935669714 0.30268910273285765 0.8659557627507086
vn 0.3679426669662792 0.3377507681346182 0.866338624586378
vn 0.33065932517312835 0.3737114316545494 0.8666049714412896
vn 0.286689394793491 0.4085737383021895 0.8665314139041446
vn 0.24244741082479684 0.43571672700999264 0.8668161205169479
vn 0.20537561018021158 0.4541827404837077 0.8669134310816824
vn 0.17246332310829887 0.4694648857565992 0.8659440647201099
vn 0.13521301345568978 0.48159621718506007 0.8658998351918493
vn 0.08968142655263177 0.490350289092304 0.8668989766510161
vn 0.03823891354802274 0.4975402151790339 0.8665976689157823
vn -0.017798787277395138 0.4984153889631738 0.8667556190854158
vn -0.06947532095971345 0.4943677640548761 0.8664719808747003
vn -0.11512911873622926 0.4866310277244137 0.8659881805630492
vn -0.15378521662489086 0.4757990029558347 0.8660054364343613
vn -0.18879112752997287 0.4624922312710197 0.8662902782439122
vn -0.22581414727803187 0.4458601743056747 0.8661504926150009
vn -0.27081582513830577 0.42048759143507697 0.8659382046680851
vn -0.3217271187810547 0.3820247554491345 0.8663421652354628
vn -0.36662703948130076 0.339402766846499 0.8662507580245559
vn -0.3907651047183711 0.31140980443308747 0.8662139266009213
vn -0.41291883967688237 0.2857449081004174 0.8647819837014303
vn -0.43463825611420454 0.2443198082700301 0.8668318277548991
vn -0.4551609983332342 0.20462375567950364 0.8665780889267329
vn -0.4745897874690491 0.15412552414257316 0.8666082485401693
vn -0.487550746947804 0.1038283879158273 0.866899033921159
vn -0.4974356790480005 0.054681821566613456 0.8657757467151708
vn -0.5010676422140451 0.006478842397212214 0.8653838700410643
vn -0.4966523764320135 -0.03681020897925354 0.8671686257581838
vn -0.4930589205588096 -0.06877103457010808 0.8672735702542413
vn -0.4880097821323637 -0.11026058379630116 0.8658458616890317
vn -0.4806003164711061 -0.14013252837984075 0.8656709596017104
vn -0.4746072607971557 -0.16388918520261567 0.8648053439776164
vn -0.4562527603884311 -0.20641836825043566 0.8655777699818569
vn -0.4333727095260997 -0.24671742510846065 0.8667863674434767
vn -0.405520866715835 -0.29104689505399783 0.8665128571103057
vn -0.37006446381764063 -0.33394813233121096 0.8669088403816506
vn -0.3321955134563898 -0.36990358652254174 0.8676505503468582
vn -0.297900260292189 -0.4019142996102215 0.8658639215758277
vn -0.2654657008203227 -0.42392011556070774 0.8659212997212685
vn -0.23313262680066876 -0.4405450153334132 0.8669309475303687
vn -0.19578674399533974 -0.4585257164134357 0.866845844578636
vn -0.14722185881280295 -0.47686798917006756 0.8665579295076581
vn -0.0921993860276738 -0.49063134651863427 0.8664757094283899
vn -0.04012930352365982 -0.4971254119331871 0.8667502315021122
vn 0.005742604454054193 -0.4985834723647202 0.8668226713571943
vn 0.05174826944165538 -0.4994322469141506 0.8648060749972081
vn 0.08946712179859846 -0.49039887640757657 0.8668936359988237
vn 0.12801745661102842 -0.481411640657561 0.8670953598320306
vn 0.17258420519491305 -0.4690576177481541 0.8661406602565582
vn 0.2304122749626838 -0.4436409480420188 0.866079033787852
vn 0.2843077445378032 -0.41107868636191736 0.8661312949055631
vn 0.313121316698728 -0.3895804855692637 0.8661305249744241
vn 0.3412653712062536 -0.36833929025136486 0.8647913700266551
vn 0.36905122499576665 -0.3357735339572988 0.8666356369449337
vn 0.3895970975586936 -0.3111570255017349 0.8668306680400472
vn 0.41483918054123525 -0.27906614691180015 0.8660430358450312
vn 0.4357355365038928 -0.24531622951817128 0.865999128038044
vn 0.45558954925120254 -0.20492874973125735 0.8662807686579853
vn 0.4739766736496695 -0.15430451993181005 0.8669118916963872
vn 0.48800333415851194 -0.1040845642764575 0.8666136101686585
vn 0.4967571108999809 -0.05507697810350676 0.8661402307093754
vn 0.49900017923113404 -0.012449302399799304 0.8665124557656713
vn 0.28331833656460786 -0.4125255284944033 0.8657675256711103
vn 0.1620034886762614 0.472707811891823 0.866199858135041
vn -0.10978567186493596 -0.48837394996033934 0.8657008670743611
vn -0.07447228505033592 -0.49446019027819604 0.8660040409775417
vn 0.45031366687151536 0.2183062926555583 0.8657713116150912
vn -0.16455808154014592 0.47246539225573353 0.8658505014842127
vn -0.20504972746660705 0.4561490805309291 0.8659576349895289
vn 0.4491600986448303 -0.17775867864165484 0.8755895487915211
vn 0.45259106730538806 -0.20759171509535823 0.8672179689208114
vn 0.44029889755298224 -0.2631433978553811 0.8584243897855847
vn 0.41405668092074194 -0.31878354558296046 0.8526043138821522
vn 0.37580884582865104 -0.3539053303371824 0.8564570792257293
vn 0.33066836221452195 -0.3808030213645308 0.8635088263301136
vn 0.28584030882485245 -0.41389728478513266 0.8642825669295937
vn 0.24048223242432182 -0.44325856555866033 0.8635335198746446
vn 0.1929053551472095 -0.46962691236536613 0.8615324063189392
vn 0.14065040405549725 -0.48458029984639994 0.8633651584583423
vn 0.08858569590569455 -0.4961528412351703 0.8637041927738753
vn 0.03506794960368448 -0.5013165496757862 0.8645530382410084
vn -0.018913574814900132 -0.5021925051692722 0.8645489948172584
vn -0.07381388685740765 -0.49682403557827604 0.864706532748954
vn -0.12769540929633194 -0.48584111707975913 0.864668891194389
vn -0.17993126462127323 -0.4691763429636986 0.8645798396996075
vn -0.22152495241181222 -0.4481126041088675 0.8660957161294088
vn -0.249530412124243 -0.43285240012276727 0.8662409440410129
vn -0.2835208482745329 -0.4136607955405447 0.8651593349357406
vn -0.32048016381762967 -0.38756146537470043 0.8643428574102061
vn -0.36038743671768464 -0.3504092915721026 0.8644849471425132
vn -0.3960733665442623 -0.3085239195538772 0.8648345965428343
vn -0.4243836297241118 -0.265717946828376 0.8656168364556573
vn -0.4449685921549018 -0.22841786410512124 0.8659262274312629
vn -0.45785680668396467 -0.19955493620975615 0.8663399863838
vn -0.4068906040741965 0.2980477833012553 0.8634857006258663
vn -0.41757013668369736 0.27932133785408336 0.864647194622965
vn -0.434694579796539 0.24852114436304176 0.8656083774432838
vn -0.4479099080188902 0.22389229462849797 0.8655916789713815
vn -0.4597317770058237 0.19855981614408433 0.8655753535215146
vn -0.47388775499528474 0.1651815371832802 0.8649540192630459
vn -0.48610290103313675 0.12803727182496843 0.8644711832275196
vn -0.4962981078826777 0.07541431537633629 0.8648704348909104
vn -0.5018821918647893 0.026919858336642434 0.8645169672806485
vn -0.5014283225204397 -0.013261392215472914 0.8650975510604831
vn -0.4948752221498147 -0.054639946636799684 0.8672444815239237
vn -0.49327700308465705 -0.0941158737119614 0.8647658645802652
vn -0.4872797437390843 -0.12131906320275751 0.8647775067872532
vn -0.4724807845375118 -0.1596603578425381 0.8667586044432499
vn -0.46284250981133446 -0.1926773727263518 0.8652469249588902
vn -0.4480382635711656 -0.22493869737144345 0.8652538915260497
vn -0.42259341411670026 -0.26917967157807454 0.8654230819398746
vn -0.3909480037707611 -0.31419101855790116 0.8651263851052086
vn -0.35772592401278586 -0.3521804567858273 0.8648705620769647
vn -0.31885037342655 -0.3872405353334621 0.8650891324946831
vn -0.28328016993202126 -0.414152690495169 0.8650028290583205
vn -0.25274598761488254 -0.4317419258783069 0.8658627923542321
vn -0.2234894891831077 -0.4475405137147234 0.865886792143543
vn -0.18141805794002094 -0.46750657895915115 0.8651734432373559
vn -0.13173113756781377 -0.48363852476864183 0.8652980323303074
vn -0.08572043359111949 -0.49248846679524394 0.8660872458006875
vn -0.05634552459272576 -0.49671410159972845 0.8660833003414541
vn -0.017388699670642698 -0.4997377422755124 0.8660022067345658
vn 0.00916931757589483 -0.5011523849414226 0.8653104706882476
vn 0.04353015391701641 -0.4966790257575362 0.8668420104451015
vn 0.08760888229350335 -0.49275518025444537 0.8657465079777638
vn 0.11251419162834445 -0.4883389527324688 0.8653702236189872
vn 0.14576801770074313 -0.47683400283368477 0.8668223686299293
vn 0.1879604108674233 -0.46386768127889266 0.8657353280370931
vn 0.22676898200073053 -0.44639309573439767 0.8656263818085799
vn 0.2546533029692711 -0.4311303763130693 0.8656086262896134
vn 0.291845853729359 -0.40355613223749864 0.8671611417692171
vn 0.3147236641239899 -0.3832492750937838 0.8683714691193276
vn 0.3409085568733922 -0.36782681909272247 0.8651501528674839
vn 0.3672978563064292 -0.3365402504187221 0.8670830090601508
vn 0.3939650949616069 -0.31065225575963884 0.8650356524117027
vn 0.4103464291871878 -0.28810901191746646 0.8652219399121044
vn 0.4279219146515096 -0.2587952277324025 0.8659722080205114
vn 0.4431940327425238 -0.23158702307967133 0.8659945150418186
vn 0.4595078403655293 -0.1983465796711181 0.8657431368341169
vn 0.47353320155343026 -0.1621336599260911 0.8657245424183888
vn 0.4853588819861706 -0.12886482161632737 0.8647662189441296
vn 0.49409640448108333 -0.0887428235092149 0.8648661482301628
vn 0.4996868581623125 -0.04721235772924475 0.8649185146922934
vn 0.49952092172735246 -0.003621241733209119 0.8662942544914897
vn 0.5009089109501708 0.03212439267044504 0.8649036283461118
vn 0.498219982513992 0.05992544271898491 0.8649773351589574
vn 0.49061355792531 0.0945398748392388 0.8662335417456714
vn 0.48388611367600354 0.12371528662901614 0.8663421707650126
vn 0.474084548837276 0.16071156911126194 0.8656879530798338
vn 0.46113754246579464 0.1942090878221767 0.8658146436367806
vn 0.44777690077450266 0.2229944701482792 0.8658922065800508
vn 0.4261045768256287 0.26424008696545687 0.8652237086723523
vn 0.3976593511364711 0.30804934305531884 0.8642757908774878
vn 0.3650268968989003 0.3419471734208316 0.8659258023236538
vn 0.343134607910104 0.3641501325333042 0.8658252259147663
vn 0.31589877578507797 0.3884707685973557 0.8656202547323328
vn 0.28601711599273877 0.41010549106478694 0.8660298468053547
vn 0.2602366209751778 0.42687916767513473 0.8660548927801319
vn 0.22848863253610535 0.4452791386100909 0.8657479041386331
vn 0.18817483114520922 0.46400413473973046 0.865615616695948
vn 0.14302987126803857 0.48186315003914004 0.8644942802352169
vn 0.09164334051543017 0.4932658652406442 0.8650377357824175
vn 0.04858633467127615 0.49848031626380557 0.8655384118459141
vn 0.0030873043286798307 0.5004355954419357 0.8657682619307877
vn -0.022238675319012736 0.4978317278729263 0.8669884728432738
vn -0.06370730036645757 0.496859348379483 0.8654895538410232
vn -0.11513262790812101 0.4889122462349583 0.864701852358637
vn -0.15771235061669897 0.47530745061761837 0.8655689700135603
vn -0.20475074387903772 0.45735284103195667 0.8653932699535964
vn -0.2439114100297044 0.43699999692585334 0.8657587578212106
vn -0.27782803721785726 0.4164081208050579 0.8656880839328177
vn -0.300549566103594 0.4003574541597657 0.865669606266532
vn -0.32237160625829087 0.38314700625814596 0.8656066768884524
vn -0.35008033995978177 0.35967168094720037 0.8649162025874292
vn -0.37799715488920216 0.32950862800300795 0.8651833418225549
vn -0.4102961347315 0.28842061239976857 0.8651419722608154
vn -0.43988412502685864 0.24193756218556045 0.8648515320869029
vn -0.4619835278660024 0.19639551475995107 0.8648699449990481
vn -0.4765999462791212 0.1580448943982418 0.8647972609585367
vn -0.4850547961400821 0.12342540306185616 0.8657297584237946
vn -0.4931855885257266 0.08549481036932456 0.8657127772364492
vn -0.498406823924649 0.0510104816524368 0.8654412566008916
vn -0.5001838761221424 0.017913117854133694 0.8657339142462731
vn -0.500722581475246 -0.014781313782036485 0.8654816053294505
vn -0.49789428580763107 -0.05924399926670317 0.8652117825775351
vn -0.48907495102694254 -0.11087165899346187 0.8651665547800791
vn -0.47367640431215263 -0.1629147349685998 0.8654995396463367
vn -0.45601042057179103 -0.2044157636873051 0.8661805192256832
vn -0.443198414536781 -0.23038284578297513 0.8663134015591711
vn -0.42784167941594614 -0.26244323602468683 0.8649133165927283
vn -0.4100128489118427 -0.2893700951946514 0.8649591965718574
vn -0.3848376961511702 -0.3201440350714206 0.8656833973394943
vn -0.35803916460152485 -0.3496673347529579 0.865760192904597
vn -0.32631104804763683 -0.37996559892919735 0.8655329245917968
vn -0.28616013985477745 -0.4104684273549218 0.8658106285459144
vn -0.2587140231237799 -0.4281888353666988 0.8658645249150807
vn -0.2175128433855104 -0.4488216584760578 0.8667452231452741
vn -0.1895730675525554 -0.46136180322312853 0.8667221807392593
vn -0.1616152176727911 -0.4755450637457832 0.8647181123138311
vn -0.12967699771072524 -0.48345762509544427 0.8657093051375879
vn -0.10262316462067156 -0.4900672732202751 0.8656226393768146
vn -0.06804844731232536 -0.49332275944476117 0.8671805255148365
vn -0.03625730749995056 -0.5001065665319034 0.8652045017014907
vn -0.006844178735403331 -0.4999746652456871 0.8660129856589339
vn 0.02965092128391623 -0.49942327020507854 0.8658505760491703
vn 0.06137729878104322 -0.4963616486896666 0.8659433820432019
vn 0.09796212360259153 -0.490788923923519 0.8657538070914068
vn 0.13232264190094017 -0.48257521770074985 0.8658012922729035
vn 0.16319853059865536 -0.4728300867282496 0.8659087415513229
vn 0.1975675735510527 -0.45973221938621983 0.8658021369454861
vn 0.23256368314430523 -0.4432213486161082 0.8657187588433517
vn 0.26400932609870476 -0.42725866936277607 0.864724872538808
vn 0.29098893098763584 -0.4059293989872992 0.8663410212384514
vn 0.3159871737092275 -0.38742578515975057 0.866056214713921
vn 0.34444272403659915 -0.3623814570778591 0.8660478563130186
vn 0.3649924054628452 -0.3437398033850119 0.8652303112601171
vn 0.3851647695085212 -0.3156567828395879 0.867184464676812
vn 0.41427569796315106 -0.28090899650354934 0.8657169177973323
vn 0.4366956830338568 -0.24482707012701738 0.8656538489215039
vn 0.4512463854240012 -0.2170451454678794 0.8656027405632452
vn 0.464320633444032 -0.18176397822511187 0.8668149777074192
vn 0.47990808155124925 -0.1410877712388522 0.8658998060218357
vn 0.4860953582827989 -0.11896834263563671 0.8657700827046677
vn 0.4919302755470366 -0.08172062774325894 0.866790830016945
vn 0.49992620483574224 -0.04114196411546582 0.8650902429846572
vn 0.5025730126604285 -0.0004033962317685621 0.8645346749650364
vn 0.4996288173526268 0.048657913274984144 0.8648719282914318
vn 0.4913613325732518 0.09385349096248645 0.8658842665656842
vn 0.48441771286761565 0.12533857087205855 0.8658115973535226
vn 0.4754580648387985 0.16053408691716933 0.8649673031493247
vn 0.4641541067495517 0.1907271495306686 0.8649763693994373
vn 0.44818264252882917 0.22332148257353837 0.8655979634663155
vn 0.434604209455205 0.24667688379011393 0.8661810989206673
vn 0.42139458551262826 0.26530882650040843 0.8672011473018335
vn 0.3961545135953033 0.3047467100600534 0.8661356961040472
vn 0.36820697942216296 0.3394025876761804 0.8655804432769489
vn 0.331978062392543 0.37447692039648367 0.8657699476075955
vn 0.3067678491629626 0.3952855740675948 0.8658191506625282
vn 0.2743388661254568 0.4163547974679909 0.8668257432485419
vn 0.2378586904414638 0.4400428695960576 0.8659015627074126
vn 0.21831382197538146 0.44998793529473285 0.8659387583563197
vn 0.18020072859656988 0.4640786421953347 0.8672708407823937
vn 0.14532700469259144 0.48038707136266895 0.8649325542345355
vn 0.10855509942766338 0.4908696050329732 0.8644436483906993
vn 0.06172454167932558 0.497618511196663 0.8651970285830238
vn 0.005881164609622151 0.5014992288939799 0.8651381018782944
vn -0.04543497857336557 0.49998385499957115 0.8648420708209132
vn -0.09725840447574893 0.4921348124210871 0.8650688580466258
vn -0.13970914102307777 0.4803594219897902 0.8658730747749515
vn -0.17074798405027825 0.47024113924351474 0.8658628048979394
vn -0.203039457422662 0.4573005252195395 0.8658240054211044
vn -0.2443087956925696 0.43852224261667616 0.8648765548202167
vn -0.2875993262498215 0.4106536224858145 0.8652457627055603
vn -0.32456265917802135 0.3793345279288754 0.866466615737888
vn -0.3457273504697551 0.36008983452782034 0.8664917254116683
vn -0.3743308259443875 0.3314448361583174 0.8660373856432406
vn -0.39462164756809875 0.30860704740721834 0.865468338855465
vn -0.41590366071480034 0.27845996821808716 0.8657275501588303
vn -0.4366692579941098 0.24428802601698535 0.8658194496935249
vn -0.4564642631759397 0.20536093519976453 0.8657177731438374
vn -0.4743076874504053 0.15830843196005917 0.8660084630047192
vn -0.4863969965752323 0.11701133808942953 0.8658673734938364
vn -0.4935627638598659 0.0828219885578615 0.8657576545098125
vn -0.4980352148293803 0.04076215563731198 0.8661982287315374
vn -0.5013771214618282 0.0007207205279807 0.8652285609228184
vn -0.5006516576724023 -0.02447827719597255 0.8653026820803187
vn -0.4953141484616921 -0.05768388852151772 0.8667966678170296
vn -0.49010883198662564 -0.10191878226041033 0.8656823289355402
vn -0.4789774467714574 -0.14630291018125618 0.8655495733675748
vn -0.4648953211944913 -0.18990555943875584 0.8647590524682145
vn -0.44889512869371023 -0.22519230948566724 0.864743654029082
vn -0.42522827808733543 -0.25913251066638576 0.8671973555256123
vn -0.4083249333455693 -0.29072294084459005 0.8653039468735882
vn -0.3914329492192227 -0.3109996384438516 0.8660597387901916
vn -0.36024400042219823 -0.34472274254324026 0.8668278323480841
vn -0.34615054324064054 -0.3601896422938418 0.866281260906897
vn -0.32115999670978507 -0.38152156238555623 0.8667742231678645
vn -0.29703820277234666 -0.40378821610497045 0.8652880344882505
vn -0.2669075507551473 -0.4245024149673128 0.8651924982550461
vn -0.22307925909728515 -0.44930370621632065 0.8650790852522586
vn -0.18020965096963779 -0.46622076470255186 0.8661193221823246
vn -0.1428473918706055 -0.47977117673902536 0.8656871493826258
vn -0.10898506702454192 -0.4902634946160055 0.8647334624105615
vn -0.075293020687532 -0.493992247592727 0.8662001041064545
vn -0.0429580184077301 -0.498500328580682 0.8658244805152099
vn -0.006637949279630211 -0.5018659666121955 0.864919932239839
vn 0.039240221806971835 -0.5003387253253158 0.8649400932621738
vn 0.08940479743652707 -0.49379881328544245 0.8649679266846965
vn 0.1342604146184882 -0.4814420887844973 0.8661337403734436
vn 0.1620887322998612 -0.4724192485489936 0.8663413279197917
vn 0.19797050666604848 -0.4595840804868659 0.8657887452799499
vn 0.23697616894810072 -0.44158424519872463 0.86535868271079
vn 0.2700509946350651 -0.42256479224343574 0.8651655660351226
vn 0.29958987845664065 -0.4011268697348722 0.8656460818966596
vn 0.32825260481192325 -0.3801414865453786 0.86472115600421
vn 0.348947608521782 -0.3613737760378555 0.8646644207431409
vn 0.37400897939623884 -0.3288328612643754 0.8671713975239657
vn 0.39937593902801105 -0.30270716070331793 0.8653711540052801
vn 0.41344237256049743 -0.2809635395911398 0.8660975083626351
vn 0.4363675659682455 -0.2412278771430328 0.8668289673632364
vn 0.45347328127305253 -0.21368162868018484 0.8652757622492582
vn 0.4699329878994284 -0.1758161539498564 0.865015414252368
vn 0.48613330843635105 -0.12787210973347596 0.8644785306651851
vn 0.4930713342895336 -0.08612473078728726 0.8657154209373633
vn 0.4977562869846204 -0.04438132921375121 0.8661806834514986
vn 0.4996084309648754 -0.022838769648752963 0.8659502331599355
vn 0.4999345664620181 0.004826725579940336 0.8660497283508666
vn 0.49833642198957007 0.04630840082211977 0.8657461189817318
vn 0.4929140577554015 0.09016522147011775 0.8653935315822214
vn 0.4799047777366006 0.1404753496536095 0.8660012011800446
vn 0.4677383882545295 0.18169255488082575 0.8649905292278831
vn 0.4447747366252722 0.2355430518839637 0.8641150990285428
vn 0.4254700091028774 0.2668675275561351 0.8647294340370709
vn 0.4040822418053618 0.2958988570254078 0.8655411072090166
vn 0.38248078903467936 0.3249269331426074 0.8649456249602913
vn 0.35509327828018905 0.3544461208354342 0.8650298903187917
vn 0.3177100799405017 0.3885661165112347 0.8649142606082856
vn 0.2737456817721076 0.42035260175612466 0.8650820723538204
vn 0.23023711926344576 0.44578682004130366 0.8650231095125334
vn 0.18242619605331506 0.4670808827761273 0.8651913845725644
vn 0.14030341680233366 0.4817565040996806 0.865000359532437
vn 0.10173118670940864 0.4899364321006796 0.8658019739820139
vn 0.06749469152646052 0.4976895831286197 0.8647251271132398
vn 0.02520477415431605 0.5007720621827331 0.8652121480290731
vn -0.0269692755560913 0.5020356027031079 0.8644263483921039
vn -0.08147592206395031 0.4950047499522538 0.8650618311129764
vn -0.12681236978137572 0.4865047677767172 0.8644256670188327
vn -0.16356657743630795 0.4747008171794086 0.8648150720905444
vn -0.19830513107394315 0.45731881507411853 0.8669109391217475
vn -0.2384954017725773 0.43986441030057843 0.8658170960914675
vn -0.26867833121192347 0.42449833975309514 0.8646462362631562
vn -0.3162126530272983 0.390619753449134 0.8645378917553441
vn -0.34664147228035347 0.361378958752218 0.8655893586837072
vn -0.3782395466617557 0.32705930257210747 0.8660063844696275
vn -0.4059871730093713 0.2882389424034085 0.8672327988689216
vn -0.42520116961031396 0.26473065713492067 0.8655181364563854
vn -0.43968431945864334 0.23897323852513788 0.8657768133248875
vn -0.45561247043268094 0.20631302430929532 0.8659400745932606
vn -0.4675963108706211 0.17746969623775272 0.8659435299010352
vn -0.4849698623934441 0.1340975336605986 0.8641886854363625
vn -0.4950424010158183 0.08347686915143722 0.8648494860455012
vn -0.501579172816882 0.0311344046987827 0.8645513184539045
vn -0.501794090366344 -0.016318592867180272 0.8648331598639407
vn -0.4971610802936984 -0.057707867346377104 0.8657370630206009
vn -0.4882547347411143 -0.1012659836202262 0.8668059267011918
vn -0.482399485369574 -0.13382395877626652 0.8656684611169674
vn -0.4736299303851934 -0.16266981066413946 0.8655710379522932
vn -0.4029793054708965 0.2919347520088601 0.867399435053839
vn -0.41906776884417235 0.2696009269300265 0.8670049280796723
vn -0.43996954803192445 0.23761798894513608 0.8660049007564873
vn -0.45274897797659663 0.21215328287317892 0.8660308005534676
vn -0.46407043351369076 0.18605088954091747 0.866039086438625
vn -0.4776355717364838 0.15496549312547064 0.8647831847072086
vn -0.48308721686305167 0.13202405112967636 0.8655613154634506
vn -0.4909138774793519 0.0956445652930226 0.8659420777558374
vn -0.4974380606018035 0.05488539721109375 0.8657614966246171
vn -0.501049508995111 0.006562174172269107 0.8653937412564819
vn -0.49668189255297535 -0.0367313544278744 0.8671550641101557
vn -0.49305347794973226 -0.06870228217510076 0.8672821134472944
vn -0.49006627561373656 -0.10914998183309907 0.8648244486437207
vn -0.47607632270312 -0.14827875418861564 0.8668129821465221
vn -0.46133716562131033 -0.1900663767994806 0.8666272509140325
vn -0.4361261080008538 -0.24307439946142423 0.8664345643189079
vn -0.4081324875965262 -0.28653367939669094 0.8667908185598562
vn -0.3755006990208854 -0.3296067330667072 0.8662324321750595
vn -0.3388727371356205 -0.3667250344911672 0.8664167687110316
vn -0.30536207180616 -0.39672079193716847 0.8656596434783103
vn -0.2783645426635965 -0.4158255808441454 0.8657957424839394
vn -0.2466697469110783 -0.43324886076648855 0.8668618463188724
vn -0.2044811872099313 -0.45449162135738996 0.8669629808666272
vn -0.1540955177618882 -0.4741211599793059 0.866870057774274
vn -0.10219565496776085 -0.4879698022566539 0.8668572663312645
vn -0.047151721961209106 -0.4954406017483795 0.8673611273600498
vn 0.009762241269019171 -0.49830414639934884 0.8669473319219697
vn 0.06402942624216691 -0.49384925432361576 0.8671869155949642
vn 0.11447817966716715 -0.48547509882949846 0.8667229515805962
vn 0.1655613478825252 -0.4697255185184283 0.8671489937374748
vn 0.20939271551240046 -0.4536428836051214 0.8662348554778739
vn 0.2590183306486285 -0.42579570228931923 0.8669530115871005
vn 0.3045729636382164 -0.39488505534449064 0.8667762703755868
vn 0.3514371562464346 -0.3516788530843099 0.867648494208757
vn 0.37885686266304386 -0.3240340012221918 0.8668733723359208
vn 0.40540067006130215 -0.2964307116919396 0.864742233199962
vn 0.4281148078019647 -0.2554041481984752 0.8668831711503563
vn 0.44970136510795466 -0.21598641396637996 0.8666709590161573
vn 0.46504839104324397 -0.1791588768745292 0.8669671797854561
vn 0.47838609471625665 -0.1455691130196519 0.8660002180812661
vn 0.4883963582123434 -0.10788855958889355 0.8659267035926045
vn 0.49571953950713676 -0.0654994679818892 0.8660092134873173
vn 0.4984169948180694 -0.01940302010593089 0.8667202674953974
vn 0.4994263804892997 0.014266349820601305 0.8662388595151762
vn 0.499716577760285 0.04910559558565231 0.8647959195057106
vn 0.488650183737176 0.09603609356714567 0.8671782208208337
vn 0.4787483031200482 0.1393877300997124 0.8668166605213148
vn 0.45993279362229195 0.19015259607257337 0.8673544924410406
vn 0.4374109602655091 0.23896503973213065 0.8669298481569465
vn 0.4153584150156127 0.2786788878897523 0.8659188556211539
vn 0.39344459825208955 0.30914863985776103 0.865810872292759
vn 0.37214381438997723 0.33473769672484205 0.8657133797063701
vn 0.33802310566264065 0.36545471366697885 0.8672849775574172
vn 0.2985475900605636 0.39987831547189956 0.8665833308369055
vn 0.25458603769884625 0.42749580191027886 0.8674291260719166
vn 0.2071766766253635 0.45359159871882265 0.8667943736747328
vn 0.16703406969313608 0.4705360987820557 0.8664267997382767
vn 0.12289583053123732 0.4875341103465096 0.8644114217701399
vn 0.08560629119319146 0.492588277621124 0.8660417724673569
vn 0.061492177498155 0.4965872974509629 0.865805848973593
vn 0.020888777257302395 0.50015222565542 0.8656855145817242
vn -0.0168298366444011 0.5010779956352964 0.8652384635975431
vn -0.0650268433182979 0.4960411585171068 0.8658606577879978
vn -0.12475262156984541 0.48336960124067374 0.8664817436091097
vn -0.17481216334406824 0.4686707732584503 0.8659032358412188
vn -0.22211599655435305 0.44773504753729787 0.8661396026515819
vn -0.25592148045967206 0.42884185477869313 0.8663710864458138
vn -0.28740361270460413 0.40900161773525545 0.8660928588172783
vn -0.3100514487219216 0.39212782143116054 0.86608537154549
vn -0.3317478685268793 0.37408352891673574 0.8660282126588453
vn -0.3614771781280616 0.3448023907816024 0.8662826103552262
vn -0.3914463215591701 0.30901980349284597 0.8667621002253373
vn -0.42221411129405056 0.26491164575586024 0.8669239090987724
vn -0.4492592898320528 0.2181430650149833 0.8663600254429266
vn -0.4678730916811855 0.17667585430659222 0.8659563572061382
vn -0.480088318120764 0.13945475068645674 0.866064419841246
vn -0.4874363122270321 0.1038678486127334 0.8669586561924816
vn -0.4948107275727326 0.06771919095064041 0.8663581563394747
vn -0.4983305896092419 0.0180562900973811 0.8667990504422721
vn -0.49776793922389856 -0.033242295369591654 0.8666729651254584
vn -0.49136290157082146 -0.08416243677321471 0.8668789899382139
vn -0.4784242655023433 -0.13850291490859148 0.8671373390301947
vn -0.46152549394263126 -0.188703728299033 0.8668247350918494
vn -0.4421112829677753 -0.2305195179574476 0.8668323744030642
vn -0.42200850157010683 -0.27206536300085277 0.8648059105127388
vn -0.40726376764867905 -0.2911584760031749 0.8656575335616917
vn -0.39133218569039585 -0.31139889867352283 0.8659618042083004
vn -0.3666833859313659 -0.3399253415413799 0.8660219723886254
vn -0.3397308477541905 -0.3672680139309328 0.8658505396588069
vn -0.30007321097312717 -0.4007471562571216 0.8656545412623372
vn -0.2521700801710016 -0.43042980645527124 0.8666835826190712
vn -0.2029878326649007 -0.4551542353187643 0.8669662979962931
vn -0.152489495065391 -0.47369449339092595 0.867387157401939
vn -0.11753279861375855 -0.48584315782640103 0.8661076533799297
vn -0.07920510500333312 -0.49196649706295853 0.8670037584168899
vn -0.03422686044839491 -0.4968964399055592 0.867134620478866
vn 0.02490838373916087 -0.4966694301146304 0.8675823013461669
vn 0.078327668802082 -0.49265961649540846 0.8666898398935045
vn 0.12935355234544782 -0.4804578397081396 0.8674260330187243
vn 0.17920323231677732 -0.46550606039975595 0.8667123567010672
vn 0.21541766910958612 -0.44938820785383116 0.8669748937987275
vn 0.2483196107741077 -0.43431264130717323 0.8658578985640673
vn 0.28270509397048427 -0.4121344025070831 0.8661541803358508
vn 0.31844199463834916 -0.3814725966905772 0.8677979914847106
vn 0.3629351740894192 -0.34101440436779823 0.8671719756901504
vn 0.39788863684338055 -0.29918498268136995 0.8672790662807819
vn 0.4267174369761682 -0.2602268795825283 0.8661375180207993
vn 0.4520180270808476 -0.2112208029997767 0.8666403380722982
vn 0.4717588390358113 -0.16033947351143227 0.8670264419414555
vn 0.4858490873901143 -0.11294905955733611 0.8667140094790821
vn 0.4944493502723695 -0.06333241650334158 0.8668960981773299
vn 0.5003264976397803 -0.02119702216671895 0.865577311400186
vn 0.49953702087894436 0.027869455513952587 0.8658441304419318
vn 0.4930012478120491 0.07658668536001759 0.8666511693186182
vn 0.48377866657457724 0.12087020553945857 0.8668036658783653
vn 0.47524463650503934 0.15742923160369157 0.8656549962368751
vn 0.46850224413015934 0.1803349519265488 0.8648612330071536
vn 0.4533197842463022 0.21061685507912395 0.8661072182862035
vn 0.4321789605574995 0.2474991303317957 0.86715945854061
vn 0.4085695340237965 0.28417228920014664 0.8673621192548853
vn 0.38046651415359944 0.3237998131093828 0.8662556854867608
vn 0.34469806504409745 0.363144897594964 0.8656263785869734
vn 0.3003740336344563 0.3984173868380131 0.8666250779797082
vn 0.2543894934573754 0.4287487844267111 0.8668681938282876
vn 0.20933199036965297 0.45246216888500856 0.8668668314889856
vn 0.16579862334765108 0.4694258980760535 0.8672659008121527
vn 0.12948098586311993 0.4849820064954127 0.8648856153709563
vn 0.08224398793547333 0.4932738931006511 0.865977362772144
vn 0.035879634131202015 0.49699699616154314 0.8670101716018181
vn -0.018260477186446814 0.4986867627314146 0.8665899074241431
vn -0.07181201770779942 0.4937051164834318 0.8666592710349412
vn -0.12225642444792356 0.4836746313579553 0.8666673050611494
vn -0.17167570896309167 0.4669062118143993 0.8674825879066089
vn -0.21990993063382258 0.44770686687435624 0.8667168994326664
vn -0.2671237324276793 0.4214876646392774 0.8665985576556389
vn -0.31072297149868694 0.3894546858034333 0.8670503345762433
vn -0.3514010615954047 0.35193997699233115 0.8675572295268249
vn -0.38402739408485176 0.31947636805025537 0.8662896806783604
vn -0.40996096480078453 0.2866769498889336 0.865880092011583
vn -0.4305353810870278 0.2548960477003006 0.8658332925563753
vn -0.44888218586389544 0.22138037956595458 0.8657340877875174
vn -0.46958673890145636 0.17392140956467336 0.8655862972245649
vn -0.4863399309197457 0.11548994581301837 0.8661036566191619
vn -0.49473166326960866 0.06335003656257267 0.8667337274076782
vn -0.49861865843093095 0.020516054543230574 0.8665786317296995
vn -0.49871319917952184 -0.027410280171350537 0.8663335509519728
vn -0.49197052667614377 -0.07753158165037254 0.8671527286059759
vn -0.48307599002073937 -0.1260172015271035 0.8664624935822438
vn -0.47087215869040594 -0.16825517830447076 0.8660078551283283
vn -0.45485101185678484 -0.21228474861899566 0.8648963767507808
vn -0.4318538549400248 -0.2478703823885982 0.8672153835743287
vn -0.4069974055548822 -0.2870058666768806 0.8671682330232396
vn -0.3737209724967937 -0.32873615514036253 0.867332217215285
vn -0.33909168475181395 -0.3646091481617716 0.8672237303077699
vn -0.29551052421022317 -0.4018660400592999 0.866704803221983
vn -0.24798693382005335 -0.4337531734520485 0.8662336088924314
vn -0.19957337222686636 -0.45691887549943877 0.8668307852806826
vn -0.16249580214363352 -0.4706925018470419 0.867204522007738
vn -0.1265788080741928 -0.48373666498689355 0.866011919256239
vn -0.08638144897727568 -0.49213876569290577 0.8662203418154353
vn -0.04820038521648367 -0.49580900356129654 0.8670929332271926
vn -0.009281920159202317 -0.500642472536733 0.8656043903830806
vn 0.022225213751899238 -0.5002435948079651 0.8655994372267618
vn 0.06768871867155511 -0.4951399283793407 0.8661724358862413
vn 0.11941812684397435 -0.4847391147043678 0.8664682923550648
vn 0.16870236913691583 -0.46821068171766894 0.8673628238361772
vn 0.21723305258990178 -0.44929913865391913 0.8665679920625498
vn 0.2560776747238595 -0.42948552582443594 0.8660060089949313
vn 0.2896031976149767 -0.4075833177694361 0.8660287680021026
vn 0.3122282112854224 -0.3905734227697576 0.866005742188481
vn 0.33817262251398317 -0.3711574760792276 0.8648013675593444
vn 0.3650913907488568 -0.3386605747626779 0.867189305459009
vn 0.3950947736555905 -0.30316572732387614 0.8671739511806283
vn 0.42486264209673713 -0.2592603795647538 0.8673383370626018
vn 0.4514456903149316 -0.21220542094545092 0.8666981296953621
vn 0.4681449053284704 -0.17466414410624173 0.8662175156267803
vn 0.4813814073200306 -0.1452871682896532 0.8643862443473754
vn 0.49021149409041376 -0.09872636345492697 0.8659941086523681
vn 0.494473436443704 -0.06207015104673373 0.8669736541559897
vn 0.4987415157621308 -0.018435471064153084 0.8665546917892345
vn 0.49814106178251755 0.028224094487917042 0.8666365345728988
vn 0.4948771868574424 0.07074185424491743 0.8660786107427286
vn 0.4846825826660813 0.12372503993383666 0.8658954374250437
vn 0.46780570160455454 0.17241324049060244 0.8668514867321855
vn 0.4456408621794688 0.22333596656377935 0.8669055704025452
vn 0.43191913677220056 0.256143128289976 0.8647754373938832
vn 0.41217166846576175 0.28315192915240184 0.8659904738110135
vn 0.3954513140933826 0.3059974961420586 0.8660160451958195
vn 0.3699215939104032 0.33648806724168306 0.8659871794447902
vn 0.33801347160415773 0.3680787698119098 0.8661783374270314
vn 0.2973295495016286 0.40089479692906804 0.8665324580120239
vn 0.2538026550387765 0.43015601877039833 0.8663428950541862
vn 0.20760509142928127 0.45375325775683256 0.8666072392310724
vn 0.16651683743647328 0.4719468269544224 0.865758820560211
vn 0.13473416637254215 0.4819268204812227 0.8657905313138713
vn 0.11107151992421008 0.4878167526306842 0.8658509879387906
vn 0.0832166818429818 0.49347025017573315 0.8657725429086692
vn 0.042593453801763374 0.49818871270054516 0.866021826648157
vn 0.004625599764052996 0.5000725911826613 0.8659711354165803
vn -0.037016547640990605 0.5001559179767533 0.8651438220975595
vn -0.06622422360625352 0.4969471002503298 0.8652502133836996
vn -0.10416212476215951 0.4900221133692784 0.8654643725620011
vn -0.14898571093154409 0.47942497428893627 0.8648438887835627
vn -0.18454568479328867 0.46278042582369217 0.8670508449327632
vn -0.21869942149131433 0.4477104165393787 0.8670213065210685
vn -0.2598626351361648 0.4256066440512517 0.8667931676008525
vn -0.32141938171315126 0.38129448138267974 0.8667779989860431
vn -0.3606613531415252 0.34489652084156786 0.8665851246481824
vn -0.3934560408945474 0.30463921952668627 0.8674026111384261
vn -0.4242876694765368 0.26129921819065616 0.8670078962172842
vn -0.45158144802870526 0.20896835611850592 0.8674136394693291
vn -0.47145460163657 0.16811468102168908 0.865718206243047
vn -0.48163274968591 0.13615107829756207 0.8657325096751309
vn -0.4905365583315388 0.10149053976483659 0.8654903553931096
vn -0.49603213872623275 0.05969967574259773 0.8662494248580533
vn -0.5011562624214314 0.01073074696042969 0.8652902702015391
vn -0.49863387752685767 -0.03747368872633706 0.8660022972462443
vn -0.491780507913108 -0.07978620937471806 0.86705599175044
vn -0.48470362179702986 -0.11658974534589651 0.8668732492683237
vn -0.4771579144791153 -0.1519838850078739 0.8655756600943989
vn -0.4624976785559701 -0.189163638986725 0.8662061042359599
vn -0.4414735055586743 -0.2306597636576904 0.8671200708777956
vn -0.41058512845088263 -0.28267919551101 0.8668981051543604
vn -0.3773070826280338 -0.3261984249312817 0.8667375340730739
vn -0.3396350779407573 -0.3659787815056259 0.8664338089662897
vn -0.29860970258913894 -0.400277165963402 0.866377767447857
vn -0.2529857480125616 -0.42735669412824145 0.867965706284704
vn -0.20716998344420157 -0.45374453863587305 0.8667159232515853
vn -0.15569327791834037 -0.4735536283429139 0.8668947827125874
vn -0.10276252653385338 -0.48701360238805286 0.867327858557184
vn -0.047338936190950615 -0.4946817427690385 0.867783958420122
vn 0.007992116778286146 -0.4965182570074625 0.8679894852633145
vn 0.06148128655335606 -0.4929564056350969 0.8678790431546726
vn 0.1149763949429708 -0.4843174376955323 0.8673044725757802
vn 0.15971116393709545 -0.474258353509398 0.865777891979469
vn 0.1952603771948532 -0.4608903859667052 0.86570978810522
vn 0.22438300538755984 -0.4479429600600139 0.8654474977870807
vn 0.26289099659005344 -0.4194580051089789 0.8688747354261627
vn 0.3060280441568817 -0.38717383891914586 0.8697374630577467
vn 0.34447284666559386 -0.3609030752009464 0.8666530033529003
vn 0.39200847992215393 -0.33660861550301746 0.8561682028890492
vn 0.39933694112573914 -0.31015998671559675 0.8627460750956325
vn 0.4275106217271576 -0.290882320956288 0.8559334925480729
vn 0.43015583265583973 -0.24448635558064752 0.8690180559499637
vn 0.44145360501430614 -0.2178316559045452 0.8704413158310886
vn -0.4073241028740406 0.2907468955837884 0.8657674733588965
vn 0.32235643961832516 -0.3815295182375235 0.866326469958087
vn -0.03766884590140011 0.4987414989743755 0.8659318536982283
vn -0.08113450533329204 0.49414861058113013 0.8655832384612474
vn -0.18350363995827018 -0.4646437695295762 0.8662751188620227
vn 0.4560609433019446 0.2079556721123254 0.8653108426634047
vn -0.29105731976117044 0.4070772248977084 0.865779284565659
f 113//113 50//50 41//41
f 114//114 49//49 50//50
f 114//114 50//50 113//113
f 112//112 113//113 41//41
f 115//115 47//47 48//48
f 115//115 48//48 49//49
f 115//115 49//49 114//114
f 111//111 41//41 32//32
f 111//111 112//112 41//41
f 116//116 47//47 115//115
f 116//116 46//46 47//47
f 110//110 32//32 33//33
f 110//110 111//111 32//32
f 117//117 46//46 116//116
f 117//117 45//45 46//46
f 109//109 33//33 34//34
f 109//109 110//110 33//33
f 118//118 43//43 44//44
f 118//118 44//44 45//45
f 118//118 45//45 117//117
f 108//108 34//34 35//35
f 108//108 109//109 34//34
f 119//119 42//42 43//43
f 119//119 43//43 118//118
f 107//107 35//35 36//36
f 107//107 108//108 35//35
f 120//120 42//42 119//119
f 106//106 36//36 37//37
f 106//106 107//107 36//36
f 105//105 37//37 38//38
f 105//105 106//106 37//37
f 121//121 51//51 42//42
f 121//121 42//42 120//120
f 104//104 105//105 38//38
f 122//122 51//51 121//121
f 103//103 104//104 38//38
f 103//103 38//38 39//39
f 86//86 51//51 122//122
f 86//86 60//60 51//51
f 102//102 103//103 39//39
f 102//102 39//39 40//40
f 87//87 60//60 86//86
f 87//87 59//59 60//60
f 101//101 102//102 40//40
f 101//101 40//40 31//31
f 88//88 59//59 87//87
f 88//88 58//58 59//59
f 100//100 101//101 31//31
f 89//89 58//58 88//88
f 89//89 56//56 57//57
f 89//89 57//57 58//58
f 22//22 100//100 31//31
f 99//99 100//100 22//22
f 90//90 55//55 56//56
f 90//90 56//56 89//89
f 85//85 99//99 22//22
f 91//91 55//55 90//90
f 91//91 54//54 55//55
f 23//23 85//85 22//22
f 84//84 85//85 23//23
f 92//92 54//54 91//91
f 53//53 54//54 92//92
f 24//24 84//84 23//23
f 83//83 84//84 24//24
f 52//52 53//53 92//92
f 52//52 92//92 93//93
f 25//25 83//83 24//24
f 25//25 82//82 83//83
f 94//94 52//52 93//93
f 26//26 82//82 25//25
f 27//27 82//82 26//26
f 27//27 81//81 82//82
f 28//28 81//81 27//27
f 28//28 80//80 81//81
f 10//10 52//52 94//94
f 10//10 94//94 95//95
f 10//10 95//95 96//96
f 29//29 79//79 80//80
f 29//29 80//80 28//28
f 9//9 10//10 96//96
f 9//9 96//96 97//97
f 30//30 78//78 79//79
f 30//30 79//79 29//29
f 8//8 9//9 97//97
f 21//21 78//78 30//30
f 21//21 77//77 78//78
f 7//7 8//8 97//97
f 7//7 97//97 98//98
f 6//6 7//7 98//98
f 6//6 98//98 61//61
f 5//5 6//6 61//61
f 5//5 61//61 62//62
f 4//4 5//5 62//62
f 4//4 62//62 63//63
f 12//12 77//77 21//21
f 12//12 75//75 76//76
f 12//12 76//76 77//77
f 3//3 4//4 63//63
f 13//13 75//75 12//12
f 13//13 74//74 75//75
f 2//2 3//3 63//63
f 2//2 63//63 64//64
f 14//14 74//74 13//13
f 14//14 73//73 74//74
f 1//1 2//2 64//64
f 1//1 64//64 65//65
f 1//1 65//65 66//66
f 1//1 66//66 67//67
f 15//15 73//73 14//14
f 15//15 72//72 73//73
f 16//16 72//72 15//15
f 17//17 72//72 16//16
f 17//17 71//71 72//72
f 18//18 71//71 17//17
f 18//18 70//70 71//71
f 11//11 1//1 67//67
f 11//11 67//67 68//68
f 19//19 70//70 18//18
f 19//19 69//69 70//70
f 20//20 11//11 68//68
f 20//20 69//69 19//19
f 20//20 68//68 69//69
f 138//138 139//139 147//147
f 137//137 147//147 146//146
f 137//137 138//138 147//147
f 136//136 137//137 146//146
f 145//145 136//136 146//146
f 135//135 136//136 145//145
f 134//134 135//135 145//145
f 130//130 131//131 132//132
f 128//128 129//129 142//142
f 127//127 142//142 141//141
f 127//127 128//128 142//142
f 126//126 127//127 141//141
f 140//140 126//126 141//141
f 125//125 126//126 140//140
f 124//124 125//125 140//140
f 123//123 124//124 140//140
f 148//148 132//132 133//133
f 148//148 133//133 134//134
f 148//148 145//145 144//144
f 148//148 134//134 145//145
f 149//149 129//129 130//130
f 149//149 143//143 142//142
f 149//149 144//144 143//143
f 149//149 130//130 132//132
f 149//149 142//142 129//129
f 149//149 148//148 144//144
f 149//149 132//132 148//148
f 165//165 166//166 174//174
f 164//164 174//174 173//173
f 164//164 165//165 174//174
f 163//163 164//164 173//173
f 172//172 163//163 173//173
f 162//162 163//163 172//172
f 161//161 162//162 172//172
f 157//157 158//158 159//159
f 155//155 156//156 169//169
f 154//154 169//169 168//168
f 154//154 155//155 169//169
f 153//153 154//154 168//168
f 167//167 153//153 168//168
f 152//152 153//153 167//167
f 151//151 152//152 167//167
f 150//150 151//151 167//167
f 175//175 159//159 160//160
f 175//175 160//160 161//161
f 175//175 171//171 170//170
f 175//175 172//172 171//171
f 175//175 161//161 172//172
f 176//176 156//156 157//157
f 176//176 170//170 169//169
f 176//176 157//157 159//159
f 176//176 169//169 156//156
f 176//176 175//175 170//170
f 176//176 159//159 175//175
f 201//201 186//186 185//185
f 200//200 185//185 184//184
f 200//200 201//201 185//185
f 199//199 200//200 184//184
f 183//183 199//199 184//184
f 198//198 199//199 183//183
f 197//197 198//198 183//183
f 193//193 194//194 195//195
f 191//191 192//192 180//180
f 190//190 180//180 179//179
f 190//190 191//191 180//180
f 189//189 190//190 179//179
f 178//178 189//189 179//179
f 188//188 189//189 178//178
f 187//187 188//188 178//178
f 177//177 187//187 178//178
f 202//202 182//182 181//181
f 202//202 183//183 182//182
f 202//202 195//195 196//196
f 202//202 196//196 197//197
f 202//202 197//197 183//183
f 203//203 181//181 180//180
f 203//203 192//192 193//193
f 203//203 195//195 202//202
f 203//203 193//193 195//195
f 203//203 202//202 181//181
f 203//203 180//180 192//192
f 219//219 220//220 228//228
f 218//218 228//228 227//227
f 218//218 219//219 228//228
f 217//217 218//218 227//227
f 226//226 217//217 227//227
f 216//216 217//217 226//226
f 215//215 216//216 226//226
f 211//211 212//212 213//213
f 209//209 210//210 223//223
f 208//208 223//223 222//222
f 208//208 209//209 223//223
f 207//207 208//208 222//222
f 221//221 207//207 222//222
f 206//206 207//207 221//221
f 205//205 206//206 221//221
f 204//204 205//205 221//221
f 229//229 213//213 214//214
f 229//229 214//214 215//215
f 229//229 226//226 225//225
f 229//229 215//215 226//226
f 230//230 210//210 211//211
f 230//230 224//224 223//223
f 230//230 225//225 224//224
f 230//230 211//211 213//213
f 230//230 223//223 210//210
f 230//230 229//229 225//225
f 230//230 213//213 229//229
f 246//246 247//247 255//255
f 245//245 255//255 254//254
f 245//245 246//246 255//255
f 244//244 245//245 254//254
f 253//253 244//244 254//254
f 243//243 244//244 253//253
f 242//242 243//243 253//253
f 238//238 239//239 240//240
f 236//236 237//237 250//250
f 235//235 250//250 249//249
f 235//235 236//236 250//250
f 234//234 235//235 249//249
f 248//248 234//234 249//249
f 233//233 234//234 248//248
f 232//232 233//233 248//248
f 231//231 232//232 248//248
f 256//256 240//240 241//241
f 256//256 241//241 242//242
f 256//256 252//252 251//251
f 256//256 253//253 252//252
f 256//256 242//242 253//253
f 257//257 237//237 238//238
f 257//257 251//251 250//250
f 257//257 238//238 240//240
f 257//257 250//250 237//237
f 257//257 256//256 251//251
f 257//257 240//240 256//256
f 273//273 274//274 282//282
f 272//272 282//282 281//281
f 272//272 273//273 282//282
f 271//271 272//272 281//281
f 280//280 271//271 281//281
f 270//270 271//271 280//280
f 269//269 270//270 280//280
f 265//265 266//266 267//267
f 263//263 264//264 277//277
f 262//262 277//277 276//276
f 262//262 263//263 277//277
f 261//261 262//262 276//276
f 275//275 261//261 276//276
f 260//260 261//261 275//275
f 259//259 260//260 275//275
f 258//258 259//259 275//275
f 283//283 267//267 268//268
f 283//283 268//268 269//269
f 283//283 280//280 279//279
f 283//283 269//269 280//280
f 284//284 264//264 265//265
f 284//284 278//278 277//277
f 284//284 279//279 278//278
f 284//284 265//265 267//267
f 284//284 277//277 264//264
f 284//284 283//283 279//279
f 284//284 267//267 283//283
f 287//287 290//290 289//289
f 287//287 291//291 290//290
f 287//287 292//292 291//291
f 287//287 293//293 292//292
f 287//287 294//294 293//293
f 287//287 295//295 294//294
f 287//287 296//296 295//295
f 287//287 288//288 296//296
f 286//286 289//289 297//297
f 286//286 298//298 285//285
f 286//286 299//299 298//298
f 286//286 300//300 299//299
f 286//286 301//301 300//300
f 286//286 302//302 301//301
f 286//286 303//303 302//302
f 286//286 304//304 303//303
f 286//286 297//297 304//304
f 286//286 287//287 289//289
f 307//307 310//310 309//309
f 307//307 311//311 310//310
f 307//307 312//312 311//311
f 307//307 313//313 312//312
f 307//307 314//314 313//313
f 307//307 315//315 314//314
f 307//307 316//316 315//315
f 307//307 308//308 316//316
f 307//307 309//309 317//317
f 306//306 318//318 305//305
f 306//306 319//319 318//318
f 306//306 320//320 319//319
f 306//306 321//321 320//320
f 306//306 322//322 321//321
f 306//306 323//323 322//322
f 306//306 324//324 323//323
f 306//306 317//317 324//324
f 306//306 307//307 317//317
f 327//327 330//330 329//329
f 327//327 331//331 330//330
f 327//327 332//332 331//331
f 327//327 333//333 332//332
f 327//327 334//334 333//333
f 327//327 335//335 334//334
f 327//327 336//336 335//335
f 327//327 328//328 336//336
f 326//326 329//329 337//337
f 326//326 338//338 325//325
f 326//326 339//339 338//338
f 326//326 340//340 339//339
f 326//326 341//341 340//340
f 326//326 342//342 341//341
f 326//326 343//343 342//342
f 326//326 344//344 343//343
f 326//326 337//337 344//344
f 326//326 327//327 329//329
f 347//347 350//350 349//349
f 347//347 351//351 350//350
f 347//347 352//352 351//351
f 347//347 353//353 352//352
f 347//347 354//354 353//353
f 347//347 355//355 354//354
f 347//347 356//356 355//355
f 347//347 348//348 356//356
f 346//346 349//349 357//357
f 346//346 358//358 345//345
f 346//346 359//359 358//358
f 346//346 360//360 359//359
f 346//346 361//361 360//360
f 346//346 362//362 361//361
f 346//346 363//363 362//362
f 346//346 364//364 363//363
f 346//346 357//357 364//364
f 346//346 347//347 349//349
f 367//367 370//370 369//369
f 367//367 371//371 370//370
f 367//367 372//372 371//371
f 367//367 373//373 372//372
f 367//367 374//374 373//373
f 367//367 375//375 374//374
f 367//367 376//376 375//375
f 367//367 368//368 376//376
f 367//367 369//369 377//377
f 366//366 378//378 365//365
f 366//366 379//379 378//378
f 366//366 380//380 379//379
f 366//366 381//381 380//380
f 366//366 382//382 381//381
f 366//366 383//383 382//382
f 366//366 384//384 383//383
f 366//366 377//377 384//384
f 366//366 367//367 377//377
f 387//387 390//390 389//389
f 387//387 391//391 390//390
f 387//387 392//392 391//391
f 387//387 393//393 392//392
f 387//387 394//394 393//393
f 387//387 395//395 394//394
f 387//387 396//396 395//395
f 387//387 388//388 396//396
f 386//386 389//389 397//397
f 386//386 398//398 385//385
f 386//386 399//399 398//398
f 386//386 400//400 399//399
f 386//386 401//401 400//400
f 386//386 402//402 401//401
f 386//386 403//403 402//402
f 386//386 404//404 403//403
f 386//386 397//397 404//404
f 386//386 387//387 389//389
f 413//413 414//414 410//410
f 415//415 410//410 414//414
f 412//412 413//413 410//410
f 416//416 409//409 410//410
f 416//416 410//410 415//415
f 411//411 412//412 410//410
f 474//474 411//411 410//410
f 417//417 409//409 416//416
f 473//473 474//474 410//410
f 418//418 409//409 417//417
f 472//472 473//473 410//410
f 419//419 409//409 418//418
f 471//471 472//472 410//410
f 470//470 471//471 410//410
f 420//420 409//409 419//419
f 469//469 470//470 410//410
f 421//421 409//409 420//420
f 422//422 409//409 421//421
f 405//405 469//469 410//410
f 405//405 467//467 468//468
f 405//405 468//468 469//469
f 423//423 409//409 422//422
f 466//466 467//467 405//405
f 424//424 409//409 423//423
f 465//465 466//466 405//405
f 464//464 465//465 405//405
f 425//425 409//409 424//424
f 463//463 464//464 405//405
f 426//426 409//409 425//425
f 462//462 463//463 405//405
f 461//461 462//462 405//405
f 460//460 461//461 405//405
f 459//459 460//460 405//405
f 458//458 459//459 405//405
f 457//457 458//458 405//405
f 408//408 426//426 427//427
f 408//408 427//427 428//428
f 408//408 428//428 429//429
f 408//408 429//429 430//430
f 408//408 430//430 431//431
f 408//408 431//431 432//432
f 408//408 409//409 426//426
f 433//433 408//408 432//432
f 434//434 408//408 433//433
f 435//435 408//408 434//434
f 406//406 446//446 447//447
f 406//406 447//447 448//448
f 406//406 448//448 449//449
f 406//406 449//449 450//450
f 406//406 450//450 451//451
f 406//406 451//451 452//452
f 406//406 452//452 453//453
f 406//406 453//453 454//454
f 406//406 454//454 455//455
f 406//406 455//455 456//456
f 406//406 457//457 405//405
f 406//406 456//456 457//457
f 407//407 435//435 436//436
f 407//407 436//436 437//437
f 407//407 437//437 438//438
f 407//407 438//438 439//439
f 407//407 439//439 440//440
f 407//407 440//440 441//441
f 407//407 441//441 442//442
f 407//407 442//442 443//443
f 407//407 443//443 444//444
f 407//407 444//444 445//445
f 407//407 445//445 446//446
f 407//407 408//408 435//435
f 407//407 446//446 406//406
f 699//699 698//698 697//697
f 700//700 697//697 696//696
f 700//700 699//699 697//697
f 701//701 700//700 696//696
f 702//702 696//696 695//695
f 702//702 701//701 696//696
f 703//703 695//695 694//694
f 703//703 702//702 695//695
f 704//704 694//694 693//693
f 704//704 703//703 694//694
f 705//705 692//692 691//691
f 705//705 693//693 692//692
f 705//705 704//704 693//693
f 706//706 705//705 691//691
f 706//706 691//691 690//690
f 707//707 706//706 690//690
f 707//707 690//690 689//689
f 708//708 707//707 689//689
f 709//709 689//689 688//688
f 709//709 708//708 689//689
f 710//710 688//688 687//687
f 710//710 709//709 688//688
f 711//711 686//686 685//685
f 711//711 687//687 686//686
f 711//711 710//710 687//687
f 712//712 711//711 685//685
f 713//713 685//685 684//684
f 713//713 712//712 685//685
f 714//714 684//684 683//683
f 714//714 713//713 684//684
f 715//715 683//683 682//682
f 715//715 714//714 683//683
f 716//716 682//682 681//681
f 716//716 715//715 682//682
f 717//717 681//681 680//680
f 717//717 716//716 681//681
f 718//718 679//679 678//678
f 718//718 680//680 679//679
f 718//718 717//717 680//680
f 719//719 678//678 677//677
f 719//719 718//718 678//678
f 720//720 677//677 676//676
f 720//720 719//719 677//677
f 721//721 720//720 676//676
f 722//722 721//721 676//676
f 722//722 676//676 675//675
f 723//723 722//722 675//675
f 723//723 674//674 673//673
f 723//723 675//675 674//674
f 724//724 723//723 673//673
f 724//724 673//673 672//672
f 725//725 724//724 672//672
f 725//725 672//672 671//671
f 726//726 725//725 671//671
f 727//727 726//726 671//671
f 727//727 670//670 669//669
f 727//727 671//671 670//670
f 728//728 727//727 669//669
f 729//729 669//669 668//668
f 729//729 728//728 669//669
f 730//730 668//668 667//667
f 730//730 729//729 668//668
f 731//731 730//730 667//667
f 732//732 731//731 667//667
f 732//732 667//667 666//666
f 733//733 732//732 666//666
f 733//733 666//666 665//665
f 734//734 733//733 665//665
f 735//735 734//734 665//665
f 735//735 665//665 664//664
f 736//736 735//735 664//664
f 736//736 664//664 663//663
f 737//737 736//736 663//663
f 738//738 737//737 663//663
f 738//738 663//663 662//662
f 739//739 738//738 662//662
f 739//739 662//662 661//661
f 740//740 739//739 661//661
f 741//741 740//740 661//661
f 741//741 661//661 660//660
f 742//742 741//741 660//660
f 744//744 659//659 658//658
f 745//745 744//744 658//658
f 745//745 658//658 657//657
f 746//746 745//745 657//657
f 746//746 657//657 656//656
f 747//747 746//746 656//656
f 747//747 656//656 655//655
f 748//748 747//747 655//655
f 748//748 655//655 654//654
f 749//749 748//748 654//654
f 749//749 654//654 653//653
f 750//750 749//749 653//653
f 750//750 653//653 652//652
f 751//751 750//750 652//652
f 752//752 651//651 650//650
f 752//752 652//652 651//651
f 752//752 751//751 652//652
f 753//753 650//650 649//649
f 753//753 752//752 650//650
f 754//754 753//753 649//649
f 754//754 649//649 648//648
f 755//755 648//648 647//647
f 755//755 754//754 648//648
f 756//756 647//647 646//646
f 756//756 755//755 647//647
f 757//757 646//646 645//645
f 757//757 756//756 646//646
f 758//758 757//757 645//645
f 759//759 758//758 645//645
f 759//759 645//645 644//644
f 760//760 759//759 644//644
f 760//760 644//644 643//643
f 761//761 760//760 643//643
f 761//761 643//643 642//642
f 762//762 761//761 642//642
f 762//762 642//642 641//641
f 763//763 762//762 641//641
f 763//763 641//641 640//640
f 764//764 763//763 640//640
f 764//764 640//640 639//639
f 765//765 764//764 639//639
f 765//765 639//639 638//638
f 766//766 765//765 638//638
f 766//766 637//637 636//636
f 766//766 638//638 637//637
f 767//767 766//766 636//636
f 767//767 636//636 635//635
f 768//768 767//767 635//635
f 768//768 635//635 634//634
f 769//769 768//768 634//634
f 769//769 634//634 633//633
f 770//770 769//769 633//633
f 770//770 633//633 632//632
f 771//771 770//770 632//632
f 771//771 632//632 631//631
f 772//772 631//631 630//630
f 772//772 771//771 631//631
f 773//773 772//772 630//630
f 773//773 630//630 629//629
f 774//774 773//773 629//629
f 775//775 629//629 628//628
f 775//775 774//774 629//629
f 776//776 775//775 628//628
f 777//777 628//628 627//627
f 777//777 776//776 628//628
f 778//778 627//627 626//626
f 778//778 777//777 627//627
f 779//779 626//626 625//625
f 779//779 778//778 626//626
f 780//780 625//625 624//624
f 780//780 779//779 625//625
f 781//781 780//780 624//624
f 782//782 624//624 623//623
f 782//782 781//781 624//624
f 783//783 623//623 622//622
f 783//783 782//782 623//623
f 784//784 622//622 621//621
f 784//784 783//783 622//622
f 785//785 621//621 620//620
f 785//785 784//784 621//621
f 786//786 785//785 620//620
f 786//786 620//620 619//619
f 787//787 786//786 619//619
f 788//788 787//787 619//619
f 788//788 619//619 618//618
f 789//789 788//788 618//618
f 789//789 618//618 617//617
f 790//790 789//789 617//617
f 790//790 616//616 615//615
f 790//790 617//617 616//616
f 791//791 790//790 615//615
f 791//791 615//615 614//614
f 792//792 791//791 614//614
f 792//792 614//614 613//613
f 793//793 792//792 613//613
f 793//793 613//613 612//612
f 794//794 793//793 612//612
f 795//795 794//794 612//612
f 795//795 612//612 611//611
f 796//796 611//611 610//610
f 796//796 795//795 611//611
f 797//797 796//796 610//610
f 798//798 610//610 609//609
f 798//798 797//797 610//610
f 799//799 608//608 607//607
f 799//799 609//609 608//608
f 799//799 798//798 609//609
f 800//800 607//607 606//606
f 800//800 799//799 607//607
f 801//801 606//606 605//605
f 801//801 800//800 606//606
f 802//802 605//605 604//604
f 802//802 801//801 605//605
f 803//803 604//604 603//603
f 803//803 802//802 604//604
f 804//804 803//803 603//603
f 805//805 603//603 602//602
f 805//805 804//804 603//603
f 806//806 805//805 602//602
f 807//807 602//602 601//601
f 807//807 806//806 602//602
f 808//808 601//601 600//600
f 808//808 807//807 601//601
f 809//809 600//600 599//599
f 809//809 808//808 600//600
f 810//810 599//599 598//598
f 810//810 809//809 599//599
f 811//811 598//598 597//597
f 811//811 810//810 598//598
f 812//812 811//811 597//597
f 812//812 597//597 596//596
f 813//813 812//812 596//596
f 815//815 595//595 594//594
f 816//816 815//815 594//594
f 817//817 816//816 594//594
f 817//817 594//594 593//593
f 818//818 593//593 592//592
f 818//818 817//817 593//593
f 819//819 818//818 592//592
f 820//820 592//592 591//591
f 820//820 819//819 592//592
f 821//821 591//591 590//590
f 821//821 820//820 591//591
f 822//822 821//821 590//590
f 823//823 590//590 589//589
f 823//823 822//822 590//590
f 824//824 589//589 588//588
f 824//824 823//823 589//589
f 825//825 824//824 588//588
f 826//826 588//588 587//587
f 826//826 825//825 588//588
f 827//827 586//586 585//585
f 827//827 587//587 586//586
f 827//827 826//826 587//587
f 828//828 827//827 585//585
f 829//829 585//585 584//584
f 829//829 828//828 585//585
f 830//830 584//584 583//583
f 830//830 829//829 584//584
f 831//831 583//583 582//582
f 831//831 830//830 583//583
f 832//832 582//582 581//581
f 832//832 831//831 582//582
f 833//833 581//581 580//580
f 833//833 832//832 581//581
f 834//834 833//833 580//580
f 835//835 580//580 579//579
f 835//835 834//834 580//580
f 836//836 579//579 578//578
f 836//836 835//835 579//579
f 837//837 836//836 578//578
f 838//838 578//578 577//577
f 838//838 837//837 578//578
f 839//839 838//838 577//577
f 840//840 577//577 576//576
f 840//840 839//839 577//577
f 841//841 576//576 575//575
f 841//841 840//840 576//576
f 842//842 841//841 575//575
f 842//842 575//575 574//574
f 843//843 842//842 574//574
f 844//844 843//843 574//574
f 844//844 574//574 573//573
f 845//845 844//844 573//573
f 845//845 573//573 572//572
f 846//846 845//845 572//572
f 847//847 846//846 572//572
f 847//847 572//572 571//571
f 848//848 847//847 571//571
f 848//848 571//571 570//570
f 849//849 848//848 570//570
f 849//849 570//570 569//569
f 850//850 849//849 569//569
f 850//850 569//569 568//568
f 851//851 850//850 568//568
f 851//851 568//568 567//567
f 852//852 851//851 567//567
f 852//852 567//567 566//566
f 853//853 852//852 566//566
f 853//853 565//565 564//564
f 853//853 566//566 565//565
f 854//854 853//853 564//564
f 855//855 854//854 564//564
f 855//855 564//564 563//563
f 856//856 855//855 563//563
f 856//856 563//563 562//562
f 857//857 856//856 562//562
f 857//857 562//562 561//561
f 858//858 857//857 561//561
f 858//858 561//561 560//560
f 859//859 858//858 560//560
f 859//859 560//560 559//559
f 860//860 859//859 559//559
f 861//861 860//860 559//559
f 861//861 559//559 558//558
f 862//862 861//861 558//558
f 863//863 862//862 558//558
f 863//863 558//558 557//557
f 864//864 557//557 556//556
f 864//864 863//863 557//557
f 865//865 555//555 554//554
f 865//865 556//556 555//555
f 865//865 864//864 556//556
f 866//866 554//554 553//553
f 866//866 865//865 554//554
f 867//867 553//553 552//552
f 867//867 866//866 553//553
f 868//868 867//867 552//552
f 869//869 868//868 552//552
f 869//869 552//552 503//503
f 870//870 869//869 503//503
f 871//871 870//870 503//503
f 871//871 503//503 504//504
f 872//872 871//871 504//504
f 872//872 504//504 505//505
f 873//873 872//872 505//505
f 875//875 874//874 506//506
f 875//875 506//506 507//507
f 876//876 875//875 507//507
f 876//876 507//507 508//508
f 877//877 508//508 509//509
f 877//877 876//876 508//508
f 878//878 877//877 509//509
f 878//878 509//509 510//510
f 879//879 510//510 511//511
f 879//879 878//878 510//510
f 880//880 879//879 511//511
f 881//881 880//880 511//511
f 882//882 511//511 512//512
f 882//882 881//881 511//511
f 883//883 512//512 513//513
f 883//883 882//882 512//512
f 884//884 513//513 514//514
f 884//884 514//514 515//515
f 884//884 883//883 513//513
f 885//885 515//515 516//516
f 885//885 884//884 515//515
f 886//886 516//516 517//517
f 886//886 885//885 516//516
f 887//887 517//517 518//518
f 887//887 886//886 517//517
f 888//888 518//518 519//519
f 888//888 887//887 518//518
f 889//889 888//888 519//519
f 890//890 519//519 520//520
f 890//890 889//889 519//519
f 891//891 520//520 521//521
f 891//891 890//890 520//520
f 892//892 521//521 522//522
f 892//892 891//891 521//521
f 893//893 892//892 522//522
f 894//894 522//522 523//523
f 894//894 893//893 522//522
f 895//895 523//523 524//524
f 895//895 894//894 523//523
f 896//896 524//524 525//525
f 896//896 525//525 526//526
f 896//896 895//895 524//524
f 897//897 896//896 526//526
f 898//898 897//897 526//526
f 898//898 526//526 527//527
f 899//899 898//898 527//527
f 900//900 899//899 527//527
f 900//900 527//527 528//528
f 901//901 900//900 528//528
f 901//901 528//528 529//529
f 902//902 901//901 529//529
f 902//902 529//529 530//530
f 903//903 902//902 530//530
f 903//903 530//530 531//531
f 904//904 903//903 531//531
f 904//904 531//531 532//532
f 905//905 904//904 532//532
f 905//905 532//532 533//533
f 906//906 905//905 533//533
f 906//906 533//533 534//534
f 906//906 534//534 535//535
f 907//907 906//906 535//535
f 907//907 535//535 536//536
f 908//908 907//907 536//536
f 908//908 536//536 537//537
f 909//909 908//908 537//537
f 909//909 537//537 538//538
f 910//910 909//909 538//538
f 910//910 538//538 539//539
f 911//911 910//910 539//539
f 912//912 911//911 539//539
f 912//912 539//539 540//540
f 912//912 540//540 541//541
f 913//913 541//541 542//542
f 913//913 912//912 541//541
f 914//914 542//542 543//543
f 914//914 913//913 542//542
f 915//915 543//543 544//544
f 915//915 544//544 545//545
f 915//915 914//914 543//543
f 916//916 545//545 546//546
f 916//916 915//915 545//545
f 917//917 916//916 546//546
f 918//918 546//546 547//547
f 918//918 917//917 546//546
f 919//919 547//547 548//548
f 919//919 918//918 547//547
f 920//920 548//548 549//549
f 920//920 919//919 548//548
f 921//921 549//549 550//550
f 921//921 920//920 549//549
f 922//922 921//921 550//550
f 922//922 550//550 551//551
f 923//923 922//922 551//551
f 923//923 551//551 502//502
f 924//924 923//923 502//502
f 924//924 502//502 501//501
f 925//925 924//924 501//501
f 925//925 501//501 500//500
f 926//926 925//925 500//500
f 926//926 500//500 499//499
f 927//927 499//499 498//498
f 927//927 926//926 499//499
f 928//928 498//498 497//497
f 928//928 927//927 498//498
f 929//929 497//497 496//496
f 929//929 928//928 497//497
f 930//930 496//496 495//495
f 930//930 929//929 496//496
f 931//931 495//495 494//494
f 931//931 930//930 495//495
f 932//932 494//494 493//493
f 932//932 931//931 494//494
f 933//933 493//493 492//492
f 933//933 932//932 493//493
f 934//934 492//492 491//491
f 934//934 933//933 492//492
f 935//935 491//491 490//490
f 935//935 934//934 491//491
f 936//936 490//490 489//489
f 936//936 935//935 490//490
f 937//937 489//489 488//488
f 937//937 936//936 489//489
f 938//938 488//488 487//487
f 938//938 937//937 488//488
f 939//939 487//487 486//486
f 939//939 938//938 487//487
f 940//940 939//939 486//486
f 485//485 940//940 486//486
f 941//941 940//940 485//485
f 484//484 941//941 485//485
f 942//942 941//941 484//484
f 943//943 942//942 484//484
f 483//483 943//943 484//484
f 944//944 943//943 483//483
f 482//482 944//944 483//483
f 945//945 944//944 482//482
f 481//481 945//945 482//482
f 946//946 945//945 481//481
f 480//480 946//946 481//481
f 947//947 946//946 480//480
f 479//479 947//947 480//480
f 948//948 947//947 479//479
f 948//948 479//479 478//478
f 477//477 948//948 478//478
f 949//949 948//948 477//477
f 950//950 949//949 477//477
f 476//476 950//950 477//477
f 951//951 950//950 476//476
f 475//475 951//951 476//476
f 952//952 742//742 660//660
f 952//952 659//659 744//744
f 952//952 743//743 742//742
f 952//952 744//744 743//743
f 952//952 660//660 659//659
f 953//953 813//813 596//596
f 953//953 595//595 815//815
f 953//953 596//596 595//595
f 953//953 814//814 813//813
f 953//953 815//815 814//814
f 954//954 873//873 505//505
f 954//954 506//506 874//874
f 954//954 505//505 506//506
f 954//954 874//874 873//873
f 1007//1007 1006//1006 1005//1005
f 1004//1004 1007//1007 1005//1005
f 1008//1008 1007//1007 1004//1004
f 1008//1008 1004//1004 1003//1003
f 1002//1002 1008//1008 1003//1003
f 1009//1009 1008//1008 1002//1002
f 1001//1001 1009//1009 1002//1002
f 1010//1010 1009//1009 1001//1001
f 1010//1010 1001//1001 1000//1000
f 999//999 1010//1010 1000//1000
f 1011//1011 1010//1010 999//999
f 998//998 1011//1011 999//999
f 1012//1012 1011//1011 998//998
f 997//997 1012//1012 998//998
f 1013//1013 1012//1012 997//997
f 996//996 1013//1013 997//997
f 1014//1014 1013//1013 996//996
f 995//995 1014//1014 996//996
f 1015//1015 1014//1014 995//995
f 994//994 1015//1015 995//995
f 993//993 1015//1015 994//994
f 993//993 1016//1016 1015//1015
f 992//992 1016//1016 993//993
f 1017//1017 1016//1016 992//992
f 991//991 1017//1017 992//992
f 1018//1018 1017//1017 991//991
f 990//990 1018//1018 991//991
f 1019//1019 1018//1018 990//990
f 989//989 1019//1019 990//990
f 1053//1053 1019//1019 989//989
f 988//988 1053//1053 989//989
f 988//988 1052//1052 1053//1053
f 987//987 1052//1052 988//988
f 987//987 1051//1051 1052//1052
f 986//986 1051//1051 987//987
f 1050//1050 1051//1051 986//986
f 985//985 1050//1050 986//986
f 984//984 1050//1050 985//985
f 984//984 1049//1049 1050//1050
f 983//983 1049//1049 984//984
f 983//983 1048//1048 1049//1049
f 982//982 1048//1048 983//983
f 982//982 1047//1047 1048//1048
f 981//981 1046//1046 1047//1047
f 981//981 1047//1047 982//982
f 1045//1045 1046//1046 981//981
f 980//980 1045//1045 981//981
f 979//979 1045//1045 980//980
f 1044//1044 1045//1045 979//979
f 978//978 1044//1044 979//979
f 977//977 1044//1044 978//978
f 977//977 1043//1043 1044//1044
f 976//976 1043//1043 977//977
f 976//976 1042//1042 1043//1043
f 975//975 1042//1042 976//976
f 975//975 1041//1041 1042//1042
f 974//974 1041//1041 975//975
f 1040//1040 1041//1041 974//974
f 973//973 1040//1040 974//974
f 1039//1039 1040//1040 973//973
f 972//972 1039//1039 973//973
f 971//971 1039//1039 972//972
f 971//971 1038//1038 1039//1039
f 970//970 1038//1038 971//971
f 970//970 1037//1037 1038//1038
f 969//969 1037//1037 970//970
f 969//969 1036//1036 1037//1037
f 1035//1035 1036//1036 969//969
f 968//968 1035//1035 969//969
f 968//968 1034//1034 1035//1035
f 967//967 1034//1034 968//968
f 967//967 1033//1033 1034//1034
f 966//966 1033//1033 967//967
f 966//966 1032//1032 1033//1033
f 1031//1031 1032//1032 966//966
f 965//965 1031//1031 966//966
f 965//965 1030//1030 1031//1031
f 964//964 1030//1030 965//965
f 964//964 1029//1029 1030//1030
f 963//963 1029//1029 964//964
f 1028//1028 1029//1029 963//963
f 962//962 1028//1028 963//963
f 1027//1027 1028//1028 962//962
f 961//961 1026//1026 1027//1027
f 961//961 1027//1027 962//962
f 960//960 1025//1025 1026//1026
f 960//960 1026//1026 961//961
f 959//959 1024//1024 1025//1025
f 959//959 1025//1025 960//960
f 958//958 1023//1023 1024//1024
f 958//958 1024//1024 959//959
f 957//957 1022//1022 1023//1023
f 957//957 1023//1023 958//958
f 1021//1021 1022//1022 957//957
f 956//956 1021//1021 957//957
f 1020//1020 1021//1021 956//956
f 955//955 1020//1020 956//956
f 1077//1077 1078//1078 1093//1093
f 1094//1094 1077//1077 1093//1093
f 1076//1076 1077//1077 1094//1094
f 1095//1095 1076//1076 1094//1094
f 1096//1096 1075//1075 1076//1076
f 1096//1096 1076//1076 1095//1095
f 1097//1097 1074//1074 1075//1075
f 1097//1097 1075//1075 1096//1096
f 1098//1098 1073//1073 1074//1074
f 1098//1098 1074//1074 1097//1097
f 1099//1099 1072//1072 1073//1073
f 1099//1099 1073//1073 1098//1098
f 1100//1100 1072//1072 1099//1099
f 1071//1071 1072//1072 1100//1100
f 1101//1101 1071//1071 1100//1100
f 1070//1070 1071//1071 1101//1101
f 1102//1102 1070//1070 1101//1101
f 1069//1069 1070//1070 1102//1102
f 1103//1103 1068//1068 1069//1069
f 1103//1103 1069//1069 1102//1102
f 1067//1067 1068//1068 1103//1103
f 1104//1104 1066//1066 1067//1067
f 1104//1104 1067//1067 1103//1103
f 1065//1065 1066//1066 1104//1104
f 1105//1105 1065//1065 1104//1104
f 1064//1064 1065//1065 1105//1105
f 1106//1106 1064//1064 1105//1105
f 1107//1107 1064//1064 1106//1106
f 1063//1063 1064//1064 1107//1107
f 1108//1108 1063//1063 1107//1107
f 1062//1062 1063//1063 1108//1108
f 1109//1109 1062//1062 1108//1108
f 1061//1061 1062//1062 1109//1109
f 1110//1110 1061//1061 1109//1109
f 1060//1060 1061//1061 1110//1110
f 1111//1111 1059//1059 1060//1060
f 1111//1111 1060//1060 1110//1110
f 1058//1058 1059//1059 1111//1111
f 1112//1112 1057//1057 1058//1058
f 1112//1112 1058//1058 1111//1111
f 1113//1113 1056//1056 1057//1057
f 1113//1113 1057//1057 1112//1112
f 1114//1114 1056//1056 1113//1113
f 1055//1055 1056//1056 1114//1114
f 1115//1115 1055//1055 1114//1114
f 1054//1054 1055//1055 1115//1115
f 1116//1116 1054//1054 1115//1115
f 1079//1079 1054//1054 1116//1116
f 1117//1117 1080//1080 1079//1079
f 1117//1117 1079//1079 1116//1116
f 1081//1081 1080//1080 1117//1117
f 1118//1118 1082//1082 1081//1081
f 1118//1118 1081//1081 1117//1117
f 1083//1083 1082//1082 1118//1118
f 1119//1119 1084//1084 1083//1083
f 1119//1119 1083//1083 1118//1118
f 1120//1120 1085//1085 1084//1084
f 1120//1120 1084//1084 1119//1119
f 1121//1121 1085//1085 1120//1120
f 1086//1086 1085//1085 1121//1121
f 1122//1122 1086//1086 1121//1121
f 1087//1087 1086//1086 1122//1122
f 1123//1123 1087//1087 1122//1122
f 1088//1088 1087//1087 1123//1123
f 1124//1124 1088//1088 1123//1123
f 1089//1089 1088//1088 1124//1124
f 1125//1125 1089//1089 1124//1124
f 1090//1090 1089//1089 1125//1125
f 1126//1126 1090//1090 1125//1125
f 1091//1091 1090//1090 1126//1126
f 1092//1092 1091//1091 1126//1126
f 1162//1162 1163//1163 1165//1165
f 1166//1166 1161//1161 1162//1162
f 1166//1166 1162//1162 1165//1165
f 1167//1167 1159//1159 1160//1160
f 1167//1167 1160//1160 1161//1161
f 1167//1167 1161//1161 1166//1166
f 1168//1168 1158//1158 1159//1159
f 1168//1168 1159//1159 1167//1167
f 1157//1157 1158//1158 1168//1168
f 1169//1169 1157//1157 1168//1168
f 1156//1156 1157//1157 1169//1169
f 1170//1170 1156//1156 1169//1169
f 1171//1171 1156//1156 1170//1170
f 1171//1171 1155//1155 1156//1156
f 1172//1172 1155//1155 1171//1171
f 1172//1172 1154//1154 1155//1155
f 1173//1173 1154//1154 1172//1172
f 1173//1173 1153//1153 1154//1154
f 1174//1174 1153//1153 1173//1173
f 1152//1152 1153//1153 1174//1174
f 1175//1175 1152//1152 1174//1174
f 1151//1151 1152//1152 1175//1175
f 1176//1176 1151//1151 1175//1175
f 1177//1177 1150//1150 1151//1151
f 1177//1177 1151//1151 1176//1176
f 1149//1149 1150//1150 1177//1177
f 1178//1178 1148//1148 1149//1149
f 1178//1178 1149//1149 1177//1177
f 1147//1147 1148//1148 1178//1178
f 1179//1179 1147//1147 1178//1178
f 1146//1146 1147//1147 1179//1179
f 1180//1180 1146//1146 1179//1179
f 1181//1181 1146//1146 1180//1180
f 1145//1145 1146//1146 1181//1181
f 1182//1182 1145//1145 1181//1181
f 1183//1183 1145//1145 1182//1182
f 1144//1144 1145//1145 1183//1183
f 1184//1184 1144//1144 1183//1183
f 1143//1143 1144//1144 1184//1184
f 1185//1185 1143//1143 1184//1184
f 1142//1142 1143//1143 1185//1185
f 1186//1186 1141//1141 1142//1142
f 1186//1186 1142//1142 1185//1185
f 1187//1187 1139//1139 1140//1140
f 1187//1187 1140//1140 1141//1141
f 1187//1187 1141//1141 1186//1186
f 1188//1188 1139//1139 1187//1187
f 1138//1138 1139//1139 1188//1188
f 1189//1189 1138//1138 1188//1188
f 1137//1137 1138//1138 1189//1189
f 1190//1190 1137//1137 1189//1189
f 1191//1191 1136//1136 1137//1137
f 1191//1191 1137//1137 1190//1190
f 1135//1135 1136//1136 1191//1191
f 1192//1192 1135//1135 1191//1191
f 1134//1134 1135//1135 1192//1192
f 1193//1193 1134//1134 1192//1192
f 1133//1133 1134//1134 1193//1193
f 1194//1194 1133//1133 1193//1193
f 1132//1132 1133//1133 1194//1194
f 1195//1195 1132//1132 1194//1194
f 1131//1131 1132//1132 1195//1195
f 1196//1196 1131//1131 1195//1195
f 1130//1130 1131//1131 1196//1196
f 1197//1197 1130//1130 1196//1196
f 1198//1198 1130//1130 1197//1197
f 1129//1129 1130//1130 1198//1198
f 1199//1199 1129//1129 1198//1198
f 1128//1128 1129//1129 1199//1199
f 1200//1200 1128//1128 1199//1199
f 1127//1127 1128//1128 1200//1200
f 1164//1164 1127//1127 1200//1200
f 1234//1234 1235//1235 1237//1237
f 1238//1238 1234//1234 1237//1237
f 1233//1233 1234//1234 1238//1238
f 1239//1239 1233//1233 1238//1238
f 1232//1232 1233//1233 1239//1239
f 1240//1240 1232//1232 1239//1239
f 1241//1241 1232//1232 1240//1240
f 1231//1231 1232//1232 1241//1241
f 1242//1242 1231//1231 1241//1241
f 1230//1230 1231//1231 1242//1242
f 1243//1243 1230//1230 1242//1242
f 1229//1229 1230//1230 1243//1243
f 1244//1244 1229//1229 1243//1243
f 1244//1244 1228//1228 1229//1229
f 1245//1245 1228//1228 1244//1244
f 1245//1245 1227//1227 1228//1228
f 1246//1246 1227//1227 1245//1245
f 1226//1226 1227//1227 1246//1246
f 1247//1247 1226//1226 1246//1246
f 1248//1248 1226//1226 1247//1247
f 1225//1225 1226//1226 1248//1248
f 1249//1249 1225//1225 1248//1248
f 1224//1224 1225//1225 1249//1249
f 1250//1250 1224//1224 1249//1249
f 1223//1223 1224//1224 1250//1250
f 1251//1251 1223//1223 1250//1250
f 1222//1222 1223//1223 1251//1251
f 1252//1252 1222//1222 1251//1251
f 1253//1253 1221//1221 1222//1222
f 1253//1253 1222//1222 1252//1252
f 1254//1254 1220//1220 1221//1221
f 1254//1254 1221//1221 1253//1253
f 1255//1255 1220//1220 1254//1254
f 1219//1219 1220//1220 1255//1255
f 1256//1256 1219//1219 1255//1255
f 1257//1257 1219//1219 1256//1256
f 1218//1218 1219//1219 1257//1257
f 1258//1258 1218//1218 1257//1257
f 1259//1259 1217//1217 1218//1218
f 1259//1259 1218//1218 1258//1258
f 1260//1260 1216//1216 1217//1217
f 1260//1260 1217//1217 1259//1259
f 1215//1215 1216//1216 1260//1260
f 1261//1261 1214//1214 1215//1215
f 1261//1261 1215//1215 1260//1260
f 1262//1262 1213//1213 1214//1214
f 1262//1262 1214//1214 1261//1261
f 1263//1263 1212//1212 1213//1213
f 1263//1263 1213//1213 1262//1262
f 1264//1264 1211//1211 1212//1212
f 1264//1264 1212//1212 1263//1263
f 1265//1265 1210//1210 1211//1211
f 1265//1265 1211//1211 1264//1264
f 1266//1266 1209//1209 1210//1210
f 1266//1266 1210//1210 1265//1265
f 1267//1267 1207//1207 1208//1208
f 1267//1267 1208//1208 1209//1209
f 1267//1267 1209//1209 1266//1266
f 1268//1268 1206//1206 1207//1207
f 1268//1268 1207//1207 1267//1267
f 1205//1205 1206//1206 1268//1268
f 1269//1269 1205//1205 1268//1268
f 1204//1204 1205//1205 1269//1269
f 1270//1270 1203//1203 1204//1204
f 1270//1270 1204//1204 1269//1269
f 1271//1271 1203//1203 1270//1270
f 1272//1272 1202//1202 1203//1203
f 1272//1272 1203//1203 1271//1271
f 1273//1273 1202//1202 1272//1272
f 1201//1201 1202//1202 1273//1273
f 1236//1236 1201//1201 1273//1273
f 1307//1307 1308//1308 1323//1323
f 1324//1324 1307//1307 1323//1323
f 1306//1306 1307//1307 1324//1324
f 1325//1325 1305//1305 1306//1306
f 1325//1325 1306//1306 1324//1324
f 1326//1326 1304//1304 1305//1305
f 1326//1326 1305//1305 1325//1325
f 1327//1327 1304//1304 1326//1326
f 1303//1303 1304//1304 1327//1327
f 1328//1328 1303//1303 1327//1327
f 1302//1302 1303//1303 1328//1328
f 1329//1329 1302//1302 1328//1328
f 1301//1301 1302//1302 1329//1329
f 1330//1330 1301//1301 1329//1329
f 1330//1330 1300//1300 1301//1301
f 1331//1331 1300//1300 1330//1330
f 1331//1331 1299//1299 1300//1300
f 1332//1332 1299//1299 1331//1331
f 1332//1332 1298//1298 1299//1299
f 1333//1333 1298//1298 1332//1332
f 1297//1297 1298//1298 1333//1333
f 1334//1334 1297//1297 1333//1333
f 1335//1335 1296//1296 1297//1297
f 1335//1335 1297//1297 1334//1334
f 1336//1336 1296//1296 1335//1335
f 1295//1295 1296//1296 1336//1336
f 1337//1337 1295//1295 1336//1336
f 1338//1338 1294//1294 1295//1295
f 1338//1338 1295//1295 1337//1337
f 1339//1339 1293//1293 1294//1294
f 1339//1339 1294//1294 1338//1338
f 1340//1340 1292//1292 1293//1293
f 1340//1340 1293//1293 1339//1339
f 1341//1341 1291//1291 1292//1292
f 1341//1341 1292//1292 1340//1340
f 1342//1342 1290//1290 1291//1291
f 1342//1342 1291//1291 1341//1341
f 1343//1343 1289//1289 1290//1290
f 1343//1343 1290//1290 1342//1342
f 1344//1344 1288//1288 1289//1289
f 1344//1344 1289//1289 1343//1343
f 1345//1345 1288//1288 1344//1344
f 1287//1287 1288//1288 1345//1345
f 1310//1310 1287//1287 1345//1345
f 1286//1286 1287//1287 1310//1310
f 1311//1311 1285//1285 1286//1286
f 1311//1311 1286//1286 1310//1310
f 1312//1312 1284//1284 1285//1285
f 1312//1312 1285//1285 1311//1311
f 1313//1313 1283//1283 1284//1284
f 1313//1313 1284//1284 1312//1312
f 1314//1314 1282//1282 1283//1283
f 1314//1314 1283//1283 1313//1313
f 1315//1315 1282//1282 1314//1314
f 1281//1281 1282//1282 1315//1315
f 1316//1316 1281//1281 1315//1315
f 1317//1317 1280//1280 1281//1281
f 1317//1317 1281//1281 1316//1316
f 1279//1279 1280//1280 1317//1317
f 1318//1318 1279//1279 1317//1317
f 1278//1278 1279//1279 1318//1318
f 1319//1319 1278//1278 1318//1318
f 1277//1277 1278//1278 1319//1319
f 1320//1320 1277//1277 1319//1319
f 1276//1276 1277//1277 1320//1320
f 1321//1321 1276//1276 1320//1320
f 1275//1275 1276//1276 1321//1321
f 1322//1322 1275//1275 1321//1321
f 1274//1274 1275//1275 1322//1322
f 1309//1309 1274//1274 1322//1322
f 1383//1383 1382//1382 1346//1346
f 1347//1347 1384//1384 1383//1383
f 1347//1347 1383//1383 1346//1346
f 1348//1348 1384//1384 1347//1347
f 1385//1385 1384//1384 1348//1348
f 1349//1349 1385//1385 1348//1348
f 1350//1350 1385//1385 1349//1349
f 1386//1386 1385//1385 1350//1350
f 1351//1351 1386//1386 1350//1350
f 1387//1387 1386//1386 1351//1351
f 1352//1352 1387//1387 1351//1351
f 1388//1388 1387//1387 1352//1352
f 1353//1353 1388//1388 1352//1352
f 1389//1389 1388//1388 1353//1353
f 1354//1354 1389//1389 1353//1353
f 1390//1390 1389//1389 1354//1354
f 1355//1355 1390//1390 1354//1354
f 1355//1355 1391//1391 1390//1390
f 1392//1392 1391//1391 1355//1355
f 1356//1356 1392//1392 1355//1355
f 1357//1357 1392//1392 1356//1356
f 1393//1393 1392//1392 1357//1357
f 1358//1358 1393//1393 1357//1357
f 1394//1394 1393//1393 1358//1358
f 1359//1359 1394//1394 1358//1358
f 1395//1395 1394//1394 1359//1359
f 1360//1360 1395//1395 1359//1359
f 1396//1396 1395//1395 1360//1360
f 1361//1361 1396//1396 1360//1360
f 1397//1397 1396//1396 1361//1361
f 1362//1362 1397//1397 1361//1361
f 1362//1362 1398//1398 1397//1397
f 1399//1399 1398//1398 1362//1362
f 1363//1363 1399//1399 1362//1362
f 1364//1364 1399//1399 1363//1363
f 1400//1400 1399//1399 1364//1364
f 1365//1365 1400//1400 1364//1364
f 1401//1401 1400//1400 1365//1365
f 1366//1366 1401//1401 1365//1365
f 1402//1402 1401//1401 1366//1366
f 1367//1367 1402//1402 1366//1366
f 1403//1403 1402//1402 1367//1367
f 1368//1368 1403//1403 1367//1367
f 1404//1404 1403//1403 1368//1368
f 1369//1369 1405//1405 1404//1404
f 1369//1369 1404//1404 1368//1368
f 1406//1406 1405//1405 1369//1369
f 1370//1370 1406//1406 1369//1369
f 1371//1371 1406//1406 1370//1370
f 1407//1407 1406//1406 1371//1371
f 1372//1372 1407//1407 1371//1371
f 1408//1408 1407//1407 1372//1372
f 1373//1373 1408//1408 1372//1372
f 1374//1374 1408//1408 1373//1373
f 1409//1409 1408//1408 1374//1374
f 1375//1375 1409//1409 1374//1374
f 1410//1410 1409//1409 1375//1375
f 1376//1376 1410//1410 1375//1375
f 1411//1411 1410//1410 1376//1376
f 1377//1377 1411//1411 1376//1376
f 1412//1412 1411//1411 1377//1377
f 1378//1378 1413//1413 1412//1412
f 1378//1378 1412//1412 1377//1377
f 1414//1414 1413//1413 1378//1378
f 1379//1379 1414//1414 1378//1378
f 1415//1415 1414//1414 1379//1379
f 1380//1380 1415//1415 1379//1379
f 1416//1416 1415//1415 1380//1380
f 1381//1381 1416//1416 1380//1380
f 1418//1418 1452//1452 1417//1417
f 1453//1453 1452//1452 1418//1418
f 1419//1419 1453//1453 1418//1418
f 1454//1454 1453//1453 1419//1419
f 1420//1420 1454//1454 1419//1419
f 1455//1455 1454//1454 1420//1420
f 1421//1421 1456//1456 1455//1455
f 1421//1421 1455//1455 1420//1420
f 1457//1457 1456//1456 1421//1421
f 1422//1422 1457//1457 1421//1421
f 1458//1458 1457//1457 1422//1422
f 1423//1423 1459//1459 1458//1458
f 1423//1423 1458//1458 1422//1422
f 1460//1460 1459//1459 1423//1423
f 1424//1424 1460//1460 1423//1423
f 1425//1425 1460//1460 1424//1424
f 1461//1461 1460//1460 1425//1425
f 1426//1426 1461//1461 1425//1425
f 1462//1462 1461//1461 1426//1426
f 1427//1427 1462//1462 1426//1426
f 1463//1463 1462//1462 1427//1427
f 1428//1428 1463//1463 1427//1427
f 1464//1464 1463//1463 1428//1428
f 1429//1429 1464//1464 1428//1428
f 1465//1465 1464//1464 1429//1429
f 1430//1430 1465//1465 1429//1429
f 1430//1430 1466//1466 1465//1465
f 1467//1467 1466//1466 1430//1430
f 1431//1431 1467//1467 1430//1430
f 1432//1432 1467//1467 1431//1431
f 1468//1468 1467//1467 1432//1432
f 1433//1433 1468//1468 1432//1432
f 1469//1469 1468//1468 1433//1433
f 1434//1434 1469//1469 1433//1433
f 1470//1470 1469//1469 1434//1434
f 1435//1435 1470//1470 1434//1434
f 1471//1471 1470//1470 1435//1435
f 1436//1436 1471//1471 1435//1435
f 1472//1472 1471//1471 1436//1436
f 1437//1437 1472//1472 1436//1436
f 1437//1437 1473//1473 1472//1472
f 1474//1474 1473//1473 1437//1437
f 1438//1438 1474//1474 1437//1437
f 1439//1439 1474//1474 1438//1438
f 1475//1475 1474//1474 1439//1439
f 1440//1440 1475//1475 1439//1439
f 1476//1476 1475//1475 1440//1440
f 1441//1441 1476//1476 1440//1440
f 1477//1477 1476//1476 1441//1441
f 1442//1442 1477//1477 1441//1441
f 1478//1478 1477//1477 1442//1442
f 1443//1443 1478//1478 1442//1442
f 1479//1479 1478//1478 1443//1443
f 1444//1444 1480//1480 1479//1479
f 1444//1444 1479//1479 1443//1443
f 1481//1481 1480//1480 1444//1444
f 1445//1445 1481//1481 1444//1444
f 1482//1482 1481//1481 1445//1445
f 1446//1446 1482//1482 1445//1445
f 1447//1447 1482//1482 1446//1446
f 1483//1483 1482//1482 1447//1447
f 1448//1448 1483//1483 1447//1447
f 1484//1484 1483//1483 1448//1448
f 1449//1449 1484//1484 1448//1448
f 1485//1485 1484//1484 1449//1449
f 1450//1450 1485//1485 1449//1449
f 1486//1486 1485//1485 1450//1450
f 1451//1451 1486//1486 1450//1450
f 1488//1488 1487//1487 1524//1524
f 1525//1525 1488//1488 1524//1524
f 1489//1489 1488//1488 1525//1525
f 1526//1526 1489//1489 1525//1525
f 1490//1490 1489//1489 1526//1526
f 1527//1527 1490//1490 1526//1526
f 1491//1491 1490//1490 1527//1527
f 1528//1528 1492//1492 1491//1491
f 1528//1528 1491//1491 1527//1527
f 1529//1529 1493//1493 1492//1492
f 1529//1529 1492//1492 1528//1528
f 1530//1530 1494//1494 1493//1493
f 1530//1530 1493//1493 1529//1529
f 1531//1531 1494//1494 1530//1530
f 1531//1531 1495//1495 1494//1494
f 1532//1532 1495//1495 1531//1531
f 1532//1532 1496//1496 1495//1495
f 1533//1533 1497//1497 1496//1496
f 1533//1533 1496//1496 1532//1532
f 1534//1534 1498//1498 1497//1497
f 1534//1534 1497//1497 1533//1533
f 1535//1535 1499//1499 1498//1498
f 1535//1535 1498//1498 1534//1534
f 1536//1536 1500//1500 1499//1499
f 1536//1536 1499//1499 1535//1535
f 1537//1537 1501//1501 1500//1500
f 1537//1537 1500//1500 1536//1536
f 1538//1538 1502//1502 1501//1501
f 1538//1538 1501//1501 1537//1537
f 1539//1539 1503//1503 1502//1502
f 1539//1539 1502//1502 1538//1538
f 1540//1540 1504//1504 1503//1503
f 1540//1540 1503//1503 1539//1539
f 1505//1505 1504//1504 1540//1540
f 1541//1541 1506//1506 1505//1505
f 1541//1541 1505//1505 1540//1540
f 1542//1542 1507//1507 1506//1506
f 1542//1542 1506//1506 1541//1541
f 1543//1543 1508//1508 1507//1507
f 1543//1543 1507//1507 1542//1542
f 1544//1544 1509//1509 1508//1508
f 1544//1544 1508//1508 1543//1543
f 1545//1545 1510//1510 1509//1509
f 1545//1545 1509//1509 1544//1544
f 1546//1546 1511//1511 1510//1510
f 1546//1546 1510//1510 1545//1545
f 1547//1547 1512//1512 1511//1511
f 1547//1547 1513//1513 1512//1512
f 1547//1547 1511//1511 1546//1546
f 1548//1548 1514//1514 1513//1513
f 1548//1548 1513//1513 1547//1547
f 1549//1549 1515//1515 1514//1514
f 1549//1549 1514//1514 1548//1548
f 1550//1550 1516//1516 1515//1515
f 1550//1550 1515//1515 1549//1549
f 1551//1551 1517//1517 1516//1516
f 1551//1551 1516//1516 1550//1550
f 1552//1552 1518//1518 1517//1517
f 1552//1552 1517//1517 1551//1551
f 1553//1553 1518//1518 1552//1552
f 1519//1519 1518//1518 1553//1553
f 1554//1554 1519//1519 1553//1553
f 1555//1555 1519//1519 1554//1554
f 1555//1555 1520//1520 1519//1519
f 1556//1556 1521//1521 1520//1520
f 1556//1556 1520//1520 1555//1555
f 1523//1523 1521//1521 1556//1556
f 1523//1523 1522//1522 1521//1521
f 1591//1591 1592//1592 1594//1594
f 1595//1595 1590//1590 1591//1591
f 1595//1595 1591//1591 1594//1594
f 1596//1596 1588//1588 1589//1589
f 1596//1596 1589//1589 1590//1590
f 1596//1596 1590//1590 1595//1595
f 1597//1597 1587//1587 1588//1588
f 1597//1597 1588//1588 1596//1596
f 1598//1598 1586//1586 1587//1587
f 1598//1598 1587//1587 1597//1597
f 1599//1599 1586//1586 1598//1598
f 1600//1600 1585//1585 1586//1586
f 1600//1600 1586//1586 1599//1599
f 1601//1601 1585//1585 1600//1600
f 1584//1584 1585//1585 1601//1601
f 1602//1602 1584//1584 1601//1601
f 1603//1603 1584//1584 1602//1602
f 1603//1603 1582//1582 1583//1583
f 1603//1603 1583//1583 1584//1584
f 1604//1604 1582//1582 1603//1603
f 1604//1604 1580//1580 1581//1581
f 1604//1604 1581//1581 1582//1582
f 1605//1605 1580//1580 1604//1604
f 1579//1579 1580//1580 1605//1605
f 1606//1606 1579//1579 1605//1605
f 1578//1578 1579//1579 1606//1606
f 1607//1607 1577//1577 1578//1578
f 1607//1607 1578//1578 1606//1606
f 1608//1608 1576//1576 1577//1577
f 1608//1608 1577//1577 1607//1607
f 1609//1609 1575//1575 1576//1576
f 1609//1609 1576//1576 1608//1608
f 1610//1610 1574//1574 1575//1575
f 1610//1610 1575//1575 1609//1609
f 1611//1611 1572//1572 1573//1573
f 1611//1611 1573//1573 1574//1574
f 1611//1611 1574//1574 1610//1610
f 1612//1612 1571//1571 1572//1572
f 1612//1612 1572//1572 1611//1611
f 1613//1613 1571//1571 1612//1612
f 1570//1570 1571//1571 1613//1613
f 1614//1614 1570//1570 1613//1613
f 1569//1569 1570//1570 1614//1614
f 1615//1615 1569//1569 1614//1614
f 1568//1568 1569//1569 1615//1615
f 1616//1616 1568//1568 1615//1615
f 1617//1617 1568//1568 1616//1616
f 1567//1567 1568//1568 1617//1617
f 1618//1618 1566//1566 1567//1567
f 1618//1618 1567//1567 1617//1617
f 1619//1619 1565//1565 1566//1566
f 1619//1619 1566//1566 1618//1618
f 1620//1620 1564//1564 1565//1565
f 1620//1620 1565//1565 1619//1619
f 1621//1621 1563//1563 1564//1564
f 1621//1621 1564//1564 1620//1620
f 1622//1622 1562//1562 1563//1563
f 1622//1622 1563//1563 1621//1621
f 1623//1623 1561//1561 1562//1562
f 1623//1623 1562//1562 1622//1622
f 1624//1624 1560//1560 1561//1561
f 1624//1624 1561//1561 1623//1623
f 1559//1559 1560//1560 1624//1624
f 1625//1625 1559//1559 1624//1624
f 1558//1558 1559//1559 1625//1625
f 1626//1626 1558//1558 1625//1625
f 1557//1557 1558//1558 1626//1626
f 1593//1593 1557//1557 1626//1626
f 1661//1661 1662//1662 1664//1664
f 1665//1665 1661//1661 1664//1664
f 1660//1660 1661//1661 1665//1665
f 1666//1666 1660//1660 1665//1665
f 1659//1659 1660//1660 1666//1666
f 1667//1667 1658//1658 1659//1659
f 1667//1667 1659//1659 1666//1666
f 1668//1668 1657//1657 1658//1658
f 1668//1668 1658//1658 1667//1667
f 1669//1669 1657//1657 1668//1668
f 1656//1656 1657//1657 1669//1669
f 1670//1670 1656//1656 1669//1669
f 1670//1670 1655//1655 1656//1656
f 1671//1671 1655//1655 1670//1670
f 1671//1671 1654//1654 1655//1655
f 1672//1672 1654//1654 1671//1671
f 1653//1653 1654//1654 1672//1672
f 1673//1673 1653//1653 1672//1672
f 1673//1673 1652//1652 1653//1653
f 1651//1651 1652//1652 1673//1673
f 1674//1674 1651//1651 1673//1673
f 1674//1674 1650//1650 1651//1651
f 1649//1649 1650//1650 1674//1674
f 1675//1675 1649//1649 1674//1674
f 1648//1648 1649//1649 1675//1675
f 1676//1676 1648//1648 1675//1675
f 1647//1647 1648//1648 1676//1676
f 1677//1677 1647//1647 1676//1676
f 1678//1678 1647//1647 1677//1677
f 1646//1646 1647//1647 1678//1678
f 1679//1679 1645//1645 1646//1646
f 1679//1679 1646//1646 1678//1678
f 1680//1680 1644//1644 1645//1645
f 1680//1680 1645//1645 1679//1679
f 1681//1681 1643//1643 1644//1644
f 1681//1681 1644//1644 1680//1680
f 1682//1682 1642//1642 1643//1643
f 1682//1682 1643//1643 1681//1681
f 1641//1641 1642//1642 1682//1682
f 1683//1683 1641//1641 1682//1682
f 1640//1640 1641//1641 1683//1683
f 1684//1684 1640//1640 1683//1683
f 1639//1639 1640//1640 1684//1684
f 1685//1685 1639//1639 1684//1684
f 1638//1638 1639//1639 1685//1685
f 1686//1686 1638//1638 1685//1685
f 1637//1637 1638//1638 1686//1686
f 1687//1687 1637//1637 1686//1686
f 1688//1688 1637//1637 1687//1687
f 1636//1636 1637//1637 1688//1688
f 1689//1689 1636//1636 1688//1688
f 1690//1690 1636//1636 1689//1689
f 1635//1635 1636//1636 1690//1690
f 1691//1691 1634//1634 1635//1635
f 1691//1691 1635//1635 1690//1690
f 1692//1692 1633//1633 1634//1634
f 1692//1692 1634//1634 1691//1691
f 1693//1693 1633//1633 1692//1692
f 1632//1632 1633//1633 1693//1693
f 1694//1694 1632//1632 1693//1693
f 1631//1631 1632//1632 1694//1694
f 1695//1695 1631//1631 1694//1694
f 1630//1630 1631//1631 1695//1695
f 1696//1696 1630//1630 1695//1695
f 1629//1629 1630//1630 1696//1696
f 1697//1697 1629//1629 1696//1696
f 1628//1628 1629//1629 1697//1697
f 1698//1698 1628//1628 1697//1697
f 1627//1627 1628//1628 1698//1698
f 1663//1663 1627//1627 1698//1698
f 1763//1763 1700//1700 1699//1699
f 1763//1763 1699//1699 1762//1762
f 1764//1764 1701//1701 1700//1700
f 1764//1764 1700//1700 1763//1763
f 1765//1765 1701//1701 1764//1764
f 1702//1702 1701//1701 1765//1765
f 1766//1766 1702//1702 1765//1765
f 1767//1767 1703//1703 1702//1702
f 1767//1767 1702//1702 1766//1766
f 1704//1704 1703//1703 1767//1767
f 1768//1768 1705//1705 1704//1704
f 1768//1768 1704//1704 1767//1767
f 1769//1769 1706//1706 1705//1705
f 1769//1769 1705//1705 1768//1768
f 1770//1770 1707//1707 1706//1706
f 1770//1770 1706//1706 1769//1769
f 1771//1771 1708//1708 1707//1707
f 1771//1771 1707//1707 1770//1770
f 1772//1772 1709//1709 1708//1708
f 1772//1772 1708//1708 1771//1771
f 1710//1710 1709//1709 1772//1772
f 1773//1773 1711//1711 1710//1710
f 1773//1773 1710//1710 1772//1772
f 1774//1774 1712//1712 1711//1711
f 1774//1774 1711//1711 1773//1773
f 1775//1775 1713//1713 1712//1712
f 1775//1775 1714//1714 1713//1713
f 1775//1775 1712//1712 1774//1774
f 1776//1776 1715//1715 1714//1714
f 1776//1776 1714//1714 1775//1775
f 1777//1777 1716//1716 1715//1715
f 1777//1777 1715//1715 1776//1776
f 1778//1778 1717//1717 1716//1716
f 1778//1778 1716//1716 1777//1777
f 1779//1779 1718//1718 1717//1717
f 1779//1779 1717//1717 1778//1778
f 1780//1780 1719//1719 1718//1718
f 1780//1780 1718//1718 1779//1779
f 1781//1781 1720//1720 1719//1719
f 1781//1781 1719//1719 1780//1780
f 1782//1782 1721//1721 1720//1720
f 1782//1782 1720//1720 1781//1781
f 1783//1783 1722//1722 1721//1721
f 1783//1783 1721//1721 1782//1782
f 1784//1784 1723//1723 1722//1722
f 1784//1784 1722//1722 1783//1783
f 1785//1785 1724//1724 1723//1723
f 1785//1785 1723//1723 1784//1784
f 1786//1786 1725//1725 1724//1724
f 1786//1786 1724//1724 1785//1785
f 1787//1787 1726//1726 1725//1725
f 1787//1787 1725//1725 1786//1786
f 1788//1788 1726//1726 1787//1787
f 1727//1727 1726//1726 1788//1788
f 1789//1789 1727//1727 1788//1788
f 1728//1728 1727//1727 1789//1789
f 1790//1790 1728//1728 1789//1789
f 1790//1790 1729//1729 1728//1728
f 1730//1730 1729//1729 1790//1790
f 1761//1761 1730//1730 1790//1790
f 1761//1761 1731//1731 1730//1730
f 1760//1760 1731//1731 1761//1761
f 1760//1760 1732//1732 1731//1731
f 1733//1733 1732//1732 1760//1760
f 1759//1759 1733//1733 1760//1760
f 1759//1759 1734//1734 1733//1733
f 1758//1758 1734//1734 1759//1759
f 1758//1758 1735//1735 1734//1734
f 1736//1736 1735//1735 1758//1758
f 1757//1757 1736//1736 1758//1758
f 1757//1757 1737//1737 1736//1736
f 1756//1756 1738//1738 1737//1737
f 1756//1756 1737//1737 1757//1757
f 1739//1739 1738//1738 1756//1756
f 1755//1755 1740//1740 1739//1739
f 1755//1755 1739//1739 1756//1756
f 1754//1754 1741//1741 1740//1740
f 1754//1754 1740//1740 1755//1755
f 1753//1753 1742//1742 1741//1741
f 1753//1753 1741//1741 1754//1754
f 1752//1752 1743//1743 1742//1742
f 1752//1752 1742//1742 1753//1753
f 1744//1744 1743//1743 1752//1752
f 1751//1751 1744//1744 1752//1752
f 1745//1745 1744//1744 1751//1751
f 1750//1750 1745//1745 1751//1751
f 1746//1746 1745//1745 1750//1750
f 1749//1749 1746//1746 1750//1750
f 1747//1747 1746//1746 1749//1749
f 1748//1748 1747//1747 1749//1749
f 2162//2162 2111//2111 1850//1850
f 2162//2162 1850//1850 1851//1851
f 2161//2161 2162//2162 1851//1851
f 2161//2161 1851//1851 1852//1852
f 2160//2160 2161//2161 1852//1852
f 2160//2160 1852//1852 1853//1853
f 2159//2159 2160//2160 1853//1853
f 2159//2159 1853//1853 1854//1854
f 2159//2159 1854//1854 1855//1855
f 2158//2158 2159//2159 1855//1855
f 2158//2158 1855//1855 1856//1856
f 2157//2157 2158//2158 1856//1856
f 2156//2156 2157//2157 1856//1856
f 2156//2156 1856//1856 1857//1857
f 2155//2155 2156//2156 1857//1857
f 2155//2155 1857//1857 1858//1858
f 2154//2154 2155//2155 1858//1858
f 2154//2154 1858//1858 1859//1859
f 2153//2153 2154//2154 1859//1859
f 2153//2153 1859//1859 1860//1860
f 2152//2152 2153//2153 1860//1860
f 2152//2152 1860//1860 1861//1861
f 2151//2151 2152//2152 1861//1861
f 2151//2151 1861//1861 1862//1862
f 2151//2151 1862//1862 1863//1863
f 2150//2150 2151//2151 1863//1863
f 2150//2150 1863//1863 1864//1864
f 2149//2149 2150//2150 1864//1864
f 2148//2148 1864//1864 1865//1865
f 2148//2148 2149//2149 1864//1864
f 2147//2147 1865//1865 1866//1866
f 2147//2147 2148//2148 1865//1865
f 2146//2146 1866//1866 1867//1867
f 2146//2146 2147//2147 1866//1866
f 2145//2145 1868//1868 1869//1869
f 2144//2144 1869//1869 1870//1870
f 2144//2144 2145//2145 1869//1869
f 2143//2143 1870//1870 1871//1871
f 2143//2143 2144//2144 1870//1870
f 2142//2142 1871//1871 1872//1872
f 2142//2142 2143//2143 1871//1871
f 2141//2141 2142//2142 1872//1872
f 2141//2141 1872//1872 1873//1873
f 2140//2140 2141//2141 1873//1873
f 2140//2140 1873//1873 1874//1874
f 2139//2139 2140//2140 1874//1874
f 2139//2139 1874//1874 1875//1875
f 2138//2138 2139//2139 1875//1875
f 2138//2138 1875//1875 1876//1876
f 2137//2137 2138//2138 1876//1876
f 2137//2137 1876//1876 1877//1877
f 2136//2136 2137//2137 1877//1877
f 2136//2136 1877//1877 1878//1878
f 2135//2135 2136//2136 1878//1878
f 2135//2135 1878//1878 1879//1879
f 2134//2134 2135//2135 1879//1879
f 2134//2134 1879//1879 1880//1880
f 2134//2134 1880//1880 1881//1881
f 2133//2133 2134//2134 1881//1881
f 2133//2133 1881//1881 1882//1882
f 2132//2132 2133//2133 1882//1882
f 2132//2132 1882//1882 1883//1883
f 2131//2131 2132//2132 1883//1883
f 2130//2130 2131//2131 1883//1883
f 2130//2130 1883//1883 1884//1884
f 2129//2129 2130//2130 1884//1884
f 2129//2129 1884//1884 1885//1885
f 2128//2128 2129//2129 1885//1885
f 2128//2128 1885//1885 1886//1886
f 2127//2127 2128//2128 1886//1886
f 2127//2127 1886//1886 1887//1887
f 2126//2126 2127//2127 1887//1887
f 2126//2126 1887//1887 1888//1888
f 2126//2126 1888//1888 1889//1889
f 2125//2125 2126//2126 1889//1889
f 2125//2125 1889//1889 1890//1890
f 2124//2124 2125//2125 1890//1890
f 2124//2124 1890//1890 1891//1891
f 2123//2123 1892//1892 1893//1893
f 2123//2123 2124//2124 1891//1891
f 2123//2123 1891//1891 1892//1892
f 2122//2122 1893//1893 1894//1894
f 2122//2122 2123//2123 1893//1893
f 2121//2121 1894//1894 1895//1895
f 2121//2121 2122//2122 1894//1894
f 2120//2120 1895//1895 1896//1896
f 2120//2120 2121//2121 1895//1895
f 2119//2119 1896//1896 1897//1897
f 2119//2119 2120//2120 1896//1896
f 2118//2118 1897//1897 1898//1898
f 2118//2118 2119//2119 1897//1897
f 2117//2117 2118//2118 1898//1898
f 2117//2117 1898//1898 1899//1899
f 2117//2117 1899//1899 1900//1900
f 2116//2116 2117//2117 1900//1900
f 2116//2116 1900//1900 1901//1901
f 2115//2115 1901//1901 1902//1902
f 2115//2115 2116//2116 1901//1901
f 2114//2114 1902//1902 1903//1903
f 2114//2114 2115//2115 1902//1902
f 2113//2113 2114//2114 1903//1903
f 2112//2112 1903//1903 1904//1904
f 2112//2112 2113//2113 1903//1903
f 2163//2163 1904//1904 1905//1905
f 2163//2163 2112//2112 1904//1904
f 2164//2164 1905//1905 1906//1906
f 2164//2164 2163//2163 1905//1905
f 2165//2165 1906//1906 1907//1907
f 2165//2165 2164//2164 1906//1906
f 2166//2166 2165//2165 1907//1907
f 2167//2167 1907//1907 1908//1908
f 2167//2167 2166//2166 1907//1907
f 2168//2168 1908//1908 1909//1909
f 2168//2168 2167//2167 1908//1908
f 2169//2169 1909//1909 1910//1910
f 2169//2169 1910//1910 1911//1911
f 2169//2169 2168//2168 1909//1909
f 2170//2170 2169//2169 1911//1911
f 2171//2171 1911//1911 1912//1912
f 2171//2171 2170//2170 1911//1911
f 2172//2172 1912//1912 1913//1913
f 2172//2172 2171//2171 1912//1912
f 2173//2173 1913//1913 1914//1914
f 2173//2173 1914//1914 1915//1915
f 2173//2173 2172//2172 1913//1913
f 2174//2174 1915//1915 1916//1916
f 2174//2174 2173//2173 1915//1915
f 2175//2175 1916//1916 1917//1917
f 2175//2175 2174//2174 1916//1916
f 2176//2176 1917//1917 1918//1918
f 2176//2176 2175//2175 1917//1917
f 2177//2177 1918//1918 1919//1919
f 2177//2177 2176//2176 1918//1918
f 2178//2178 2177//2177 1919//1919
f 2179//2179 1919//1919 1920//1920
f 2179//2179 1920//1920 1921//1921
f 2179//2179 2178//2178 1919//1919
f 2180//2180 1921//1921 1922//1922
f 2180//2180 2179//2179 1921//1921
f 2181//2181 1922//1922 1923//1923
f 2181//2181 2180//2180 1922//1922
f 2182//2182 2181//2181 1923//1923
f 2182//2182 1923//1923 1924//1924
f 2183//2183 2182//2182 1924//1924
f 2183//2183 1924//1924 1925//1925
f 2184//2184 2183//2183 1925//1925
f 2184//2184 1925//1925 1926//1926
f 2185//2185 2184//2184 1926//1926
f 2185//2185 1926//1926 1927//1927
f 2186//2186 2185//2185 1927//1927
f 2186//2186 1927//1927 1928//1928
f 2186//2186 1928//1928 1929//1929
f 2187//2187 2186//2186 1929//1929
f 2187//2187 1929//1929 1930//1930
f 2188//2188 2187//2187 1930//1930
f 2188//2188 1930//1930 1931//1931
f 2189//2189 2188//2188 1931//1931
f 2190//2190 2189//2189 1931//1931
f 2190//2190 1931//1931 1932//1932
f 2191//2191 2190//2190 1932//1932
f 2191//2191 1932//1932 1933//1933
f 2191//2191 1933//1933 1934//1934
f 2192//2192 2191//2191 1934//1934
f 2192//2192 1934//1934 1935//1935
f 2193//2193 2192//2192 1935//1935
f 2194//2194 1935//1935 1936//1936
f 2194//2194 2193//2193 1935//1935
f 2195//2195 1936//1936 1937//1937
f 2195//2195 2194//2194 1936//1936
f 2196//2196 1937//1937 1938//1938
f 2196//2196 1938//1938 1939//1939
f 2196//2196 2195//2195 1937//1937
f 2197//2197 2196//2196 1939//1939
f 2198//2198 1939//1939 1940//1940
f 2198//2198 2197//2197 1939//1939
f 2199//2199 1940//1940 1941//1941
f 2199//2199 2198//2198 1940//1940
f 2200//2200 1941//1941 1942//1942
f 2200//2200 2199//2199 1941//1941
f 2201//2201 1942//1942 1943//1943
f 2201//2201 2200//2200 1942//1942
f 2202//2202 1943//1943 1944//1944
f 2202//2202 2201//2201 1943//1943
f 2203//2203 1944//1944 1945//1945
f 2203//2203 2202//2202 1944//1944
f 2204//2204 2203//2203 1945//1945
f 2205//2205 1945//1945 1946//1946
f 2205//2205 2204//2204 1945//1945
f 2206//2206 1946//1946 1947//1947
f 2206//2206 1947//1947 1948//1948
f 2206//2206 2205//2205 1946//1946
f 2207//2207 2206//2206 1948//1948
f 2207//2207 1948//1948 1949//1949
f 2208//2208 2207//2207 1949//1949
f 2208//2208 1949//1949 1950//1950
f 2209//2209 2208//2208 1950//1950
f 2209//2209 1950//1950 1951//1951
f 2210//2210 2209//2209 1951//1951
f 2211//2211 2210//2210 1951//1951
f 2211//2211 1951//1951 1952//1952
f 2211//2211 1952//1952 1953//1953
f 2212//2212 2211//2211 1953//1953
f 2212//2212 1953//1953 1954//1954
f 2213//2213 2212//2212 1954//1954
f 2213//2213 1954//1954 1955//1955
f 2214//2214 2213//2213 1955//1955
f 2214//2214 1955//1955 1956//1956
f 2215//2215 2214//2214 1956//1956
f 2215//2215 1956//1956 1957//1957
f 2216//2216 2215//2215 1957//1957
f 2216//2216 1957//1957 1958//1958
f 2217//2217 2216//2216 1958//1958
f 2217//2217 1958//1958 1959//1959
f 2218//2218 2217//2217 1959//1959
f 2218//2218 1959//1959 1960//1960
f 2219//2219 2218//2218 1960//1960
f 2219//2219 1960//1960 1961//1961
f 2220//2220 2219//2219 1961//1961
f 2220//2220 1961//1961 1962//1962
f 2220//2220 1962//1962 1963//1963
f 2221//2221 2220//2220 1963//1963
f 2221//2221 1963//1963 1964//1964
f 2222//2222 2221//2221 1964//1964
f 2222//2222 1964//1964 1965//1965
f 2222//2222 1965//1965 1966//1966
f 2223//2223 2222//2222 1966//1966
f 2224//2224 2223//2223 1966//1966
f 2224//2224 1966//1966 1967//1967
f 2225//2225 2224//2224 1967//1967
f 2225//2225 1967//1967 1968//1968
f 2226//2226 1968//1968 1969//1969
f 2226//2226 2225//2225 1968//1968
f 2227//2227 1969//1969 1970//1970
f 2227//2227 2226//2226 1969//1969
f 2228//2228 1970//1970 1971//1971
f 2228//2228 1971//1971 1972//1972
f 2228//2228 2227//2227 1970//1970
f 2229//2229 1972//1972 1973//1973
f 2229//2229 2228//2228 1972//1972
f 2230//2230 1973//1973 1974//1974
f 2230//2230 2229//2229 1973//1973
f 2231//2231 2230//2230 1974//1974
f 2233//2233 2232//2232 1975//1975
f 2233//2233 1975//1975 1976//1976
f 2234//2234 2233//2233 1976//1976
f 2234//2234 1976//1976 1977//1977
f 2235//2235 2234//2234 1977//1977
f 2235//2235 1977//1977 1978//1978
f 2236//2236 2235//2235 1978//1978
f 2236//2236 1978//1978 1979//1979
f 2237//2237 2236//2236 1979//1979
f 2237//2237 1979//1979 1980//1980
f 2238//2238 2237//2237 1980//1980
f 2238//2238 1980//1980 1981//1981
f 2240//2240 1983//1983 1984//1984
f 2241//2241 2240//2240 1984//1984
f 2241//2241 1984//1984 1985//1985
f 2242//2242 2241//2241 1985//1985
f 2242//2242 1985//1985 1986//1986
f 2243//2243 2242//2242 1986//1986
f 2243//2243 1986//1986 1987//1987
f 2244//2244 2243//2243 1987//1987
f 2245//2245 2244//2244 1987//1987
f 2245//2245 1987//1987 1988//1988
f 2245//2245 1988//1988 1989//1989
f 2246//2246 2245//2245 1989//1989
f 2246//2246 1989//1989 1990//1990
f 2247//2247 2246//2246 1990//1990
f 2248//2248 2247//2247 1990//1990
f 2248//2248 1990//1990 1991//1991
f 2249//2249 2248//2248 1991//1991
f 2249//2249 1991//1991 1992//1992
f 2250//2250 2249//2249 1992//1992
f 2250//2250 1992//1992 1993//1993
f 2251//2251 1993//1993 1994//1994
f 2251//2251 2250//2250 1993//1993
f 2252//2252 1994//1994 1995//1995
f 2252//2252 1995//1995 1996//1996
f 2252//2252 2251//2251 1994//1994
f 2253//2253 1996//1996 1997//1997
f 2253//2253 2252//2252 1996//1996
f 2254//2254 1997//1997 1998//1998
f 2254//2254 2253//2253 1997//1997
f 2255//2255 1998//1998 1999//1999
f 2255//2255 2254//2254 1998//1998
f 2256//2256 1999//1999 2000//2000
f 2256//2256 2255//2255 1999//1999
f 2257//2257 2000//2000 2001//2001
f 2257//2257 2001//2001 2002//2002
f 2257//2257 2256//2256 2000//2000
f 2258//2258 2257//2257 2002//2002
f 2258//2258 2002//2002 2003//2003
f 2259//2259 2258//2258 2003//2003
f 2259//2259 2003//2003 2004//2004
f 2260//2260 2004//2004 2005//2005
f 2260//2260 2259//2259 2004//2004
f 2261//2261 2005//2005 2006//2006
f 2261//2261 2260//2260 2005//2005
f 2262//2262 2006//2006 2007//2007
f 2262//2262 2007//2007 2008//2008
f 2262//2262 2261//2261 2006//2006
f 2263//2263 2008//2008 2009//2009
f 2263//2263 2262//2262 2008//2008
f 2264//2264 2009//2009 2010//2010
f 2264//2264 2263//2263 2009//2009
f 2265//2265 2010//2010 2011//2011
f 2265//2265 2264//2264 2010//2010
f 2266//2266 2011//2011 2012//2012
f 2266//2266 2265//2265 2011//2011
f 2267//2267 2012//2012 2013//2013
f 2267//2267 2266//2266 2012//2012
f 2268//2268 2013//2013 2014//2014
f 2268//2268 2267//2267 2013//2013
f 2270//2270 2016//2016 2017//2017
f 2270//2270 2269//2269 2016//2016
f 2271//2271 2017//2017 2018//2018
f 2271//2271 2270//2270 2017//2017
f 2272//2272 2018//2018 2019//2019
f 2272//2272 2271//2271 2018//2018
f 2273//2273 2019//2019 2020//2020
f 2273//2273 2272//2272 2019//2019
f 2274//2274 2020//2020 2021//2021
f 2274//2274 2273//2273 2020//2020
f 2275//2275 2021//2021 2022//2022
f 2275//2275 2274//2274 2021//2021
f 2276//2276 2275//2275 2022//2022
f 2277//2277 2022//2022 2023//2023
f 2277//2277 2276//2276 2022//2022
f 2278//2278 2023//2023 2024//2024
f 2278//2278 2277//2277 2023//2023
f 2279//2279 2024//2024 2025//2025
f 2279//2279 2278//2278 2024//2024
f 2280//2280 2025//2025 2026//2026
f 2280//2280 2279//2279 2025//2025
f 2281//2281 2026//2026 2027//2027
f 2281//2281 2280//2280 2026//2026
f 2282//2282 2281//2281 2027//2027
f 2282//2282 2027//2027 2028//2028
f 2283//2283 2282//2282 2028//2028
f 2283//2283 2028//2028 2029//2029
f 2284//2284 2283//2283 2029//2029
f 2286//2286 2285//2285 2031//2031
f 2286//2286 2031//2031 2032//2032
f 2287//2287 2286//2286 2032//2032
f 2288//2288 2287//2287 2032//2032
f 2288//2288 2032//2032 2033//2033
f 2289//2289 2288//2288 2033//2033
f 2289//2289 2033//2033 2034//2034
f 2290//2290 2289//2289 2034//2034
f 2290//2290 2034//2034 2035//2035
f 2291//2291 2290//2290 2035//2035
f 2291//2291 2035//2035 2036//2036
f 2292//2292 2291//2291 2036//2036
f 2292//2292 2036//2036 2037//2037
f 2293//2293 2037//2037 2038//2038
f 2293//2293 2292//2292 2037//2037
f 2294//2294 2293//2293 2038//2038
f 2295//2295 2038//2038 2039//2039
f 2295//2295 2039//2039 2040//2040
f 2295//2295 2294//2294 2038//2038
f 2296//2296 2040//2040 2041//2041
f 2296//2296 2295//2295 2040//2040
f 2297//2297 2041//2041 2042//2042
f 2297//2297 2296//2296 2041//2041
f 2298//2298 2042//2042 2043//2043
f 2298//2298 2297//2297 2042//2042
f 2299//2299 2043//2043 2044//2044
f 2299//2299 2298//2298 2043//2043
f 2300//2300 2044//2044 2045//2045
f 2300//2300 2299//2299 2044//2044
f 2301//2301 2045//2045 2046//2046
f 2301//2301 2046//2046 2047//2047
f 2301//2301 2300//2300 2045//2045
f 2302//2302 2047//2047 2048//2048
f 2302//2302 2301//2301 2047//2047
f 2303//2303 2048//2048 2049//2049
f 2303//2303 2302//2302 2048//2048
f 2304//2304 2049//2049 2050//2050
f 2304//2304 2303//2303 2049//2049
f 1791//1791 2050//2050 2051//2051
f 1791//1791 2304//2304 2050//2050
f 1792//1792 2051//2051 2052//2052
f 1792//1792 1791//1791 2051//2051
f 1793//1793 1792//1792 2052//2052
f 1793//1793 2052//2052 2053//2053
f 1794//1794 1793//1793 2053//2053
f 1794//1794 2053//2053 2054//2054
f 1795//1795 1794//1794 2054//2054
f 1795//1795 2054//2054 2055//2055
f 1795//1795 2055//2055 2056//2056
f 1796//1796 1795//1795 2056//2056
f 1797//1797 1796//1796 2056//2056
f 1797//1797 2056//2056 2057//2057
f 1798//1798 1797//1797 2057//2057
f 1798//1798 2057//2057 2058//2058
f 1798//1798 2058//2058 2059//2059
f 1799//1799 1798//1798 2059//2059
f 1799//1799 2059//2059 2060//2060
f 1800//1800 1799//1799 2060//2060
f 1800//1800 2060//2060 2061//2061
f 1801//1801 1800//1800 2061//2061
f 1801//1801 2061//2061 2062//2062
f 1802//1802 1801//1801 2062//2062
f 1802//1802 2062//2062 2063//2063
f 1803//1803 1802//1802 2063//2063
f 1803//1803 2063//2063 2064//2064
f 1804//1804 1803//1803 2064//2064
f 1804//1804 2064//2064 2065//2065
f 1805//1805 2066//2066 2067//2067
f 1806//1806 1805//1805 2067//2067
f 1806//1806 2067//2067 2068//2068
f 1807//1807 1806//1806 2068//2068
f 1807//1807 2068//2068 2069//2069
f 1808//1808 1807//1807 2069//2069
f 1808//1808 2069//2069 2070//2070
f 1809//1809 1808//1808 2070//2070
f 1809//1809 2070//2070 2071//2071
f 1810//1810 1809//1809 2071//2071
f 1810//1810 2071//2071 2072//2072
f 1811//1811 1810//1810 2072//2072
f 1811//1811 2072//2072 2073//2073
f 1812//1812 2073//2073 2074//2074
f 1812//1812 1811//1811 2073//2073
f 1813//1813 1812//1812 2074//2074
f 1813//1813 2074//2074 2075//2075
f 1814//1814 2075//2075 2076//2076
f 1814//1814 2076//2076 2077//2077
f 1814//1814 1813//1813 2075//2075
f 1815//1815 2077//2077 2078//2078
f 1815//1815 1814//1814 2077//2077
f 1816//1816 2078//2078 2079//2079
f 1816//1816 1815//1815 2078//2078
f 1817//1817 1816//1816 2079//2079
f 1817//1817 2079//2079 2080//2080
f 1818//1818 1817//1817 2080//2080
f 1818//1818 2080//2080 2081//2081
f 1819//1819 1818//1818 2081//2081
f 1819//1819 2081//2081 2082//2082
f 1820//1820 1819//1819 2082//2082
f 1820//1820 2082//2082 2083//2083
f 1820//1820 2083//2083 2084//2084
f 1821//1821 1820//1820 2084//2084
f 1822//1822 1821//1821 2084//2084
f 1822//1822 2084//2084 2085//2085
f 1823//1823 1822//1822 2085//2085
f 1823//1823 2085//2085 2086//2086
f 1824//1824 1823//1823 2086//2086
f 1824//1824 2086//2086 2087//2087
f 1825//1825 1824//1824 2087//2087
f 1825//1825 2087//2087 2088//2088
f 1826//1826 1825//1825 2088//2088
f 1826//1826 2088//2088 2089//2089
f 1827//1827 1826//1826 2089//2089
f 1827//1827 2089//2089 2090//2090
f 1828//1828 1827//1827 2090//2090
f 1829//1829 1828//1828 2090//2090
f 1829//1829 2090//2090 2091//2091
f 1829//1829 2091//2091 2092//2092
f 1830//1830 1829//1829 2092//2092
f 1830//1830 2092//2092 2093//2093
f 1831//1831 1830//1830 2093//2093
f 1831//1831 2093//2093 2094//2094
f 1832//1832 2094//2094 2095//2095
f 1832//1832 1831//1831 2094//2094
f 1833//1833 2095//2095 2096//2096
f 1833//1833 1832//1832 2095//2095
f 1834//1834 2096//2096 2097//2097
f 1834//1834 1833//1833 2096//2096
f 1835//1835 2097//2097 2098//2098
f 1835//1835 1834//1834 2097//2097
f 1836//1836 1835//1835 2098//2098
f 1838//1838 2100//2100 2101//2101
f 1838//1838 2101//2101 2102//2102
f 1839//1839 1838//1838 2102//2102
f 1840//1840 2102//2102 2103//2103
f 1840//1840 1839//1839 2102//2102
f 1841//1841 2103//2103 2104//2104
f 1841//1841 1840//1840 2103//2103
f 1842//1842 2104//2104 2105//2105
f 1842//1842 1841//1841 2104//2104
f 1843//1843 1842//1842 2105//2105
f 1843//1843 2105//2105 2106//2106
f 1844//1844 2106//2106 2107//2107
f 1844//1844 1843//1843 2106//2106
f 1844//1844 2107//2107 2108//2108
f 1845//1845 2108//2108 2109//2109
f 1845//1845 1844//1844 2108//2108
f 1846//1846 2109//2109 2110//2110
f 1846//1846 1845//1845 2109//2109
f 1847//1847 2110//2110 1849//1849
f 1847//1847 1846//1846 2110//2110
f 1848//1848 1847//1847 1849//1849
f 2305//2305 2145//2145 2146//2146
f 2305//2305 1867//1867 1868//1868
f 2305//2305 2146//2146 1867//1867
f 2305//2305 1868//1868 2145//2145
f 2306//2306 2231//2231 1974//1974
f 2306//2306 1975//1975 2232//2232
f 2306//2306 2232//2232 2231//2231
f 2306//2306 1974//1974 1975//1975
f 2307//2307 2238//2238 1981//1981
f 2307//2307 2239//2239 2238//2238
f 2307//2307 1981//1981 1982//1982
f 2308//2308 1983//1983 2240//2240
f 2308//2308 2239//2239 2307//2307
f 2308//2308 2240//2240 2239//2239
f 2308//2308 2307//2307 1982//1982
f 2308//2308 1982//1982 1983//1983
f 2309//2309 2014//2014 2015//2015
f 2309//2309 2015//2015 2016//2016
f 2309//2309 2268//2268 2014//2014
f 2309//2309 2016//2016 2269//2269
f 2309//2309 2269//2269 2268//2268
f 2310//2310 2284//2284 2029//2029
f 2310//2310 2031//2031 2285//2285
f 2310//2310 2029//2029 2030//2030
f 2310//2310 2030//2030 2031//2031
f 2310//2310 2285//2285 2284//2284
f 2311//2311 1805//1805 1804//1804
f 2311//2311 1804//1804 2065//2065
f 2311//2311 2066//2066 1805//1805
f 2311//2311 2065//2065 2066//2066
f 2312//2312 2098//2098 2099//2099
f 2312//2312 2099//2099 2100//2100
f 2312//2312 1837//1837 1836//1836
f 2312//2312 1838//1838 1837//1837
f 2312//2312 2100//2100 1838//1838
f 2312//2312 1836//1836 2098//2098
f 2350//2350 2329//2329 2330//2330
f 2350//2350 2330//2330 2349//2349
f 2351//2351 2329//2329 2350//2350
f 2328//2328 2329//2329 2351//2351
f 2352//2352 2328//2328 2351//2351
f 2353//2353 2328//2328 2352//2352
f 2327//2327 2328//2328 2353//2353
f 2354//2354 2327//2327 2353//2353
f 2326//2326 2327//2327 2354//2354
f 2355//2355 2326//2326 2354//2354
f 2325//2325 2326//2326 2355//2355
f 2356//2356 2325//2325 2355//2355
f 2324//2324 2325//2325 2356//2356
f 2357//2357 2324//2324 2356//2356
f 2323//2323 2324//2324 2357//2357
f 2358//2358 2323//2323 2357//2357
f 2359//2359 2323//2323 2358//2358
f 2322//2322 2323//2323 2359//2359
f 2360//2360 2322//2322 2359//2359
f 2321//2321 2322//2322 2360//2360
f 2361//2361 2321//2321 2360//2360
f 2320//2320 2321//2321 2361//2361
f 2362//2362 2320//2320 2361//2361
f 2319//2319 2320//2320 2362//2362
f 2363//2363 2318//2318 2319//2319
f 2363//2363 2319//2319 2362//2362
f 2317//2317 2318//2318 2363//2363
f 2364//2364 2317//2317 2363//2363
f 2316//2316 2317//2317 2364//2364
f 2365//2365 2316//2316 2364//2364
f 2366//2366 2316//2316 2365//2365
f 2315//2315 2316//2316 2366//2366
f 2367//2367 2315//2315 2366//2366
f 2314//2314 2315//2315 2367//2367
f 2368//2368 2314//2314 2367//2367
f 2369//2369 2313//2313 2314//2314
f 2369//2369 2314//2314 2368//2368
f 2370//2370 2313//2313 2369//2369
f 2331//2331 2313//2313 2370//2370
f 2371//2371 2332//2332 2331//2331
f 2371//2371 2331//2331 2370//2370
f 2333//2333 2332//2332 2371//2371
f 2372//2372 2334//2334 2333//2333
f 2372//2372 2333//2333 2371//2371
f 2335//2335 2334//2334 2372//2372
f 2373//2373 2335//2335 2372//2372
f 2336//2336 2335//2335 2373//2373
f 2374//2374 2336//2336 2373//2373
f 2337//2337 2336//2336 2374//2374
f 2375//2375 2337//2337 2374//2374
f 2376//2376 2337//2337 2375//2375
f 2338//2338 2337//2337 2376//2376
f 2377//2377 2339//2339 2338//2338
f 2377//2377 2338//2338 2376//2376
f 2340//2340 2339//2339 2377//2377
f 2378//2378 2340//2340 2377//2377
f 2341//2341 2340//2340 2378//2378
f 2379//2379 2341//2341 2378//2378
f 2342//2342 2341//2341 2379//2379
f 2380//2380 2343//2343 2342//2342
f 2380//2380 2342//2342 2379//2379
f 2381//2381 2344//2344 2343//2343
f 2381//2381 2343//2343 2380//2380
f 2382//2382 2344//2344 2381//2381
f 2345//2345 2344//2344 2382//2382
f 2383//2383 2345//2345 2382//2382
f 2346//2346 2345//2345 2383//2383
f 2384//2384 2346//2346 2383//2383
f 2347//2347 2346//2346 2384//2384
f 2348//2348 2347//2347 2384//2384
f 2421//2421 2420//2420 2385//2385
f 2386//2386 2421//2421 2385//2385
f 2422//2422 2421//2421 2386//2386
f 2387//2387 2422//2422 2386//2386
f 2423//2423 2422//2422 2387//2387
f 2388//2388 2424//2424 2423//2423
f 2388//2388 2423//2423 2387//2387
f 2425//2425 2424//2424 2388//2388
f 2389//2389 2425//2425 2388//2388
f 2390//2390 2425//2425 2389//2389
f 2426//2426 2425//2425 2390//2390
f 2391//2391 2426//2426 2390//2390
f 2427//2427 2426//2426 2391//2391
f 2392//2392 2427//2427 2391//2391
f 2428//2428 2427//2427 2392//2392
f 2393//2393 2428//2428 2392//2392
f 2429//2429 2428//2428 2393//2393
f 2394//2394 2429//2429 2393//2393
f 2430//2430 2429//2429 2394//2394
f 2395//2395 2430//2430 2394//2394
f 2395//2395 2431//2431 2430//2430
f 2432//2432 2431//2431 2395//2395
f 2396//2396 2432//2432 2395//2395
f 2433//2433 2432//2432 2396//2396
f 2397//2397 2433//2433 2396//2396
f 2434//2434 2433//2433 2397//2397
f 2398//2398 2434//2434 2397//2397
f 2435//2435 2434//2434 2398//2398
f 2399//2399 2435//2435 2398//2398
f 2400//2400 2435//2435 2399//2399
f 2436//2436 2435//2435 2400//2400
f 2401//2401 2436//2436 2400//2400
f 2437//2437 2436//2436 2401//2401
f 2402//2402 2437//2437 2401//2401
f 2438//2438 2437//2437 2402//2402
f 2403//2403 2438//2438 2402//2402
f 2439//2439 2438//2438 2403//2403
f 2404//2404 2439//2439 2403//2403
f 2440//2440 2439//2439 2404//2404
f 2405//2405 2440//2440 2404//2404
f 2405//2405 2441//2441 2440//2440
f 2442//2442 2441//2441 2405//2405
f 2406//2406 2442//2442 2405//2405
f 2407//2407 2442//2442 2406//2406
f 2443//2443 2442//2442 2407//2407
f 2408//2408 2443//2443 2407//2407
f 2444//2444 2443//2443 2408//2408
f 2409//2409 2444//2444 2408//2408
f 2445//2445 2444//2444 2409//2409
f 2410//2410 2445//2445 2409//2409
f 2446//2446 2445//2445 2410//2410
f 2411//2411 2446//2446 2410//2410
f 2447//2447 2446//2446 2411//2411
f 2412//2412 2448//2448 2447//2447
f 2412//2412 2447//2447 2411//2411
f 2449//2449 2448//2448 2412//2412
f 2413//2413 2449//2449 2412//2412
f 2450//2450 2449//2449 2413//2413
f 2414//2414 2450//2450 2413//2413
f 2415//2415 2450//2450 2414//2414
f 2451//2451 2450//2450 2415//2415
f 2416//2416 2451//2451 2415//2415
f 2452//2452 2451//2451 2416//2416
f 2417//2417 2452//2452 2416//2416
f 2453//2453 2452//2452 2417//2417
f 2418//2418 2453//2453 2417//2417
f 2454//2454 2453//2453 2418//2418
f 2419//2419 2454//2454 2418//2418
f 2491//2491 2490//2490 2455//2455
f 2456//2456 2492//2492 2491//2491
f 2456//2456 2491//2491 2455//2455
f 2493//2493 2492//2492 2456//2456
f 2457//2457 2494//2494 2493//2493
f 2457//2457 2493//2493 2456//2456
f 2458//2458 2494//2494 2457//2457
f 2495//2495 2494//2494 2458//2458
f 2459//2459 2495//2495 2458//2458
f 2496//2496 2495//2495 2459//2459
f 2460//2460 2496//2496 2459//2459
f 2497//2497 2496//2496 2460//2460
f 2461//2461 2497//2497 2460//2460
f 2498//2498 2497//2497 2461//2461
f 2462//2462 2498//2498 2461//2461
f 2499//2499 2498//2498 2462//2462
f 2463//2463 2499//2499 2462//2462
f 2463//2463 2500//2500 2499//2499
f 2501//2501 2500//2500 2463//2463
f 2464//2464 2501//2501 2463//2463
f 2465//2465 2501//2501 2464//2464
f 2502//2502 2501//2501 2465//2465
f 2466//2466 2502//2502 2465//2465
f 2503//2503 2502//2502 2466//2466
f 2467//2467 2503//2503 2466//2466
f 2468//2468 2503//2503 2467//2467
f 2504//2504 2503//2503 2468//2468
f 2469//2469 2504//2504 2468//2468
f 2505//2505 2504//2504 2469//2469
f 2470//2470 2505//2505 2469//2469
f 2506//2506 2505//2505 2470//2470
f 2471//2471 2506//2506 2470//2470
f 2471//2471 2507//2507 2506//2506
f 2508//2508 2507//2507 2471//2471
f 2472//2472 2508//2508 2471//2471
f 2509//2509 2508//2508 2472//2472
f 2473//2473 2509//2509 2472//2472
f 2473//2473 2510//2510 2509//2509
f 2511//2511 2510//2510 2473//2473
f 2474//2474 2511//2511 2473//2473
f 2475//2475 2511//2511 2474//2474
f 2512//2512 2511//2511 2475//2475
f 2476//2476 2512//2512 2475//2475
f 2513//2513 2512//2512 2476//2476
f 2477//2477 2513//2513 2476//2476
f 2514//2514 2513//2513 2477//2477
f 2478//2478 2514//2514 2477//2477
f 2515//2515 2514//2514 2478//2478
f 2479//2479 2515//2515 2478//2478
f 2516//2516 2515//2515 2479//2479
f 2480//2480 2517//2517 2516//2516
f 2480//2480 2516//2516 2479//2479
f 2518//2518 2517//2517 2480//2480
f 2481//2481 2518//2518 2480//2480
f 2482//2482 2518//2518 2481//2481
f 2519//2519 2518//2518 2482//2482
f 2483//2483 2519//2519 2482//2482
f 2520//2520 2519//2519 2483//2483
f 2484//2484 2520//2520 2483//2483
f 2521//2521 2520//2520 2484//2484
f 2485//2485 2521//2521 2484//2484
f 2522//2522 2521//2521 2485//2485
f 2486//2486 2522//2522 2485//2485
f 2486//2486 2523//2523 2522//2522
f 2524//2524 2523//2523 2486//2486
f 2487//2487 2524//2524 2486//2486
f 2525//2525 2524//2524 2487//2487
f 2488//2488 2525//2525 2487//2487
f 2526//2526 2525//2525 2488//2488
f 2489//2489 2526//2526 2488//2488
f 2564//2564 2527//2527 2563//2563
f 2528//2528 2527//2527 2564//2564
f 2565//2565 2528//2528 2564//2564
f 2529//2529 2528//2528 2565//2565
f 2566//2566 2529//2529 2565//2565
f 2530//2530 2529//2529 2566//2566
f 2567//2567 2530//2530 2566//2566
f 2531//2531 2530//2530 2567//2567
f 2568//2568 2531//2531 2567//2567
f 2532//2532 2531//2531 2568//2568
f 2569//2569 2533//2533 2532//2532
f 2569//2569 2532//2532 2568//2568
f 2534//2534 2533//2533 2569//2569
f 2570//2570 2534//2534 2569//2569
f 2571//2571 2534//2534 2570//2570
f 2535//2535 2534//2534 2571//2571
f 2572//2572 2535//2535 2571//2571
f 2536//2536 2535//2535 2572//2572
f 2573//2573 2536//2536 2572//2572
f 2537//2537 2536//2536 2573//2573
f 2574//2574 2537//2537 2573//2573
f 2538//2538 2537//2537 2574//2574
f 2575//2575 2538//2538 2574//2574
f 2539//2539 2538//2538 2575//2575
f 2576//2576 2540//2540 2539//2539
f 2576//2576 2539//2539 2575//2575
f 2541//2541 2540//2540 2576//2576
f 2577//2577 2541//2541 2576//2576
f 2542//2542 2541//2541 2577//2577
f 2578//2578 2542//2542 2577//2577
f 2543//2543 2542//2542 2578//2578
f 2579//2579 2543//2543 2578//2578
f 2544//2544 2543//2543 2579//2579
f 2580//2580 2544//2544 2579//2579
f 2545//2545 2544//2544 2580//2580
f 2581//2581 2545//2545 2580//2580
f 2546//2546 2545//2545 2581//2581
f 2582//2582 2546//2546 2581//2581
f 2547//2547 2546//2546 2582//2582
f 2583//2583 2547//2547 2582//2582
f 2548//2548 2547//2547 2583//2583
f 2584//2584 2548//2548 2583//2583
f 2549//2549 2548//2548 2584//2584
f 2585//2585 2549//2549 2584//2584
f 2550//2550 2549//2549 2585//2585
f 2586//2586 2550//2550 2585//2585
f 2551//2551 2550//2550 2586//2586
f 2587//2587 2551//2551 2586//2586
f 2552//2552 2551//2551 2587//2587
f 2588//2588 2552//2552 2587//2587
f 2553//2553 2552//2552 2588//2588
f 2589//2589 2553//2553 2588//2588
f 2554//2554 2553//2553 2589//2589
f 2590//2590 2554//2554 2589//2589
f 2555//2555 2554//2554 2590//2590
f 2591//2591 2555//2555 2590//2590
f 2556//2556 2555//2555 2591//2591
f 2592//2592 2556//2556 2591//2591
f 2557//2557 2556//2556 2592//2592
f 2593//2593 2557//2557 2592//2592
f 2558//2558 2557//2557 2593//2593
f 2594//2594 2558//2558 2593//2593
f 2559//2559 2558//2558 2594//2594
f 2595//2595 2559//2559 2594//2594
f 2560//2560 2559//2559 2595//2595
f 2596//2596 2560//2560 2595//2595
f 2561//2561 2560//2560 2596//2596
f 2562//2562 2561//2561 2596//2596
f 2598//2598 2624//2624 2597//2597
f 2625//2625 2624//2624 2598//2598
f 2599//2599 2625//2625 2598//2598
f 2626//2626 2625//2625 2599//2599
f 2600//2600 2626//2626 2599//2599
f 2627//2627 2626//2626 2600//2600
f 2601//2601 2627//2627 2600//2600
f 2628//2628 2627//2627 2601//2601
f 2602//2602 2628//2628 2601//2601
f 2629//2629 2628//2628 2602//2602
f 2603//2603 2630//2630 2629//2629
f 2603//2603 2629//2629 2602//2602
f 2631//2631 2630//2630 2603//2603
f 2604//2604 2631//2631 2603//2603
f 2605//2605 2631//2631 2604//2604
f 2632//2632 2631//2631 2605//2605
f 2606//2606 2632//2632 2605//2605
f 2633//2633 2632//2632 2606//2606
f 2607//2607 2633//2633 2606//2606
f 2634//2634 2633//2633 2607//2607
f 2608//2608 2634//2634 2607//2607
f 2635//2635 2634//2634 2608//2608
f 2609//2609 2635//2635 2608//2608
f 2636//2636 2635//2635 2609//2609
f 2610//2610 2636//2636 2609//2609
f 2610//2610 2637//2637 2636//2636
f 2638//2638 2637//2637 2610//2610
f 2611//2611 2638//2638 2610//2610
f 2612//2612 2638//2638 2611//2611
f 2639//2639 2638//2638 2612//2612
f 2613//2613 2639//2639 2612//2612
f 2640//2640 2639//2639 2613//2613
f 2614//2614 2640//2640 2613//2613
f 2641//2641 2640//2640 2614//2614
f 2615//2615 2641//2641 2614//2614
f 2642//2642 2641//2641 2615//2615
f 2616//2616 2642//2642 2615//2615
f 2643//2643 2642//2642 2616//2616
f 2617//2617 2644//2644 2643//2643
f 2617//2617 2643//2643 2616//2616
f 2645//2645 2644//2644 2617//2617
f 2618//2618 2645//2645 2617//2617
f 2619//2619 2645//2645 2618//2618
f 2646//2646 2645//2645 2619//2619
f 2620//2620 2646//2646 2619//2619
f 2647//2647 2646//2646 2620//2620
f 2621//2621 2647//2647 2620//2620
f 2622//2622 2648//2648 2647//2647
f 2622//2622 2647//2647 2621//2621
f 2623//2623 2649//2649 2648//2648
f 2623//2623 2648//2648 2622//2622
f 2650//2650 2649//2649 2623//2623
f 2659//2659 2651//2651 2650//2650
f 2659//2659 2650//2650 2623//2623
f 2660//2660 2651//2651 2659//2659
f 2652//2652 2651//2651 2660//2660
f 2661//2661 2652//2652 2660//2660
f 2662//2662 2652//2652 2661//2661
f 2653//2653 2652//2652 2662//2662
f 2663//2663 2653//2653 2662//2662
f 2664//2664 2653//2653 2663//2663
f 2654//2654 2653//2653 2664//2664
f 2665//2665 2654//2654 2664//2664
f 2655//2655 2654//2654 2665//2665
f 2666//2666 2655//2655 2665//2665
f 2656//2656 2655//2655 2666//2666
f 2667//2667 2656//2656 2666//2666
f 2657//2657 2656//2656 2667//2667
f 2658//2658 2657//2657 2667//2667
f 2703//2703 2702//2702 2668//2668
f 2669//2669 2704//2704 2703//2703
f 2669//2669 2703//2703 2668//2668
f 2705//2705 2704//2704 2669//2669
f 2670//2670 2706//2706 2705//2705
f 2670//2670 2705//2705 2669//2669
f 2707//2707 2706//2706 2670//2670
f 2671//2671 2708//2708 2707//2707
f 2671//2671 2707//2707 2670//2670
f 2709//2709 2708//2708 2671//2671
f 2672//2672 2709//2709 2671//2671
f 2673//2673 2709//2709 2672//2672
f 2710//2710 2709//2709 2673//2673
f 2674//2674 2710//2710 2673//2673
f 2711//2711 2710//2710 2674//2674
f 2675//2675 2711//2711 2674//2674
f 2712//2712 2711//2711 2675//2675
f 2676//2676 2712//2712 2675//2675
f 2713//2713 2712//2712 2676//2676
f 2677//2677 2713//2713 2676//2676
f 2714//2714 2713//2713 2677//2677
f 2678//2678 2714//2714 2677//2677
f 2678//2678 2715//2715 2714//2714
f 2716//2716 2715//2715 2678//2678
f 2679//2679 2716//2716 2678//2678
f 2680//2680 2716//2716 2679//2679
f 2717//2717 2716//2716 2680//2680
f 2681//2681 2717//2717 2680//2680
f 2718//2718 2717//2717 2681//2681
f 2682//2682 2718//2718 2681//2681
f 2719//2719 2718//2718 2682//2682
f 2683//2683 2719//2719 2682//2682
f 2720//2720 2719//2719 2683//2683
f 2684//2684 2720//2720 2683//2683
f 2721//2721 2720//2720 2684//2684
f 2685//2685 2721//2721 2684//2684
f 2685//2685 2722//2722 2721//2721
f 2723//2723 2722//2722 2685//2685
f 2686//2686 2723//2723 2685//2685
f 2687//2687 2723//2723 2686//2686
f 2724//2724 2723//2723 2687//2687
f 2688//2688 2724//2724 2687//2687
f 2725//2725 2724//2724 2688//2688
f 2689//2689 2725//2725 2688//2688
f 2726//2726 2725//2725 2689//2689
f 2690//2690 2726//2726 2689//2689
f 2727//2727 2726//2726 2690//2690
f 2691//2691 2727//2727 2690//2690
f 2728//2728 2727//2727 2691//2691
f 2692//2692 2729//2729 2728//2728
f 2692//2692 2728//2728 2691//2691
f 2730//2730 2729//2729 2692//2692
f 2693//2693 2730//2730 2692//2692
f 2731//2731 2730//2730 2693//2693
f 2694//2694 2731//2731 2693//2693
f 2732//2732 2731//2731 2694//2694
f 2695//2695 2732//2732 2694//2694
f 2733//2733 2732//2732 2695//2695
f 2696//2696 2733//2733 2695//2695
f 2734//2734 2733//2733 2696//2696
f 2697//2697 2734//2734 2696//2696
f 2735//2735 2734//2734 2697//2697
f 2698//2698 2735//2735 2697//2697
f 2736//2736 2735//2735 2698//2698
f 2699//2699 2736//2736 2698//2698
f 2737//2737 2736//2736 2699//2699
f 2700//2700 2737//2737 2699//2699
f 2738//2738 2737//2737 2700//2700
f 2701//2701 2738//2738 2700//2700
f 2777//2777 2776//2776 2739//2739
f 2740//2740 2777//2777 2739//2739
f 2778//2778 2777//2777 2740//2740
f 2741//2741 2778//2778 2740//2740
f 2742//2742 2778//2778 2741//2741
f 2779//2779 2778//2778 2742//2742
f 2743//2743 2779//2779 2742//2742
f 2744//2744 2779//2779 2743//2743
f 2780//2780 2779//2779 2744//2744
f 2745//2745 2780//2780 2744//2744
f 2781//2781 2780//2780 2745//2745
f 2746//2746 2781//2781 2745//2745
f 2782//2782 2781//2781 2746//2746
f 2747//2747 2782//2782 2746//2746
f 2783//2783 2782//2782 2747//2747
f 2748//2748 2783//2783 2747//2747
f 2784//2784 2783//2783 2748//2748
f 2749//2749 2784//2784 2748//2748
f 2749//2749 2785//2785 2784//2784
f 2786//2786 2785//2785 2749//2749
f 2750//2750 2786//2786 2749//2749
f 2751//2751 2786//2786 2750//2750
f 2787//2787 2786//2786 2751//2751
f 2752//2752 2787//2787 2751//2751
f 2788//2788 2787//2787 2752//2752
f 2753//2753 2788//2788 2752//2752
f 2789//2789 2788//2788 2753//2753
f 2754//2754 2789//2789 2753//2753
f 2790//2790 2789//2789 2754//2754
f 2755//2755 2790//2790 2754//2754
f 2791//2791 2790//2790 2755//2755
f 2756//2756 2791//2791 2755//2755
f 2756//2756 2792//2792 2791//2791
f 2793//2793 2792//2792 2756//2756
f 2757//2757 2793//2793 2756//2756
f 2758//2758 2793//2793 2757//2757
f 2794//2794 2793//2793 2758//2758
f 2759//2759 2794//2794 2758//2758
f 2795//2795 2794//2794 2759//2759
f 2760//2760 2795//2795 2759//2759
f 2796//2796 2795//2795 2760//2760
f 2761//2761 2796//2796 2760//2760
f 2797//2797 2796//2796 2761//2761
f 2762//2762 2797//2797 2761//2761
f 2798//2798 2797//2797 2762//2762
f 2763//2763 2799//2799 2798//2798
f 2763//2763 2798//2798 2762//2762
f 2800//2800 2799//2799 2763//2763
f 2764//2764 2800//2800 2763//2763
f 2765//2765 2800//2800 2764//2764
f 2801//2801 2800//2800 2765//2765
f 2766//2766 2801//2801 2765//2765
f 2802//2802 2801//2801 2766//2766
f 2767//2767 2802//2802 2766//2766
f 2768//2768 2802//2802 2767//2767
f 2803//2803 2802//2802 2768//2768
f 2769//2769 2803//2803 2768//2768
f 2804//2804 2803//2803 2769//2769
f 2770//2770 2804//2804 2769//2769
f 2805//2805 2804//2804 2770//2770
f 2771//2771 2805//2805 2770//2770
f 2806//2806 2805//2805 2771//2771
f 2772//2772 2806//2806 2771//2771
f 2772//2772 2807//2807 2806//2806
f 2808//2808 2807//2807 2772//2772
f 2773//2773 2808//2808 2772//2772
f 2809//2809 2808//2808 2773//2773
f 2774//2774 2809//2809 2773//2773
f 2810//2810 2809//2809 2774//2774
f 2775//2775 2810//2810 2774//2774
f 2812//2812 2811//2811 2848//2848
f 2849//2849 2812//2812 2848//2848
f 2813//2813 2812//2812 2849//2849
f 2850//2850 2813//2813 2849//2849
f 2814//2814 2813//2813 2850//2850
f 2851//2851 2814//2814 2850//2850
f 2852//2852 2815//2815 2814//2814
f 2852//2852 2814//2814 2851//2851
f 2853//2853 2816//2816 2815//2815
f 2853//2853 2815//2815 2852//2852
f 2854//2854 2817//2817 2816//2816
f 2854//2854 2816//2816 2853//2853
f 2855//2855 2817//2817 2854//2854
f 2818//2818 2817//2817 2855//2855
f 2856//2856 2818//2818 2855//2855
f 2819//2819 2818//2818 2856//2856
f 2857//2857 2820//2820 2819//2819
f 2857//2857 2819//2819 2856//2856
f 2858//2858 2821//2821 2820//2820
f 2858//2858 2820//2820 2857//2857
f 2859//2859 2822//2822 2821//2821
f 2859//2859 2821//2821 2858//2858
f 2860//2860 2823//2823 2822//2822
f 2860//2860 2822//2822 2859//2859
f 2861//2861 2824//2824 2823//2823
f 2861//2861 2823//2823 2860//2860
f 2862//2862 2824//2824 2861//2861
f 2825//2825 2824//2824 2862//2862
f 2863//2863 2825//2825 2862//2862
f 2826//2826 2825//2825 2863//2863
f 2864//2864 2827//2827 2826//2826
f 2864//2864 2826//2826 2863//2863
f 2865//2865 2827//2827 2864//2864
f 2828//2828 2827//2827 2865//2865
f 2866//2866 2828//2828 2865//2865
f 2867//2867 2829//2829 2828//2828
f 2867//2867 2828//2828 2866//2866
f 2868//2868 2830//2830 2829//2829
f 2868//2868 2829//2829 2867//2867
f 2869//2869 2831//2831 2830//2830
f 2869//2869 2830//2830 2868//2868
f 2870//2870 2832//2832 2831//2831
f 2870//2870 2831//2831 2869//2869
f 2871//2871 2833//2833 2832//2832
f 2871//2871 2834//2834 2833//2833
f 2871//2871 2832//2832 2870//2870
f 2872//2872 2834//2834 2871//2871
f 2873//2873 2835//2835 2834//2834
f 2873//2873 2834//2834 2872//2872
f 2874//2874 2835//2835 2873//2873
f 2836//2836 2835//2835 2874//2874
f 2875//2875 2836//2836 2874//2874
f 2876//2876 2837//2837 2836//2836
f 2876//2876 2836//2836 2875//2875
f 2846//2846 2837//2837 2876//2876
f 2877//2877 2845//2845 2846//2846
f 2877//2877 2846//2846 2876//2876
f 2878//2878 2844//2844 2845//2845
f 2878//2878 2845//2845 2877//2877
f 2879//2879 2843//2843 2844//2844
f 2879//2879 2844//2844 2878//2878
f 2842//2842 2843//2843 2879//2879
f 2880//2880 2842//2842 2879//2879
f 2841//2841 2842//2842 2880//2880
f 2881//2881 2841//2841 2880//2880
f 2881//2881 2840//2840 2841//2841
f 2882//2882 2840//2840 2881//2881
f 2839//2839 2840//2840 2882//2882
f 2883//2883 2839//2839 2882//2882
f 2838//2838 2839//2839 2883//2883
f 2847//2847 2838//2838 2883//2883
f 2919//2919 2920//2920 2922//2922
f 2923//2923 2918//2918 2919//2919
f 2923//2923 2919//2919 2922//2922
f 2924//2924 2917//2917 2918//2918
f 2924//2924 2918//2918 2923//2923
f 2916//2916 2917//2917 2924//2924
f 2925//2925 2916//2916 2924//2924
f 2915//2915 2916//2916 2925//2925
f 2926//2926 2915//2915 2925//2925
f 2914//2914 2915//2915 2926//2926
f 2927//2927 2914//2914 2926//2926
f 2928//2928 2914//2914 2927//2927
f 2928//2928 2913//2913 2914//2914
f 2929//2929 2913//2913 2928//2928
f 2929//2929 2912//2912 2913//2913
f 2930//2930 2912//2912 2929//2929
f 2930//2930 2911//2911 2912//2912
f 2931//2931 2911//2911 2930//2930
f 2931//2931 2910//2910 2911//2911
f 2932//2932 2910//2910 2931//2931
f 2932//2932 2909//2909 2910//2910
f 2908//2908 2909//2909 2932//2932
f 2933//2933 2908//2908 2932//2932
f 2933//2933 2907//2907 2908//2908
f 2906//2906 2907//2907 2933//2933
f 2934//2934 2906//2906 2933//2933
f 2905//2905 2906//2906 2934//2934
f 2935//2935 2905//2905 2934//2934
f 2904//2904 2905//2905 2935//2935
f 2936//2936 2904//2904 2935//2935
f 2903//2903 2904//2904 2936//2936
f 2937//2937 2903//2903 2936//2936
f 2902//2902 2903//2903 2937//2937
f 2938//2938 2901//2901 2902//2902
f 2938//2938 2902//2902 2937//2937
f 2939//2939 2899//2899 2900//2900
f 2939//2939 2900//2900 2901//2901
f 2939//2939 2901//2901 2938//2938
f 2940//2940 2899//2899 2939//2939
f 2898//2898 2899//2899 2940//2940
f 2941//2941 2898//2898 2940//2940
f 2897//2897 2898//2898 2941//2941
f 2942//2942 2897//2897 2941//2941
f 2896//2896 2897//2897 2942//2942
f 2943//2943 2896//2896 2942//2942
f 2895//2895 2896//2896 2943//2943
f 2944//2944 2895//2895 2943//2943
f 2894//2894 2895//2895 2944//2944
f 2945//2945 2894//2894 2944//2944
f 2893//2893 2894//2894 2945//2945
f 2946//2946 2893//2893 2945//2945
f 2892//2892 2893//2893 2946//2946
f 2947//2947 2891//2891 2892//2892
f 2947//2947 2892//2892 2946//2946
f 2948//2948 2891//2891 2947//2947
f 2949//2949 2890//2890 2891//2891
f 2949//2949 2891//2891 2948//2948
f 2950//2950 2890//2890 2949//2949
f 2889//2889 2890//2890 2950//2950
f 2951//2951 2889//2889 2950//2950
f 2888//2888 2889//2889 2951//2951
f 2952//2952 2887//2887 2888//2888
f 2952//2952 2888//2888 2951//2951
f 2886//2886 2887//2887 2952//2952
f 2953//2953 2886//2886 2952//2952
f 2885//2885 2886//2886 2953//2953
f 2954//2954 2885//2885 2953//2953
f 2884//2884 2885//2885 2954//2954
f 2921//2921 2884//2884 2954//2954
f 2986//2986 2987//2987 2989//2989
f 2990//2990 2986//2986 2989//2989
f 2985//2985 2986//2986 2990//2990
f 2991//2991 2985//2985 2990//2990
f 2984//2984 2985//2985 2991//2991
f 2992//2992 2984//2984 2991//2991
f 2983//2983 2984//2984 2992//2992
f 2993//2993 2983//2983 2992//2992
f 2982//2982 2983//2983 2993//2993
f 2994//2994 2982//2982 2993//2993
f 2995//2995 2981//2981 2982//2982
f 2995//2995 2982//2982 2994//2994
f 2996//2996 2981//2981 2995//2995
f 2997//2997 2980//2980 2981//2981
f 2997//2997 2981//2981 2996//2996
f 2998//2998 2980//2980 2997//2997
f 2979//2979 2980//2980 2998//2998
f 2999//2999 2979//2979 2998//2998
f 2978//2978 2979//2979 2999//2999
f 3000//3000 2978//2978 2999//2999
f 2977//2977 2978//2978 3000//3000
f 3001//3001 2977//2977 3000//3000
f 2976//2976 2977//2977 3001//3001
f 3002//3002 2976//2976 3001//3001
f 2975//2975 2976//2976 3002//3002
f 3003//3003 2975//2975 3002//3002
f 3004//3004 2975//2975 3003//3003
f 2974//2974 2975//2975 3004//3004
f 3005//3005 2974//2974 3004//3004
f 3006//3006 2974//2974 3005//3005
f 2973//2973 2974//2974 3006//3006
f 3007//3007 2972//2972 2973//2973
f 3007//3007 2973//2973 3006//3006
f 3008//3008 2972//2972 3007//3007
f 3009//3009 2971//2971 2972//2972
f 3009//3009 2972//2972 3008//3008
f 3010//3010 2970//2970 2971//2971
f 3010//3010 2971//2971 3009//3009
f 2969//2969 2970//2970 3010//3010
f 3011//3011 2969//2969 3010//3010
f 2968//2968 2969//2969 3011//3011
f 3012//3012 2968//2968 3011//3011
f 2967//2967 2968//2968 3012//3012
f 3013//3013 2967//2967 3012//3012
f 2966//2966 2967//2967 3013//3013
f 3014//3014 2966//2966 3013//3013
f 2965//2965 2966//2966 3014//3014
f 3015//3015 2965//2965 3014//3014
f 2964//2964 2965//2965 3015//3015
f 3016//3016 2963//2963 2964//2964
f 3016//3016 2964//2964 3015//3015
f 3017//3017 2962//2962 2963//2963
f 3017//3017 2963//2963 3016//3016
f 3018//3018 2961//2961 2962//2962
f 3018//3018 2962//2962 3017//3017
f 3019//3019 2960//2960 2961//2961
f 3019//3019 2961//2961 3018//3018
f 3020//3020 2959//2959 2960//2960
f 3020//3020 2960//2960 3019//3019
f 2958//2958 2959//2959 3020//3020
f 3021//3021 2958//2958 3020//3020
f 3022//3022 2958//2958 3021//3021
f 2957//2957 2958//2958 3022//3022
f 3023//3023 2957//2957 3022//3022
f 2956//2956 2957//2957 3023//3023
f 3024//3024 2956//2956 3023//3023
f 2955//2955 2956//2956 3024//3024
f 2988//2988 2955//2955 3024//3024
f 3026//3026 3025//3025 3129//3129
f 3128//3128 3026//3026 3129//3129
f 3027//3027 3026//3026 3128//3128
f 3127//3127 3027//3027 3128//3128
f 3028//3028 3027//3027 3127//3127
f 3126//3126 3028//3028 3127//3127
f 3029//3029 3028//3028 3126//3126
f 3125//3125 3029//3029 3126//3126
f 3030//3030 3029//3029 3125//3125
f 3031//3031 3030//3030 3125//3125
f 3124//3124 3031//3031 3125//3125
f 3032//3032 3031//3031 3124//3124
f 3123//3123 3032//3032 3124//3124
f 3033//3033 3032//3032 3123//3123
f 3033//3033 3123//3123 3122//3122
f 3034//3034 3033//3033 3122//3122
f 3034//3034 3122//3122 3121//3121
f 3035//3035 3034//3034 3121//3121
f 3035//3035 3121//3121 3120//3120
f 3036//3036 3035//3035 3120//3120
f 3036//3036 3120//3120 3119//3119
f 3037//3037 3036//3036 3119//3119
f 3037//3037 3119//3119 3118//3118
f 3038//3038 3037//3037 3118//3118
f 3038//3038 3118//3118 3117//3117
f 3039//3039 3038//3038 3117//3117
f 3039//3039 3117//3117 3116//3116
f 3040//3040 3039//3039 3116//3116
f 3040//3040 3116//3116 3115//3115
f 3041//3041 3040//3040 3115//3115
f 3041//3041 3115//3115 3114//3114
f 3042//3042 3041//3041 3114//3114
f 3042//3042 3114//3114 3113//3113
f 3043//3043 3042//3042 3113//3113
f 3043//3043 3112//3112 3111//3111
f 3043//3043 3113//3113 3112//3112
f 3044//3044 3043//3043 3111//3111
f 3044//3044 3110//3110 3109//3109
f 3044//3044 3111//3111 3110//3110
f 3045//3045 3044//3044 3109//3109
f 3045//3045 3109//3109 3108//3108
f 3046//3046 3108//3108 3107//3107
f 3046//3046 3045//3045 3108//3108
f 3047//3047 3107//3107 3106//3106
f 3047//3047 3046//3046 3107//3107
f 3048//3048 3047//3047 3106//3106
f 3048//3048 3106//3106 3105//3105
f 3049//3049 3048//3048 3105//3105
f 3049//3049 3105//3105 3104//3104
f 3050//3050 3049//3049 3104//3104
f 3050//3050 3104//3104 3103//3103
f 3051//3051 3050//3050 3103//3103
f 3051//3051 3103//3103 3102//3102
f 3052//3052 3051//3051 3102//3102
f 3052//3052 3102//3102 3101//3101
f 3053//3053 3052//3052 3101//3101
f 3053//3053 3101//3101 3100//3100
f 3054//3054 3053//3053 3100//3100
f 3054//3054 3100//3100 3099//3099
f 3055//3055 3054//3054 3099//3099
f 3056//3056 3055//3055 3099//3099
f 3056//3056 3099//3099 3098//3098
f 3057//3057 3056//3056 3098//3098
f 3057//3057 3098//3098 3097//3097
f 3058//3058 3057//3057 3097//3097
f 3058//3058 3097//3097 3096//3096
f 3059//3059 3058//3058 3096//3096
f 3059//3059 3096//3096 3095//3095
f 3060//3060 3059//3059 3095//3095
f 3060//3060 3095//3095 3094//3094
f 3061//3061 3060//3060 3094//3094
f 3061//3061 3094//3094 3093//3093
f 3062//3062 3061//3061 3093//3093
f 3062//3062 3093//3093 3092//3092
f 3063//3063 3062//3062 3092//3092
f 3063//3063 3092//3092 3091//3091
f 3064//3064 3063//3063 3091//3091
f 3065//3065 3091//3091 3090//3090
f 3065//3065 3064//3064 3091//3091
f 3066//3066 3090//3090 3089//3089
f 3066//3066 3065//3065 3090//3090
f 3067//3067 3089//3089 3088//3088
f 3067//3067 3066//3066 3089//3089
f 3068//3068 3088//3088 3087//3087
f 3068//3068 3067//3067 3088//3088
f 3069//3069 3087//3087 3086//3086
f 3069//3069 3068//3068 3087//3087
f 3070//3070 3069//3069 3086//3086
f 3071//3071 3086//3086 3085//3085
f 3071//3071 3070//3070 3086//3086
f 3072//3072 3085//3085 3084//3084
f 3072//3072 3071//3071 3085//3085
f 3073//3073 3084//3084 3083//3083
f 3073//3073 3072//3072 3084//3084
f 3074//3074 3083//3083 3082//3082
f 3074//3074 3073//3073 3083//3083
f 3075//3075 3074//3074 3082//3082
f 3075//3075 3082//3082 3081//3081
f 3076//3076 3075//3075 3081//3081
f 3076//3076 3081//3081 3080//3080
f 3077//3077 3076//3076 3080//3080
f 3077//3077 3080//3080 3079//3079
f 3078//3078 3077//3077 3079//3079
f 3131//3131 3130//3130 3157//3157
f 3158//3158 3131//3131 3157//3157
f 3132//3132 3131//3131 3158//3158
f 3159//3159 3132//3132 3158//3158
f 3133//3133 3132//3132 3159//3159
f 3160//3160 3133//3133 3159//3159
f 3134//3134 3160//3160 3161//3161
f 3134//3134 3133//3133 3160//3160
f 3162//3162 3134//3134 3161//3161
f 3135//3135 3162//3162 3163//3163
f 3135//3135 3134//3134 3162//3162
f 3136//3136 3135//3135 3163//3163
f 3164//3164 3136//3136 3163//3163
f 3137//3137 3136//3136 3164//3164
f 3138//3138 3164//3164 3165//3165
f 3138//3138 3137//3137 3164//3164
f 3139//3139 3165//3165 3166//3166
f 3139//3139 3138//3138 3165//3165
f 3167//3167 3139//3139 3166//3166
f 3140//3140 3139//3139 3167//3167
f 3168//3168 3140//3140 3167//3167
f 3141//3141 3140//3140 3168//3168
f 3169//3169 3141//3141 3168//3168
f 3142//3142 3141//3141 3169//3169
f 3170//3170 3142//3142 3169//3169
f 3143//3143 3142//3142 3170//3170
f 3143//3143 3170//3170 3171//3171
f 3172//3172 3143//3143 3171//3171
f 3144//3144 3143//3143 3172//3172
f 3144//3144 3172//3172 3173//3173
f 3145//3145 3144//3144 3173//3173
f 3145//3145 3173//3173 3174//3174
f 3146//3146 3145//3145 3174//3174
f 3146//3146 3174//3174 3175//3175
f 3147//3147 3146//3146 3175//3175
f 3147//3147 3175//3175 3176//3176
f 3148//3148 3147//3147 3176//3176
f 3148//3148 3176//3176 3177//3177
f 3149//3149 3148//3148 3177//3177
f 3149//3149 3177//3177 3178//3178
f 3149//3149 3178//3178 3179//3179
f 3150//3150 3149//3149 3179//3179
f 3150//3150 3179//3179 3180//3180
f 3151//3151 3150//3150 3180//3180
f 3151//3151 3180//3180 3181//3181
f 3152//3152 3151//3151 3181//3181
f 3152//3152 3181//3181 3182//3182
f 3153//3153 3182//3182 3183//3183
f 3153//3153 3152//3152 3182//3182
f 3154//3154 3183//3183 3184//3184
f 3154//3154 3153//3153 3183//3183
f 3155//3155 3184//3184 3156//3156
f 3155//3155 3154//3154 3184//3184
f 3413//3413 3395//3395 3396//3396
f 3413//3413 3412//3412 3395//3395
f 3414//3414 3396//3396 3397//3397
f 3414//3414 3413//3413 3396//3396
f 3415//3415 3397//3397 3398//3398
f 3415//3415 3414//3414 3397//3397
f 3416//3416 3398//3398 3399//3399
f 3416//3416 3415//3415 3398//3398
f 3417//3417 3399//3399 3400//3400
f 3417//3417 3416//3416 3399//3399
f 3418//3418 3400//3400 3401//3401
f 3418//3418 3417//3417 3400//3400
f 3419//3419 3401//3401 3402//3402
f 3419//3419 3418//3418 3401//3401
f 3420//3420 3402//3402 3403//3403
f 3420//3420 3403//3403 3404//3404
f 3420//3420 3419//3419 3402//3402
f 3421//3421 3404//3404 3405//3405
f 3421//3421 3420//3420 3404//3404
f 3422//3422 3405//3405 3406//3406
f 3422//3422 3421//3421 3405//3405
f 3423//3423 3422//3422 3406//3406
f 3424//3424 3406//3406 3407//3407
f 3424//3424 3407//3407 3408//3408
f 3424//3424 3423//3423 3406//3406
f 3425//3425 3408//3408 3409//3409
f 3425//3425 3424//3424 3408//3408
f 3426//3426 3409//3409 3410//3410
f 3426//3426 3425//3425 3409//3409
f 3427//3427 3410//3410 3393//3393
f 3427//3427 3426//3426 3410//3410
f 3428//3428 3393//3393 3392//3392
f 3428//3428 3427//3427 3393//3393
f 3429//3429 3391//3391 3390//3390
f 3429//3429 3392//3392 3391//3391
f 3429//3429 3428//3428 3392//3392
f 3430//3430 3390//3390 3389//3389
f 3430//3430 3429//3429 3390//3390
f 3431//3431 3389//3389 3388//3388
f 3431//3431 3430//3430 3389//3389
f 3432//3432 3388//3388 3387//3387
f 3432//3432 3431//3431 3388//3388
f 3433//3433 3387//3387 3386//3386
f 3433//3433 3432//3432 3387//3387
f 3434//3434 3433//3433 3386//3386
f 3434//3434 3385//3385 3384//3384
f 3434//3434 3386//3386 3385//3385
f 3435//3435 3434//3434 3384//3384
f 3435//3435 3384//3384 3383//3383
f 3436//3436 3435//3435 3383//3383
f 3436//3436 3383//3383 3382//3382
f 3437//3437 3436//3436 3382//3382
f 3437//3437 3382//3382 3381//3381
f 3438//3438 3437//3437 3381//3381
f 3439//3439 3438//3438 3381//3381
f 3439//3439 3380//3380 3379//3379
f 3439//3439 3381//3381 3380//3380
f 3440//3440 3439//3439 3379//3379
f 3440//3440 3379//3379 3378//3378
f 3441//3441 3440//3440 3378//3378
f 3441//3441 3378//3378 3377//3377
f 3442//3442 3441//3441 3377//3377
f 3442//3442 3377//3377 3376//3376
f 3443//3443 3442//3442 3376//3376
f 3443//3443 3376//3376 3375//3375
f 3444//3444 3443//3443 3375//3375
f 3444//3444 3375//3375 3374//3374
f 3445//3445 3444//3444 3374//3374
f 3445//3445 3374//3374 3373//3373
f 3446//3446 3445//3445 3373//3373
f 3447//3447 3446//3446 3373//3373
f 3447//3447 3373//3373 3372//3372
f 3448//3448 3447//3447 3372//3372
f 3448//3448 3372//3372 3371//3371
f 3449//3449 3448//3448 3371//3371
f 3449//3449 3371//3371 3370//3370
f 3450//3450 3449//3449 3370//3370
f 3450//3450 3370//3370 3369//3369
f 3453//3453 3367//3367 3366//3366
f 3453//3453 3452//3452 3368//3368
f 3453//3453 3368//3368 3367//3367
f 3454//3454 3366//3366 3365//3365
f 3454//3454 3453//3453 3366//3366
f 3455//3455 3365//3365 3364//3364
f 3455//3455 3454//3454 3365//3365
f 3456//3456 3364//3364 3363//3363
f 3456//3456 3455//3455 3364//3364
f 3457//3457 3456//3456 3363//3363
f 3458//3458 3457//3457 3363//3363
f 3458//3458 3363//3363 3362//3362
f 3459//3459 3458//3458 3362//3362
f 3460//3460 3459//3459 3362//3362
f 3460//3460 3362//3362 3361//3361
f 3461//3461 3460//3460 3361//3361
f 3461//3461 3361//3361 3360//3360
f 3462//3462 3461//3461 3360//3360
f 3462//3462 3360//3360 3359//3359
f 3463//3463 3462//3462 3359//3359
f 3463//3463 3359//3359 3358//3358
f 3464//3464 3463//3463 3358//3358
f 3464//3464 3358//3358 3322//3322
f 3465//3465 3464//3464 3322//3322
f 3465//3465 3322//3322 3323//3323
f 3466//3466 3465//3465 3323//3323
f 3466//3466 3323//3323 3324//3324
f 3467//3467 3466//3466 3324//3324
f 3467//3467 3324//3324 3325//3325
f 3468//3468 3467//3467 3325//3325
f 3468//3468 3325//3325 3326//3326
f 3468//3468 3326//3326 3327//3327
f 3469//3469 3327//3327 3328//3328
f 3469//3469 3468//3468 3327//3327
f 3470//3470 3328//3328 3329//3329
f 3470//3470 3469//3469 3328//3328
f 3471//3471 3470//3470 3329//3329
f 3472//3472 3329//3329 3330//3330
f 3472//3472 3330//3330 3331//3331
f 3472//3472 3471//3471 3329//3329
f 3473//3473 3331//3331 3332//3332
f 3473//3473 3472//3472 3331//3331
f 3474//3474 3332//3332 3333//3333
f 3474//3474 3473//3473 3332//3332
f 3475//3475 3474//3474 3333//3333
f 3476//3476 3333//3333 3334//3334
f 3476//3476 3475//3475 3333//3333
f 3477//3477 3334//3334 3335//3335
f 3477//3477 3476//3476 3334//3334
f 3478//3478 3335//3335 3336//3336
f 3478//3478 3477//3477 3335//3335
f 3479//3479 3336//3336 3337//3337
f 3479//3479 3478//3478 3336//3336
f 3480//3480 3337//3337 3338//3338
f 3480//3480 3338//3338 3339//3339
f 3480//3480 3479//3479 3337//3337
f 3481//3481 3480//3480 3339//3339
f 3482//3482 3339//3339 3340//3340
f 3482//3482 3481//3481 3339//3339
f 3483//3483 3340//3340 3341//3341
f 3483//3483 3482//3482 3340//3340
f 3484//3484 3341//3341 3342//3342
f 3484//3484 3483//3483 3341//3341
f 3485//3485 3484//3484 3342//3342
f 3485//3485 3342//3342 3343//3343
f 3486//3486 3343//3343 3344//3344
f 3486//3486 3485//3485 3343//3343
f 3487//3487 3486//3486 3344//3344
f 3487//3487 3344//3344 3345//3345
f 3488//3488 3487//3487 3345//3345
f 3488//3488 3345//3345 3346//3346
f 3489//3489 3488//3488 3346//3346
f 3490//3490 3489//3489 3346//3346
f 3490//3490 3346//3346 3347//3347
f 3491//3491 3490//3490 3347//3347
f 3491//3491 3347//3347 3348//3348
f 3492//3492 3491//3491 3348//3348
f 3492//3492 3348//3348 3349//3349
f 3492//3492 3349//3349 3350//3350
f 3493//3493 3492//3492 3350//3350
f 3493//3493 3350//3350 3351//3351
f 3494//3494 3493//3493 3351//3351
f 3495//3495 3494//3494 3351//3351
f 3495//3495 3351//3351 3352//3352
f 3496//3496 3495//3495 3352//3352
f 3496//3496 3352//3352 3353//3353
f 3496//3496 3353//3353 3354//3354
f 3497//3497 3496//3496 3354//3354
f 3497//3497 3354//3354 3355//3355
f 3498//3498 3497//3497 3355//3355
f 3498//3498 3355//3355 3356//3356
f 3499//3499 3498//3498 3356//3356
f 3500//3500 3499//3499 3356//3356
f 3500//3500 3356//3356 3357//3357
f 3500//3500 3357//3357 3321//3321
f 3501//3501 3321//3321 3320//3320
f 3501//3501 3500//3500 3321//3321
f 3502//3502 3320//3320 3319//3319
f 3502//3502 3501//3501 3320//3320
f 3503//3503 3319//3319 3318//3318
f 3503//3503 3502//3502 3319//3319
f 3504//3504 3318//3318 3317//3317
f 3504//3504 3503//3503 3318//3318
f 3505//3505 3317//3317 3316//3316
f 3505//3505 3504//3504 3317//3317
f 3506//3506 3316//3316 3315//3315
f 3506//3506 3505//3505 3316//3316
f 3507//3507 3506//3506 3315//3315
f 3508//3508 3315//3315 3314//3314
f 3508//3508 3507//3507 3315//3315
f 3509//3509 3314//3314 3313//3313
f 3509//3509 3508//3508 3314//3314
f 3510//3510 3509//3509 3313//3313
f 3510//3510 3313//3313 3312//3312
f 3511//3511 3510//3510 3312//3312
f 3511//3511 3312//3312 3311//3311
f 3512//3512 3511//3511 3311//3311
f 3512//3512 3311//3311 3310//3310
f 3513//3513 3512//3512 3310//3310
f 3514//3514 3513//3513 3310//3310
f 3514//3514 3310//3310 3309//3309
f 3515//3515 3514//3514 3309//3309
f 3515//3515 3309//3309 3308//3308
f 3516//3516 3515//3515 3308//3308
f 3517//3517 3308//3308 3307//3307
f 3517//3517 3516//3516 3308//3308
f 3518//3518 3307//3307 3306//3306
f 3518//3518 3517//3517 3307//3307
f 3519//3519 3306//3306 3305//3305
f 3519//3519 3518//3518 3306//3306
f 3520//3520 3305//3305 3304//3304
f 3520//3520 3519//3519 3305//3305
f 3521//3521 3304//3304 3303//3303
f 3521//3521 3520//3520 3304//3304
f 3522//3522 3521//3521 3303//3303
f 3523//3523 3303//3303 3302//3302
f 3523//3523 3522//3522 3303//3303
f 3524//3524 3302//3302 3301//3301
f 3524//3524 3523//3523 3302//3302
f 3525//3525 3301//3301 3300//3300
f 3525//3525 3524//3524 3301//3301
f 3526//3526 3300//3300 3299//3299
f 3526//3526 3525//3525 3300//3300
f 3527//3527 3299//3299 3298//3298
f 3527//3527 3526//3526 3299//3299
f 3528//3528 3298//3298 3297//3297
f 3528//3528 3527//3527 3298//3298
f 3529//3529 3297//3297 3296//3296
f 3529//3529 3528//3528 3297//3297
f 3530//3530 3296//3296 3295//3295
f 3530//3530 3529//3529 3296//3296
f 3531//3531 3294//3294 3293//3293
f 3531//3531 3295//3295 3294//3294
f 3531//3531 3530//3530 3295//3295
f 3532//3532 3293//3293 3292//3292
f 3532//3532 3531//3531 3293//3293
f 3533//3533 3292//3292 3291//3291
f 3533//3533 3532//3532 3292//3292
f 3534//3534 3291//3291 3290//3290
f 3534//3534 3533//3533 3291//3291
f 3535//3535 3290//3290 3289//3289
f 3535//3535 3534//3534 3290//3290
f 3536//3536 3289//3289 3288//3288
f 3536//3536 3535//3535 3289//3289
f 3537//3537 3288//3288 3254//3254
f 3537//3537 3536//3536 3288//3288
f 3538//3538 3537//3537 3254//3254
f 3538//3538 3254//3254 3255//3255
f 3539//3539 3538//3538 3255//3255
f 3539//3539 3255//3255 3256//3256
f 3540//3540 3539//3539 3256//3256
f 3540//3540 3256//3256 3257//3257
f 3541//3541 3540//3540 3257//3257
f 3541//3541 3257//3257 3258//3258
f 3542//3542 3541//3541 3258//3258
f 3545//3545 3544//3544 3260//3260
f 3545//3545 3260//3260 3261//3261
f 3546//3546 3545//3545 3261//3261
f 3546//3546 3261//3261 3262//3262
f 3547//3547 3546//3546 3262//3262
f 3547//3547 3262//3262 3263//3263
f 3548//3548 3547//3547 3263//3263
f 3548//3548 3263//3263 3264//3264
f 3548//3548 3264//3264 3265//3265
f 3549//3549 3548//3548 3265//3265
f 3550//3550 3549//3549 3265//3265
f 3550//3550 3265//3265 3266//3266
f 3551//3551 3550//3550 3266//3266
f 3551//3551 3266//3266 3267//3267
f 3551//3551 3267//3267 3268//3268
f 3552//3552 3551//3551 3268//3268
f 3552//3552 3268//3268 3269//3269
f 3553//3553 3552//3552 3269//3269
f 3553//3553 3269//3269 3270//3270
f 3554//3554 3553//3553 3270//3270
f 3554//3554 3270//3270 3271//3271
f 3555//3555 3554//3554 3271//3271
f 3555//3555 3271//3271 3272//3272
f 3556//3556 3555//3555 3272//3272
f 3557//3557 3556//3556 3272//3272
f 3557//3557 3272//3272 3273//3273
f 3558//3558 3557//3557 3273//3273
f 3558//3558 3273//3273 3274//3274
f 3559//3559 3274//3274 3275//3275
f 3559//3559 3558//3558 3274//3274
f 3560//3560 3275//3275 3276//3276
f 3560//3560 3559//3559 3275//3275
f 3561//3561 3276//3276 3277//3277
f 3561//3561 3560//3560 3276//3276
f 3562//3562 3561//3561 3277//3277
f 3563//3563 3277//3277 3278//3278
f 3563//3563 3562//3562 3277//3277
f 3564//3564 3563//3563 3278//3278
f 3564//3564 3278//3278 3279//3279
f 3565//3565 3564//3564 3279//3279
f 3565//3565 3279//3279 3280//3280
f 3566//3566 3565//3565 3280//3280
f 3566//3566 3280//3280 3281//3281
f 3567//3567 3566//3566 3281//3281
f 3567//3567 3281//3281 3282//3282
f 3568//3568 3567//3567 3282//3282
f 3569//3569 3568//3568 3282//3282
f 3569//3569 3282//3282 3283//3283
f 3570//3570 3569//3569 3283//3283
f 3570//3570 3283//3283 3284//3284
f 3571//3571 3570//3570 3284//3284
f 3571//3571 3284//3284 3285//3285
f 3572//3572 3571//3571 3285//3285
f 3572//3572 3285//3285 3286//3286
f 3573//3573 3286//3286 3287//3287
f 3573//3573 3572//3572 3286//3286
f 3574//3574 3287//3287 3253//3253
f 3574//3574 3573//3573 3287//3287
f 3575//3575 3574//3574 3253//3253
f 3575//3575 3253//3253 3252//3252
f 3576//3576 3575//3575 3252//3252
f 3576//3576 3252//3252 3251//3251
f 3577//3577 3576//3576 3251//3251
f 3578//3578 3577//3577 3251//3251
f 3578//3578 3250//3250 3249//3249
f 3578//3578 3251//3251 3250//3250
f 3579//3579 3578//3578 3249//3249
f 3579//3579 3249//3249 3248//3248
f 3580//3580 3248//3248 3247//3247
f 3580//3580 3579//3579 3248//3248
f 3581//3581 3247//3247 3246//3246
f 3581//3581 3580//3580 3247//3247
f 3582//3582 3246//3246 3245//3245
f 3582//3582 3581//3581 3246//3246
f 3583//3583 3582//3582 3245//3245
f 3584//3584 3245//3245 3244//3244
f 3584//3584 3583//3583 3245//3245
f 3585//3585 3244//3244 3243//3243
f 3585//3585 3584//3584 3244//3244
f 3586//3586 3243//3243 3242//3242
f 3586//3586 3585//3585 3243//3243
f 3587//3587 3586//3586 3242//3242
f 3589//3589 3588//3588 3241//3241
f 3589//3589 3240//3240 3239//3239
f 3589//3589 3241//3241 3240//3240
f 3590//3590 3589//3589 3239//3239
f 3590//3590 3239//3239 3238//3238
f 3591//3591 3590//3590 3238//3238
f 3591//3591 3238//3238 3237//3237
f 3592//3592 3591//3591 3237//3237
f 3592//3592 3237//3237 3236//3236
f 3593//3593 3592//3592 3236//3236
f 3594//3594 3593//3593 3236//3236
f 3594//3594 3236//3236 3235//3235
f 3595//3595 3594//3594 3235//3235
f 3595//3595 3235//3235 3234//3234
f 3596//3596 3595//3595 3234//3234
f 3596//3596 3234//3234 3233//3233
f 3597//3597 3596//3596 3233//3233
f 3597//3597 3233//3233 3232//3232
f 3598//3598 3597//3597 3232//3232
f 3598//3598 3232//3232 3231//3231
f 3599//3599 3598//3598 3231//3231
f 3599//3599 3231//3231 3230//3230
f 3600//3600 3230//3230 3229//3229
f 3600//3600 3599//3599 3230//3230
f 3601//3601 3229//3229 3228//3228
f 3601//3601 3600//3600 3229//3229
f 3602//3602 3228//3228 3227//3227
f 3602//3602 3601//3601 3228//3228
f 3603//3603 3226//3226 3225//3225
f 3604//3604 3225//3225 3224//3224
f 3604//3604 3603//3603 3225//3225
f 3605//3605 3224//3224 3223//3223
f 3605//3605 3604//3604 3224//3224
f 3606//3606 3223//3223 3222//3222
f 3606//3606 3605//3605 3223//3223
f 3607//3607 3222//3222 3221//3221
f 3607//3607 3606//3606 3222//3222
f 3608//3608 3607//3607 3221//3221
f 3609//3609 3221//3221 3220//3220
f 3609//3609 3608//3608 3221//3221
f 3610//3610 3609//3609 3220//3220
f 3611//3611 3220//3220 3185//3185
f 3611//3611 3610//3610 3220//3220
f 3612//3612 3185//3185 3186//3186
f 3612//3612 3611//3611 3185//3185
f 3613//3613 3186//3186 3187//3187
f 3613//3613 3612//3612 3186//3186
f 3614//3614 3187//3187 3188//3188
f 3614//3614 3613//3613 3187//3187
f 3615//3615 3188//3188 3189//3189
f 3615//3615 3614//3614 3188//3188
f 3616//3616 3615//3615 3189//3189
f 3617//3617 3189//3189 3190//3190
f 3617//3617 3190//3190 3191//3191
f 3617//3617 3616//3616 3189//3189
f 3618//3618 3617//3617 3191//3191
f 3618//3618 3191//3191 3192//3192
f 3619//3619 3618//3618 3192//3192
f 3620//3620 3192//3192 3193//3193
f 3620//3620 3619//3619 3192//3192
f 3621//3621 3193//3193 3194//3194
f 3621//3621 3620//3620 3193//3193
f 3622//3622 3194//3194 3195//3195
f 3622//3622 3621//3621 3194//3194
f 3623//3623 3195//3195 3196//3196
f 3623//3623 3622//3622 3195//3195
f 3624//3624 3196//3196 3197//3197
f 3624//3624 3623//3623 3196//3196
f 3625//3625 3197//3197 3198//3198
f 3625//3625 3624//3624 3197//3197
f 3626//3626 3625//3625 3198//3198
f 3628//3628 3199//3199 3200//3200
f 3628//3628 3627//3627 3199//3199
f 3629//3629 3200//3200 3201//3201
f 3629//3629 3628//3628 3200//3200
f 3630//3630 3201//3201 3202//3202
f 3630//3630 3629//3629 3201//3201
f 3631//3631 3202//3202 3203//3203
f 3631//3631 3630//3630 3202//3202
f 3632//3632 3203//3203 3204//3204
f 3632//3632 3631//3631 3203//3203
f 3633//3633 3204//3204 3205//3205
f 3633//3633 3632//3632 3204//3204
f 3634//3634 3205//3205 3206//3206
f 3634//3634 3633//3633 3205//3205
f 3635//3635 3206//3206 3207//3207
f 3635//3635 3634//3634 3206//3206
f 3636//3636 3207//3207 3208//3208
f 3636//3636 3635//3635 3207//3207
f 3637//3637 3636//3636 3208//3208
f 3638//3638 3208//3208 3209//3209
f 3638//3638 3637//3637 3208//3208
f 3639//3639 3209//3209 3210//3210
f 3639//3639 3638//3638 3209//3209
f 3640//3640 3210//3210 3211//3211
f 3640//3640 3639//3639 3210//3210
f 3641//3641 3211//3211 3212//3212
f 3641//3641 3640//3640 3211//3211
f 3642//3642 3641//3641 3212//3212
f 3642//3642 3212//3212 3213//3213
f 3643//3643 3642//3642 3213//3213
f 3643//3643 3213//3213 3214//3214
f 3644//3644 3643//3643 3214//3214
f 3645//3645 3644//3644 3214//3214
f 3645//3645 3214//3214 3215//3215
f 3645//3645 3215//3215 3216//3216
f 3646//3646 3645//3645 3216//3216
f 3646//3646 3216//3216 3217//3217
f 3647//3647 3646//3646 3217//3217
f 3647//3647 3217//3217 3218//3218
f 3648//3648 3647//3647 3218//3218
f 3648//3648 3218//3218 3219//3219
f 3649//3649 3219//3219 3696//3696
f 3649//3649 3648//3648 3219//3219
f 3650//3650 3696//3696 3695//3695
f 3650//3650 3649//3649 3696//3696
f 3651//3651 3695//3695 3694//3694
f 3651//3651 3650//3650 3695//3695
f 3652//3652 3694//3694 3693//3693
f 3652//3652 3651//3651 3694//3694
f 3653//3653 3693//3693 3692//3692
f 3653//3653 3652//3652 3693//3693
f 3654//3654 3692//3692 3691//3691
f 3654//3654 3653//3653 3692//3692
f 3655//3655 3691//3691 3690//3690
f 3655//3655 3654//3654 3691//3691
f 3656//3656 3690//3690 3689//3689
f 3656//3656 3655//3655 3690//3690
f 3657//3657 3656//3656 3689//3689
f 3657//3657 3689//3689 3688//3688
f 3658//3658 3657//3657 3688//3688
f 3658//3658 3688//3688 3687//3687
f 3659//3659 3658//3658 3687//3687
f 3659//3659 3687//3687 3686//3686
f 3660//3660 3659//3659 3686//3686
f 3660//3660 3685//3685 3684//3684
f 3660//3660 3686//3686 3685//3685
f 3661//3661 3660//3660 3684//3684
f 3661//3661 3684//3684 3683//3683
f 3662//3662 3661//3661 3683//3683
f 3663//3663 3662//3662 3683//3683
f 3663//3663 3683//3683 3682//3682
f 3664//3664 3663//3663 3682//3682
f 3664//3664 3682//3682 3681//3681
f 3665//3665 3681//3681 3680//3680
f 3665//3665 3664//3664 3681//3681
f 3666//3666 3680//3680 3679//3679
f 3666//3666 3665//3665 3680//3680
f 3667//3667 3666//3666 3679//3679
f 3667//3667 3679//3679 3678//3678
f 3668//3668 3667//3667 3678//3678
f 3668//3668 3678//3678 3677//3677
f 3669//3669 3668//3668 3677//3677
f 3669//3669 3677//3677 3676//3676
f 3670//3670 3669//3669 3676//3676
f 3670//3670 3676//3676 3675//3675
f 3697//3697 3394//3394 3395//3395
f 3697//3697 3395//3395 3412//3412
f 3697//3697 3411//3411 3394//3394
f 3697//3697 3412//3412 3411//3411
f 3698//3698 3451//3451 3450//3450
f 3698//3698 3452//3452 3451//3451
f 3698//3698 3450//3450 3369//3369
f 3698//3698 3368//3368 3452//3452
f 3698//3698 3369//3369 3368//3368
f 3699//3699 3542//3542 3258//3258
f 3699//3699 3543//3543 3542//3542
f 3699//3699 3258//3258 3259//3259
f 3700//3700 3543//3543 3699//3699
f 3700//3700 3260//3260 3544//3544
f 3700//3700 3699//3699 3259//3259
f 3700//3700 3544//3544 3543//3543
f 3700//3700 3259//3259 3260//3260
f 3701//3701 3241//3241 3588//3588
f 3701//3701 3242//3242 3241//3241
f 3701//3701 3587//3587 3242//3242
f 3701//3701 3588//3588 3587//3587
f 3702//3702 3603//3603 3602//3602
f 3702//3702 3227//3227 3226//3226
f 3702//3702 3602//3602 3227//3227
f 3702//3702 3226//3226 3603//3603
f 3703//3703 3198//3198 3199//3199
f 3703//3703 3627//3627 3626//3626
f 3703//3703 3626//3626 3198//3198
f 3703//3703 3199//3199 3627//3627
f 3704//3704 3670//3670 3675//3675
f 3704//3704 3671//3671 3670//3670
f 3704//3704 3675//3675 3674//3674
f 3705//3705 3671//3671 3704//3704
f 3705//3705 3672//3672 3671//3671
f 3705//3705 3673//3673 3672//3672
f 3705//3705 3674//3674 3673//3673
f 3705//3705 3704//3704 3674//3674
f 3954//3954 3953//3953 3940//3940
f 3954//3954 3940//3940 3941//3941
f 3955//3955 3954//3954 3941//3941
f 3955//3955 3941//3941 3942//3942
f 3956//3956 3955//3955 3942//3942
f 3956//3956 3942//3942 3943//3943
f 3957//3957 3956//3956 3943//3943
f 3957//3957 3943//3943 3944//3944
f 3958//3958 3957//3957 3944//3944
f 3958//3958 3944//3944 3945//3945
f 3958//3958 3945//3945 3946//3946
f 3959//3959 3946//3946 3947//3947
f 3959//3959 3958//3958 3946//3946
f 3960//3960 3947//3947 3948//3948
f 3960//3960 3959//3959 3947//3947
f 3961//3961 3948//3948 3949//3949
f 3961//3961 3960//3960 3948//3948
f 3962//3962 3949//3949 3950//3950
f 3962//3962 3961//3961 3949//3949
f 3963//3963 3950//3950 3951//3951
f 3963//3963 3962//3962 3950//3950
f 3964//3964 3963//3963 3951//3951
f 3965//3965 3951//3951 3905//3905
f 3965//3965 3964//3964 3951//3951
f 3966//3966 3965//3965 3905//3905
f 3966//3966 3905//3905 3906//3906
f 3966//3966 3906//3906 3907//3907
f 3967//3967 3966//3966 3907//3907
f 3967//3967 3907//3907 3908//3908
f 3968//3968 3908//3908 3909//3909
f 3968//3968 3967//3967 3908//3908
f 3969//3969 3909//3909 3910//3910
f 3969//3969 3968//3968 3909//3909
f 3970//3970 3910//3910 3911//3911
f 3970//3970 3969//3969 3910//3910
f 3971//3971 3911//3911 3912//3912
f 3971//3971 3970//3970 3911//3911
f 3972//3972 3971//3971 3912//3912
f 3973//3973 3912//3912 3913//3913
f 3973//3973 3913//3913 3914//3914
f 3973//3973 3972//3972 3912//3912
f 3974//3974 3914//3914 3915//3915
f 3974//3974 3973//3973 3914//3914
f 3975//3975 3915//3915 3916//3916
f 3975//3975 3974//3974 3915//3915
f 3976//3976 3975//3975 3916//3916
f 3976//3976 3916//3916 3917//3917
f 3977//3977 3976//3976 3917//3917
f 3979//3979 3918//3918 3919//3919
f 3980//3980 3919//3919 3920//3920
f 3980//3980 3979//3979 3919//3919
f 3981//3981 3920//3920 3921//3921
f 3981//3981 3980//3980 3920//3920
f 3982//3982 3921//3921 3922//3922
f 3982//3982 3981//3981 3921//3921
f 3983//3983 3982//3982 3922//3922
f 3984//3984 3922//3922 3923//3923
f 3984//3984 3983//3983 3922//3922
f 3985//3985 3923//3923 3924//3924
f 3985//3985 3984//3984 3923//3923
f 3986//3986 3924//3924 3925//3925
f 3986//3986 3985//3985 3924//3924
f 3987//3987 3925//3925 3926//3926
f 3987//3987 3986//3986 3925//3925
f 3988//3988 3926//3926 3927//3927
f 3988//3988 3987//3987 3926//3926
f 3989//3989 3927//3927 3928//3928
f 3989//3989 3988//3988 3927//3927
f 3990//3990 3928//3928 3929//3929
f 3990//3990 3989//3989 3928//3928
f 3991//3991 3990//3990 3929//3929
f 3992//3992 3929//3929 3930//3930
f 3992//3992 3991//3991 3929//3929
f 3993//3993 3930//3930 3931//3931
f 3993//3993 3992//3992 3930//3930
f 3994//3994 3931//3931 3932//3932
f 3994//3994 3993//3993 3931//3931
f 3995//3995 3932//3932 3933//3933
f 3995//3995 3994//3994 3932//3932
f 3996//3996 3933//3933 3934//3934
f 3996//3996 3995//3995 3933//3933
f 3997//3997 3996//3996 3934//3934
f 3998//3998 3934//3934 3935//3935
f 3998//3998 3935//3935 3936//3936
f 3998//3998 3997//3997 3934//3934
f 3999//3999 3998//3998 3936//3936
f 4000//4000 3936//3936 3937//3937
f 4000//4000 3999//3999 3936//3936
f 4001//4001 3937//3937 3938//3938
f 4001//4001 4000//4000 3937//3937
f 4002//4002 3938//3938 3871//3871
f 4002//4002 4001//4001 3938//3938
f 4003//4003 4002//4002 3871//3871
f 4003//4003 3871//3871 3872//3872
f 4004//4004 4003//4003 3872//3872
f 4004//4004 3872//3872 3873//3873
f 4005//4005 4004//4004 3873//3873
f 4005//4005 3873//3873 3874//3874
f 4005//4005 3874//3874 3875//3875
f 4006//4006 4005//4005 3875//3875
f 4006//4006 3875//3875 3876//3876
f 4007//4007 4006//4006 3876//3876
f 4008//4008 4007//4007 3876//3876
f 4008//4008 3876//3876 3877//3877
f 4008//4008 3877//3877 3878//3878
f 4009//4009 4008//4008 3878//3878
f 4009//4009 3878//3878 3879//3879
f 4010//4010 4009//4009 3879//3879
f 4010//4010 3879//3879 3880//3880
f 4011//4011 4010//4010 3880//3880
f 4011//4011 3880//3880 3881//3881
f 4012//4012 4011//4011 3881//3881
f 4012//4012 3881//3881 3882//3882
f 4013//4013 4012//4012 3882//3882
f 4013//4013 3882//3882 3883//3883
f 4014//4014 4013//4013 3883//3883
f 4014//4014 3883//3883 3884//3884
f 4015//4015 4014//4014 3884//3884
f 4015//4015 3884//3884 3885//3885
f 4016//4016 4015//4015 3885//3885
f 4019//4019 4018//4018 3887//3887
f 4019//4019 3887//3887 3888//3888
f 4020//4020 4019//4019 3888//3888
f 4020//4020 3888//3888 3889//3889
f 4021//4021 4020//4020 3889//3889
f 4021//4021 3889//3889 3890//3890
f 4022//4022 4021//4021 3890//3890
f 4022//4022 3890//3890 3891//3891
f 4023//4023 3891//3891 3892//3892
f 4023//4023 4022//4022 3891//3891
f 4024//4024 4023//4023 3892//3892
f 4025//4025 3892//3892 3893//3893
f 4025//4025 4024//4024 3892//3892
f 4026//4026 4025//4025 3893//3893
f 4026//4026 3893//3893 3894//3894
f 4027//4027 3894//3894 3895//3895
f 4027//4027 4026//4026 3894//3894
f 4028//4028 3895//3895 3896//3896
f 4028//4028 4027//4027 3895//3895
f 4029//4029 4028//4028 3896//3896
f 4029//4029 3896//3896 3897//3897
f 4030//4030 4029//4029 3897//3897
f 4030//4030 3897//3897 3898//3898
f 4031//4031 4030//4030 3898//3898
f 4031//4031 3898//3898 3899//3899
f 4032//4032 4031//4031 3899//3899
f 4032//4032 3899//3899 3900//3900
f 4033//4033 4032//4032 3900//3900
f 4033//4033 3900//3900 3901//3901
f 4034//4034 4033//4033 3901//3901
f 4034//4034 3901//3901 3902//3902
f 4035//4035 4034//4034 3902//3902
f 4035//4035 3902//3902 3903//3903
f 4036//4036 4035//4035 3903//3903
f 4036//4036 3903//3903 3904//3904
f 4037//4037 4036//4036 3904//3904
f 4037//4037 3904//3904 3835//3835
f 4038//4038 3835//3835 3836//3836
f 4038//4038 3836//3836 3837//3837
f 4038//4038 4037//4037 3835//3835
f 4039//4039 3837//3837 3838//3838
f 4039//4039 4038//4038 3837//3837
f 4040//4040 3838//3838 3839//3839
f 4040//4040 4039//4039 3838//3838
f 4041//4041 3839//3839 3840//3840
f 4041//4041 3840//3840 3841//3841
f 4041//4041 4040//4040 3839//3839
f 4042//4042 3841//3841 3842//3842
f 4042//4042 4041//4041 3841//3841
f 4043//4043 3842//3842 3843//3843
f 4043//4043 4042//4042 3842//3842
f 4044//4044 3843//3843 3844//3844
f 4044//4044 4043//4043 3843//3843
f 4045//4045 3844//3844 3845//3845
f 4045//4045 4044//4044 3844//3844
f 4046//4046 3845//3845 3846//3846
f 4046//4046 4045//4045 3845//3845
f 4047//4047 3846//3846 3847//3847
f 4047//4047 4046//4046 3846//3846
f 4048//4048 3847//3847 3848//3848
f 4048//4048 4047//4047 3847//3847
f 4049//4049 4048//4048 3848//3848
f 4050//4050 3848//3848 3849//3849
f 4050//4050 4049//4049 3848//3848
f 4051//4051 3849//3849 3850//3850
f 4051//4051 4050//4050 3849//3849
f 4052//4052 4051//4051 3850//3850
f 4053//4053 4052//4052 3850//3850
f 4053//4053 3850//3850 3851//3851
f 4054//4054 4053//4053 3851//3851
f 4054//4054 3851//3851 3852//3852
f 4055//4055 4054//4054 3852//3852
f 4055//4055 3852//3852 3853//3853
f 4056//4056 4055//4055 3853//3853
f 4056//4056 3853//3853 3854//3854
f 4057//4057 4056//4056 3854//3854
f 4057//4057 3854//3854 3855//3855
f 4058//4058 4057//4057 3855//3855
f 4059//4059 4058//4058 3855//3855
f 4059//4059 3855//3855 3856//3856
f 4060//4060 4059//4059 3856//3856
f 4060//4060 3856//3856 3857//3857
f 4061//4061 4060//4060 3857//3857
f 4061//4061 3857//3857 3858//3858
f 4062//4062 4061//4061 3858//3858
f 4062//4062 3858//3858 3859//3859
f 4063//4063 4062//4062 3859//3859
f 4063//4063 3859//3859 3860//3860
f 4064//4064 4063//4063 3860//3860
f 4064//4064 3860//3860 3861//3861
f 4065//4065 4064//4064 3861//3861
f 4065//4065 3861//3861 3862//3862
f 4066//4066 4065//4065 3862//3862
f 4066//4066 3862//3862 3863//3863
f 4067//4067 4066//4066 3863//3863
f 4068//4068 3863//3863 3864//3864
f 4068//4068 3864//3864 3865//3865
f 4068//4068 4067//4067 3863//3863
f 4069//4069 4068//4068 3865//3865
f 4069//4069 3865//3865 3866//3866
f 4070//4070 3866//3866 3867//3867
f 4070//4070 4069//4069 3866//3866
f 4071//4071 3867//3867 3868//3868
f 4071//4071 4070//4070 3867//3867
f 4072//4072 3868//3868 3869//3869
f 4072//4072 4071//4071 3868//3868
f 4073//4073 3869//3869 3870//3870
f 4073//4073 4072//4072 3869//3869
f 4074//4074 4073//4073 3870//3870
f 4075//4075 3870//3870 3801//3801
f 4075//4075 4074//4074 3870//3870
f 4076//4076 4075//4075 3801//3801
f 4076//4076 3801//3801 3802//3802
f 4076//4076 3802//3802 3803//3803
f 4077//4077 4076//4076 3803//3803
f 4077//4077 3803//3803 3804//3804
f 4078//4078 4077//4077 3804//3804
f 4078//4078 3804//3804 3805//3805
f 4079//4079 4078//4078 3805//3805
f 4079//4079 3805//3805 3806//3806
f 4080//4080 4079//4079 3806//3806
f 4080//4080 3806//3806 3807//3807
f 4081//4081 4080//4080 3807//3807
f 4082//4082 3807//3807 3808//3808
f 4082//4082 4081//4081 3807//3807
f 4083//4083 3808//3808 3809//3809
f 4083//4083 4082//4082 3808//3808
f 4084//4084 3809//3809 3810//3810
f 4084//4084 3810//3810 3811//3811
f 4084//4084 4083//4083 3809//3809
f 4085//4085 3811//3811 3812//3812
f 4085//4085 4084//4084 3811//3811
f 4086//4086 3812//3812 3813//3813
f 4086//4086 4085//4085 3812//3812
f 4087//4087 4086//4086 3813//3813
f 4088//4088 3813//3813 3814//3814
f 4088//4088 4087//4087 3813//3813
f 4089//4089 3814//3814 3815//3815
f 4089//4089 4088//4088 3814//3814
f 4090//4090 3815//3815 3816//3816
f 4090//4090 4089//4089 3815//3815
f 4091//4091 3816//3816 3817//3817
f 4091//4091 4090//4090 3816//3816
f 4092//4092 3817//3817 3818//3818
f 4092//4092 4091//4091 3817//3817
f 4093//4093 3818//3818 3819//3819
f 4093//4093 4092//4092 3818//3818
f 4094//4094 3819//3819 3820//3820
f 4094//4094 4093//4093 3819//3819
f 4095//4095 3820//3820 3821//3821
f 4095//4095 4094//4094 3820//3820
f 4096//4096 3821//3821 3822//3822
f 4096//4096 4095//4095 3821//3821
f 4097//4097 4096//4096 3822//3822
f 4098//4098 3822//3822 3823//3823
f 4098//4098 3823//3823 3824//3824
f 4098//4098 4097//4097 3822//3822
f 4099//4099 3824//3824 3825//3825
f 4099//4099 4098//4098 3824//3824
f 4100//4100 4099//4099 3825//3825
f 4101//4101 3825//3825 3826//3826
f 4101//4101 4100//4100 3825//3825
f 4102//4102 3826//3826 3827//3827
f 4102//4102 4101//4101 3826//3826
f 4103//4103 3827//3827 3828//3828
f 4103//4103 4102//4102 3827//3827
f 4104//4104 3828//3828 3829//3829
f 4104//4104 4103//4103 3828//3828
f 4105//4105 4104//4104 3829//3829
f 4106//4106 4105//4105 3829//3829
f 4106//4106 3829//3829 3830//3830
f 4107//4107 4106//4106 3830//3830
f 4107//4107 3830//3830 3831//3831
f 4108//4108 4107//4107 3831//3831
f 4108//4108 3831//3831 3832//3832
f 4109//4109 4108//4108 3832//3832
f 4109//4109 3832//3832 3833//3833
f 4110//4110 4109//4109 3833//3833
f 4110//4110 3833//3833 3834//3834
f 4111//4111 4110//4110 3834//3834
f 4111//4111 3834//3834 3768//3768
f 4112//4112 4111//4111 3768//3768
f 4112//4112 3768//3768 3769//3769
f 4113//4113 4112//4112 3769//3769
f 4113//4113 3769//3769 3770//3770
f 4114//4114 4113//4113 3770//3770
f 4115//4115 4114//4114 3770//3770
f 4115//4115 3770//3770 3771//3771
f 4116//4116 4115//4115 3771//3771
f 4118//4118 4117//4117 3772//3772
f 4118//4118 3772//3772 3773//3773
f 4119//4119 4118//4118 3773//3773
f 4119//4119 3773//3773 3774//3774
f 4120//4120 4119//4119 3774//3774
f 4120//4120 3774//3774 3775//3775
f 4121//4121 4120//4120 3775//3775
f 4121//4121 3775//3775 3776//3776
f 4122//4122 4121//4121 3776//3776
f 4122//4122 3776//3776 3777//3777
f 4123//4123 4122//4122 3777//3777
f 4123//4123 3777//3777 3778//3778
f 4124//4124 4123//4123 3778//3778
f 4124//4124 3778//3778 3779//3779
f 4125//4125 3779//3779 3780//3780
f 4125//4125 4124//4124 3779//3779
f 4126//4126 3780//3780 3781//3781
f 4126//4126 4125//4125 3780//3780
f 4127//4127 3781//3781 3782//3782
f 4127//4127 4126//4126 3781//3781
f 4128//4128 3782//3782 3783//3783
f 4128//4128 4127//4127 3782//3782
f 4129//4129 3783//3783 3784//3784
f 4129//4129 4128//4128 3783//3783
f 4130//4130 3784//3784 3785//3785
f 4130//4130 4129//4129 3784//3784
f 4131//4131 3785//3785 3786//3786
f 4131//4131 4130//4130 3785//3785
f 4132//4132 4131//4131 3786//3786
f 4132//4132 3786//3786 3787//3787
f 4133//4133 4132//4132 3787//3787
f 4133//4133 3787//3787 3788//3788
f 4134//4134 4133//4133 3788//3788
f 4134//4134 3788//3788 3789//3789
f 4135//4135 4134//4134 3789//3789
f 4135//4135 3789//3789 3790//3790
f 4136//4136 4135//4135 3790//3790
f 4136//4136 3790//3790 3791//3791
f 4137//4137 4136//4136 3791//3791
f 4138//4138 4137//4137 3791//3791
f 4138//4138 3791//3791 3792//3792
f 4139//4139 4138//4138 3792//3792
f 4139//4139 3792//3792 3793//3793
f 4139//4139 3793//3793 3794//3794
f 4140//4140 4139//4139 3794//3794
f 4140//4140 3794//3794 3795//3795
f 4141//4141 4140//4140 3795//3795
f 4142//4142 4141//4141 3795//3795
f 4142//4142 3795//3795 3796//3796
f 4143//4143 4142//4142 3796//3796
f 4143//4143 3796//3796 3797//3797
f 4144//4144 4143//4143 3797//3797
f 4144//4144 3797//3797 3798//3798
f 4145//4145 4144//4144 3798//3798
f 4145//4145 3798//3798 3799//3799
f 4146//4146 4145//4145 3799//3799
f 4146//4146 3799//3799 3800//3800
f 4147//4147 4146//4146 3800//3800
f 4147//4147 3800//3800 3733//3733
f 4148//4148 3733//3733 3734//3734
f 4148//4148 4147//4147 3733//3733
f 4149//4149 3734//3734 3735//3735
f 4149//4149 4148//4148 3734//3734
f 4150//4150 4149//4149 3735//3735
f 4151//4151 3735//3735 3736//3736
f 4151//4151 3736//3736 3737//3737
f 4151//4151 4150//4150 3735//3735
f 4152//4152 3737//3737 3738//3738
f 4152//4152 4151//4151 3737//3737
f 4153//4153 3738//3738 3739//3739
f 4153//4153 4152//4152 3738//3738
f 4154//4154 3739//3739 3740//3740
f 4154//4154 4153//4153 3739//3739
f 4155//4155 3740//3740 3741//3741
f 4155//4155 4154//4154 3740//3740
f 4156//4156 3741//3741 3742//3742
f 4156//4156 4155//4155 3741//3741
f 4157//4157 4156//4156 3742//3742
f 4158//4158 4157//4157 3742//3742
f 4158//4158 3742//3742 3743//3743
f 4159//4159 4158//4158 3743//3743
f 4159//4159 3743//3743 3744//3744
f 4160//4160 4159//4159 3744//3744
f 4160//4160 3744//3744 3745//3745
f 4161//4161 4160//4160 3745//3745
f 4161//4161 3745//3745 3746//3746
f 4162//4162 4161//4161 3746//3746
f 4162//4162 3746//3746 3747//3747
f 4163//4163 4162//4162 3747//3747
f 4163//4163 3747//3747 3748//3748
f 4164//4164 4163//4163 3748//3748
f 4164//4164 3748//3748 3749//3749
f 4165//4165 4164//4164 3749//3749
f 4165//4165 3749//3749 3750//3750
f 4166//4166 4165//4165 3750//3750
f 4167//4167 4166//4166 3750//3750
f 4167//4167 3750//3750 3751//3751
f 4168//4168 4167//4167 3751//3751
f 4168//4168 3751//3751 3752//3752
f 4169//4169 4168//4168 3752//3752
f 4169//4169 3752//3752 3753//3753
f 4170//4170 4169//4169 3753//3753
f 4170//4170 3753//3753 3754//3754
f 4171//4171 4170//4170 3754//3754
f 4171//4171 3754//3754 3755//3755
f 4172//4172 4171//4171 3755//3755
f 4173//4173 3755//3755 3756//3756
f 4173//4173 4172//4172 3755//3755
f 4174//4174 3756//3756 3757//3757
f 4174//4174 3757//3757 3758//3758
f 4174//4174 4173//4173 3756//3756
f 4175//4175 3758//3758 3759//3759
f 4175//4175 4174//4174 3758//3758
f 4176//4176 3759//3759 3760//3760
f 4176//4176 4175//4175 3759//3759
f 4177//4177 4176//4176 3760//3760
f 4178//4178 3760//3760 3761//3761
f 4178//4178 4177//4177 3760//3760
f 4179//4179 3761//3761 3762//3762
f 4179//4179 4178//4178 3761//3761
f 4180//4180 3762//3762 3763//3763
f 4180//4180 4179//4179 3762//3762
f 4181//4181 3763//3763 3764//3764
f 4181//4181 4180//4180 3763//3763
f 4182//4182 3764//3764 3765//3765
f 4182//4182 4181//4181 3764//3764
f 4183//4183 3765//3765 3766//3766
f 4183//4183 4182//4182 3765//3765
f 4184//4184 3766//3766 3767//3767
f 4184//4184 4183//4183 3766//3766
f 4185//4185 4184//4184 3767//3767
f 4185//4185 3767//3767 3706//3706
f 4186//4186 3706//3706 3707//3707
f 4186//4186 4185//4185 3706//3706
f 4187//4187 3707//3707 3708//3708
f 4187//4187 4186//4186 3707//3707
f 4188//4188 3708//3708 3709//3709
f 4188//4188 4187//4187 3708//3708
f 4189//4189 3709//3709 3710//3710
f 4189//4189 4188//4188 3709//3709
f 4190//4190 3710//3710 3711//3711
f 4190//4190 4189//4189 3710//3710
f 4191//4191 3711//3711 3712//3712
f 4191//4191 4190//4190 3711//3711
f 4192//4192 3712//3712 3713//3713
f 4192//4192 4191//4191 3712//3712
f 4193//4193 3713//3713 3714//3714
f 4193//4193 4192//4192 3713//3713
f 4194//4194 3714//3714 3715//3715
f 4194//4194 4193//4193 3714//3714
f 4195//4195 3715//3715 3716//3716
f 4195//4195 4194//4194 3715//3715
f 4196//4196 3716//3716 3717//3717
f 4196//4196 4195//4195 3716//3716
f 4197//4197 3717//3717 3718//3718
f 4197//4197 4196//4196 3717//3717
f 4198//4198 3718//3718 3719//3719
f 4198//4198 4197//4197 3718//3718
f 4199//4199 3719//3719 3720//3720
f 4199//4199 4198//4198 3719//3719
f 4200//4200 4199//4199 3720//3720
f 4201//4201 3720//3720 3721//3721
f 4201//4201 4200//4200 3720//3720
f 4202//4202 3721//3721 3722//3722
f 4202//4202 4201//4201 3721//3721
f 4203//4203 3722//3722 3723//3723
f 4203//4203 4202//4202 3722//3722
f 4204//4204 3723//3723 3724//3724
f 4204//4204 4203//4203 3723//3723
f 4205//4205 3724//3724 3725//3725
f 4205//4205 4204//4204 3724//3724
f 4206//4206 4205//4205 3725//3725
f 4209//4209 3727//3727 3728//3728
f 4210//4210 3728//3728 3729//3729
f 4210//4210 4209//4209 3728//3728
f 4211//4211 3729//3729 3730//3730
f 4211//4211 4210//4210 3729//3729
f 4212//4212 4211//4211 3730//3730
f 4212//4212 3730//3730 3731//3731
f 4213//4213 4212//4212 3731//3731
f 4213//4213 3731//3731 3732//3732
f 4214//4214 3940//3940 3953//3953
f 4214//4214 3939//3939 3940//3940
f 4214//4214 3952//3952 3939//3939
f 4214//4214 3953//3953 3952//3952
f 4215//4215 3917//3917 3918//3918
f 4215//4215 3977//3977 3917//3917
f 4215//4215 3918//3918 3979//3979
f 4215//4215 3978//3978 3977//3977
f 4215//4215 3979//3979 3978//3978
f 4216//4216 4017//4017 4016//4016
f 4216//4216 4016//4016 3885//3885
f 4216//4216 3885//3885 3886//3886
f 4217//4217 4018//4018 4017//4017
f 4217//4217 4017//4017 4216//4216
f 4217//4217 4216//4216 3886//3886
f 4217//4217 3887//3887 4018//4018
f 4217//4217 3886//3886 3887//3887
f 4218//4218 4117//4117 4116//4116
f 4218//4218 4116//4116 3771//3771
f 4218//4218 3772//3772 4117//4117
f 4218//4218 3771//3771 3772//3772
f 4219//4219 3725//3725 3726//3726
f 4219//4219 4206//4206 3725//3725
f 4219//4219 4207//4207 4206//4206
f 4220//4220 3726//3726 3727//3727
f 4220//4220 4207//4207 4219//4219
f 4220//4220 4219//4219 3726//3726
f 4220//4220 4208//4208 4207//4207
f 4220//4220 4209//4209 4208//4208
f 4220//4220 3727//3727 4209//4209
f 4511//4511 4250//4250 4251//4251
f 4512//4512 4511//4511 4251//4251
f 4512//4512 4251//4251 4252//4252
f 4513//4513 4512//4512 4252//4252
f 4513//4513 4252//4252 4253//4253
f 4514//4514 4513//4513 4253//4253
f 4514//4514 4253//4253 4254//4254
f 4515//4515 4514//4514 4254//4254
f 4515//4515 4254//4254 4255//4255
f 4516//4516 4515//4515 4255//4255
f 4517//4517 4255//4255 4256//4256
f 4517//4517 4516//4516 4255//4255
f 4518//4518 4256//4256 4257//4257
f 4518//4518 4517//4517 4256//4256
f 4519//4519 4257//4257 4258//4258
f 4519//4519 4518//4518 4257//4257
f 4520//4520 4258//4258 4259//4259
f 4520//4520 4519//4519 4258//4258
f 4521//4521 4259//4259 4260//4260
f 4521//4521 4520//4520 4259//4259
f 4522//4522 4260//4260 4261//4261
f 4522//4522 4261//4261 4262//4262
f 4522//4522 4521//4521 4260//4260
f 4523//4523 4262//4262 4263//4263
f 4523//4523 4522//4522 4262//4262
f 4524//4524 4523//4523 4263//4263
f 4525//4525 4263//4263 4264//4264
f 4525//4525 4524//4524 4263//4263
f 4526//4526 4264//4264 4265//4265
f 4526//4526 4525//4525 4264//4264
f 4527//4527 4265//4265 4266//4266
f 4527//4527 4526//4526 4265//4265
f 4528//4528 4266//4266 4267//4267
f 4528//4528 4527//4527 4266//4266
f 4529//4529 4267//4267 4268//4268
f 4529//4529 4528//4528 4267//4267
f 4530//4530 4268//4268 4269//4269
f 4530//4530 4269//4269 4270//4270
f 4530//4530 4529//4529 4268//4268
f 4531//4531 4530//4530 4270//4270
f 4532//4532 4270//4270 4271//4271
f 4532//4532 4531//4531 4270//4270
f 4533//4533 4271//4271 4272//4272
f 4533//4533 4532//4532 4271//4271
f 4534//4534 4272//4272 4273//4273
f 4534//4534 4533//4533 4272//4272
f 4535//4535 4534//4534 4273//4273
f 4535//4535 4273//4273 4274//4274
f 4537//4537 4536//4536 4276//4276
f 4537//4537 4276//4276 4277//4277
f 4538//4538 4537//4537 4277//4277
f 4538//4538 4277//4277 4278//4278
f 4539//4539 4538//4538 4278//4278
f 4539//4539 4278//4278 4279//4279
f 4540//4540 4539//4539 4279//4279
f 4540//4540 4279//4279 4280//4280
f 4540//4540 4280//4280 4281//4281
f 4541//4541 4540//4540 4281//4281
f 4541//4541 4281//4281 4282//4282
f 4542//4542 4541//4541 4282//4282
f 4542//4542 4282//4282 4283//4283
f 4543//4543 4542//4542 4283//4283
f 4543//4543 4283//4283 4284//4284
f 4544//4544 4543//4543 4284//4284
f 4544//4544 4284//4284 4285//4285
f 4545//4545 4544//4544 4285//4285
f 4545//4545 4285//4285 4286//4286
f 4546//4546 4545//4545 4286//4286
f 4546//4546 4286//4286 4287//4287
f 4547//4547 4546//4546 4287//4287
f 4547//4547 4287//4287 4288//4288
f 4547//4547 4288//4288 4289//4289
f 4548//4548 4547//4547 4289//4289
f 4548//4548 4289//4289 4290//4290
f 4549//4549 4548//4548 4290//4290
f 4549//4549 4290//4290 4291//4291
f 4550//4550 4291//4291 4292//4292
f 4550//4550 4549//4549 4291//4291
f 4551//4551 4292//4292 4293//4293
f 4551//4551 4550//4550 4292//4292
f 4552//4552 4293//4293 4294//4294
f 4552//4552 4294//4294 4295//4295
f 4552//4552 4551//4551 4293//4293
f 4553//4553 4552//4552 4295//4295
f 4554//4554 4295//4295 4296//4296
f 4554//4554 4296//4296 4297//4297
f 4554//4554 4553//4553 4295//4295
f 4555//4555 4297//4297 4298//4298
f 4555//4555 4554//4554 4297//4297
f 4556//4556 4298//4298 4299//4299
f 4556//4556 4555//4555 4298//4298
f 4557//4557 4556//4556 4299//4299
f 4557//4557 4299//4299 4300//4300
f 4558//4558 4557//4557 4300//4300
f 4558//4558 4300//4300 4301//4301
f 4559//4559 4558//4558 4301//4301
f 4559//4559 4301//4301 4302//4302
f 4560//4560 4559//4559 4302//4302
f 4561//4561 4560//4560 4302//4302
f 4561//4561 4302//4302 4303//4303
f 4562//4562 4561//4561 4303//4303
f 4562//4562 4303//4303 4304//4304
f 4562//4562 4304//4304 4305//4305
f 4563//4563 4562//4562 4305//4305
f 4564//4564 4563//4563 4305//4305
f 4564//4564 4305//4305 4306//4306
f 4565//4565 4564//4564 4306//4306
f 4565//4565 4306//4306 4307//4307
f 4566//4566 4565//4565 4307//4307
f 4566//4566 4307//4307 4308//4308
f 4567//4567 4566//4566 4308//4308
f 4567//4567 4308//4308 4309//4309
f 4568//4568 4567//4567 4309//4309
f 4568//4568 4309//4309 4310//4310
f 4569//4569 4568//4568 4310//4310
f 4569//4569 4310//4310 4311//4311
f 4570//4570 4569//4569 4311//4311
f 4570//4570 4311//4311 4312//4312
f 4571//4571 4570//4570 4312//4312
f 4571//4571 4312//4312 4313//4313
f 4573//4573 4315//4315 4316//4316
f 4574//4574 4573//4573 4316//4316
f 4574//4574 4316//4316 4317//4317
f 4575//4575 4574//4574 4317//4317
f 4575//4575 4317//4317 4318//4318
f 4576//4576 4575//4575 4318//4318
f 4576//4576 4318//4318 4319//4319
f 4577//4577 4576//4576 4319//4319
f 4577//4577 4319//4319 4320//4320
f 4578//4578 4577//4577 4320//4320
f 4578//4578 4320//4320 4321//4321
f 4578//4578 4321//4321 4322//4322
f 4579//4579 4322//4322 4323//4323
f 4579//4579 4578//4578 4322//4322
f 4580//4580 4323//4323 4324//4324
f 4580//4580 4579//4579 4323//4323
f 4581//4581 4324//4324 4325//4325
f 4581//4581 4580//4580 4324//4324
f 4582//4582 4581//4581 4325//4325
f 4582//4582 4325//4325 4326//4326
f 4583//4583 4326//4326 4327//4327
f 4583//4583 4582//4582 4326//4326
f 4584//4584 4327//4327 4328//4328
f 4584//4584 4583//4583 4327//4327
f 4585//4585 4328//4328 4329//4329
f 4585//4585 4584//4584 4328//4328
f 4586//4586 4329//4329 4330//4330
f 4586//4586 4585//4585 4329//4329
f 4587//4587 4330//4330 4331//4331
f 4587//4587 4586//4586 4330//4330
f 4588//4588 4331//4331 4332//4332
f 4588//4588 4587//4587 4331//4331
f 4589//4589 4332//4332 4333//4333
f 4589//4589 4588//4588 4332//4332
f 4590//4590 4333//4333 4334//4334
f 4590//4590 4589//4589 4333//4333
f 4591//4591 4334//4334 4335//4335
f 4591//4591 4590//4590 4334//4334
f 4592//4592 4591//4591 4335//4335
f 4593//4593 4335//4335 4336//4336
f 4593//4593 4592//4592 4335//4335
f 4594//4594 4336//4336 4337//4337
f 4594//4594 4593//4593 4336//4336
f 4595//4595 4337//4337 4338//4338
f 4595//4595 4594//4594 4337//4337
f 4596//4596 4595//4595 4338//4338
f 4597//4597 4338//4338 4339//4339
f 4597//4597 4596//4596 4338//4338
f 4598//4598 4339//4339 4340//4340
f 4598//4598 4597//4597 4339//4339
f 4599//4599 4340//4340 4341//4341
f 4599//4599 4598//4598 4340//4340
f 4600//4600 4341//4341 4342//4342
f 4600//4600 4599//4599 4341//4341
f 4601//4601 4342//4342 4343//4343
f 4601//4601 4600//4600 4342//4342
f 4602//4602 4343//4343 4344//4344
f 4602//4602 4601//4601 4343//4343
f 4603//4603 4344//4344 4345//4345
f 4603//4603 4602//4602 4344//4344
f 4604//4604 4345//4345 4346//4346
f 4604//4604 4346//4346 4347//4347
f 4604//4604 4603//4603 4345//4345
f 4605//4605 4347//4347 4348//4348
f 4605//4605 4604//4604 4347//4347
f 4606//4606 4348//4348 4349//4349
f 4606//4606 4349//4349 4350//4350
f 4606//4606 4605//4605 4348//4348
f 4607//4607 4350//4350 4351//4351
f 4607//4607 4606//4606 4350//4350
f 4608//4608 4607//4607 4351//4351
f 4608//4608 4351//4351 4352//4352
f 4609//4609 4608//4608 4352//4352
f 4609//4609 4352//4352 4353//4353
f 4610//4610 4609//4609 4353//4353
f 4610//4610 4353//4353 4354//4354
f 4611//4611 4610//4610 4354//4354
f 4611//4611 4354//4354 4355//4355
f 4611//4611 4355//4355 4356//4356
f 4612//4612 4611//4611 4356//4356
f 4612//4612 4356//4356 4357//4357
f 4613//4613 4612//4612 4357//4357
f 4613//4613 4357//4357 4358//4358
f 4614//4614 4613//4613 4358//4358
f 4614//4614 4358//4358 4359//4359
f 4615//4615 4614//4614 4359//4359
f 4615//4615 4359//4359 4360//4360
f 4616//4616 4360//4360 4361//4361
f 4616//4616 4615//4615 4360//4360
f 4617//4617 4361//4361 4362//4362
f 4617//4617 4616//4616 4361//4361
f 4618//4618 4362//4362 4363//4363
f 4618//4618 4617//4617 4362//4362
f 4619//4619 4363//4363 4364//4364
f 4619//4619 4364//4364 4365//4365
f 4619//4619 4618//4618 4363//4363
f 4620//4620 4619//4619 4365//4365
f 4621//4621 4365//4365 4366//4366
f 4621//4621 4620//4620 4365//4365
f 4622//4622 4366//4366 4367//4367
f 4622//4622 4621//4621 4366//4366
f 4623//4623 4367//4367 4368//4368
f 4623//4623 4622//4622 4367//4367
f 4624//4624 4368//4368 4369//4369
f 4624//4624 4623//4623 4368//4368
f 4625//4625 4369//4369 4370//4370
f 4625//4625 4624//4624 4369//4369
f 4626//4626 4370//4370 4371//4371
f 4626//4626 4371//4371 4372//4372
f 4626//4626 4625//4625 4370//4370
f 4627//4627 4372//4372 4373//4373
f 4627//4627 4626//4626 4372//4372
f 4628//4628 4627//4627 4373//4373
f 4629//4629 4373//4373 4374//4374
f 4629//4629 4628//4628 4373//4373
f 4630//4630 4374//4374 4375//4375
f 4630//4630 4629//4629 4374//4374
f 4631//4631 4375//4375 4376//4376
f 4631//4631 4630//4630 4375//4375
f 4632//4632 4631//4631 4376//4376
f 4632//4632 4376//4376 4377//4377
f 4633//4633 4632//4632 4377//4377
f 4633//4633 4377//4377 4378//4378
f 4633//4633 4378//4378 4379//4379
f 4634//4634 4633//4633 4379//4379
f 4634//4634 4379//4379 4380//4380
f 4635//4635 4634//4634 4380//4380
f 4635//4635 4380//4380 4381//4381
f 4636//4636 4635//4635 4381//4381
f 4637//4637 4636//4636 4381//4381
f 4637//4637 4381//4381 4382//4382
f 4638//4638 4637//4637 4382//4382
f 4638//4638 4382//4382 4383//4383
f 4639//4639 4638//4638 4383//4383
f 4639//4639 4383//4383 4384//4384
f 4639//4639 4384//4384 4385//4385
f 4640//4640 4639//4639 4385//4385
f 4640//4640 4385//4385 4386//4386
f 4641//4641 4640//4640 4386//4386
f 4641//4641 4386//4386 4387//4387
f 4642//4642 4641//4641 4387//4387
f 4642//4642 4387//4387 4388//4388
f 4643//4643 4642//4642 4388//4388
f 4643//4643 4388//4388 4389//4389
f 4644//4644 4643//4643 4389//4389
f 4644//4644 4389//4389 4390//4390
f 4645//4645 4644//4644 4390//4390
f 4645//4645 4390//4390 4391//4391
f 4646//4646 4645//4645 4391//4391
f 4646//4646 4391//4391 4392//4392
f 4647//4647 4646//4646 4392//4392
f 4647//4647 4392//4392 4393//4393
f 4648//4648 4647//4647 4393//4393
f 4648//4648 4393//4393 4394//4394
f 4648//4648 4394//4394 4395//4395
f 4649//4649 4648//4648 4395//4395
f 4650//4650 4395//4395 4396//4396
f 4650//4650 4649//4649 4395//4395
f 4651//4651 4396//4396 4397//4397
f 4651//4651 4397//4397 4398//4398
f 4651//4651 4650//4650 4396//4396
f 4652//4652 4398//4398 4399//4399
f 4652//4652 4651//4651 4398//4398
f 4653//4653 4399//4399 4400//4400
f 4653//4653 4652//4652 4399//4399
f 4654//4654 4400//4400 4401//4401
f 4654//4654 4653//4653 4400//4400
f 4655//4655 4401//4401 4402//4402
f 4655//4655 4402//4402 4403//4403
f 4655//4655 4654//4654 4401//4401
f 4656//4656 4655//4655 4403//4403
f 4656//4656 4403//4403 4404//4404
f 4657//4657 4656//4656 4404//4404
f 4657//4657 4404//4404 4405//4405
f 4658//4658 4657//4657 4405//4405
f 4658//4658 4405//4405 4406//4406
f 4659//4659 4658//4658 4406//4406
f 4659//4659 4406//4406 4407//4407
f 4660//4660 4659//4659 4407//4407
f 4660//4660 4407//4407 4408//4408
f 4661//4661 4660//4660 4408//4408
f 4661//4661 4408//4408 4409//4409
f 4662//4662 4661//4661 4409//4409
f 4662//4662 4409//4409 4410//4410
f 4663//4663 4662//4662 4410//4410
f 4663//4663 4410//4410 4411//4411
f 4663//4663 4411//4411 4412//4412
f 4664//4664 4663//4663 4412//4412
f 4664//4664 4412//4412 4413//4413
f 4665//4665 4414//4414 4415//4415
f 4666//4666 4665//4665 4415//4415
f 4666//4666 4415//4415 4416//4416
f 4667//4667 4666//4666 4416//4416
f 4667//4667 4416//4416 4417//4417
f 4668//4668 4667//4667 4417//4417
f 4668//4668 4417//4417 4418//4418
f 4669//4669 4668//4668 4418//4418
f 4669//4669 4418//4418 4419//4419
f 4670//4670 4669//4669 4419//4419
f 4670//4670 4419//4419 4420//4420
f 4671//4671 4670//4670 4420//4420
f 4671//4671 4420//4420 4421//4421
f 4672//4672 4671//4671 4421//4421
f 4672//4672 4421//4421 4422//4422
f 4673//4673 4672//4672 4422//4422
f 4673//4673 4422//4422 4423//4423
f 4674//4674 4423//4423 4424//4424
f 4674//4674 4673//4673 4423//4423
f 4675//4675 4424//4424 4425//4425
f 4675//4675 4674//4674 4424//4424
f 4676//4676 4425//4425 4426//4426
f 4676//4676 4675//4675 4425//4425
f 4677//4677 4426//4426 4427//4427
f 4677//4677 4676//4676 4426//4426
f 4678//4678 4427//4427 4428//4428
f 4678//4678 4677//4677 4427//4427
f 4679//4679 4428//4428 4429//4429
f 4679//4679 4678//4678 4428//4428
f 4680//4680 4429//4429 4430//4430
f 4680//4680 4679//4679 4429//4429
f 4681//4681 4680//4680 4430//4430
f 4681//4681 4430//4430 4431//4431
f 4682//4682 4431//4431 4432//4432
f 4682//4682 4681//4681 4431//4431
f 4683//4683 4432//4432 4433//4433
f 4683//4683 4682//4682 4432//4432
f 4684//4684 4433//4433 4434//4434
f 4684//4684 4434//4434 4435//4435
f 4684//4684 4683//4683 4433//4433
f 4685//4685 4435//4435 4436//4436
f 4685//4685 4684//4684 4435//4435
f 4686//4686 4685//4685 4436//4436
f 4687//4687 4436//4436 4437//4437
f 4687//4687 4686//4686 4436//4436
f 4688//4688 4437//4437 4438//4438
f 4688//4688 4438//4438 4439//4439
f 4688//4688 4687//4687 4437//4437
f 4689//4689 4439//4439 4440//4440
f 4689//4689 4688//4688 4439//4439
f 4690//4690 4440//4440 4441//4441
f 4690//4690 4689//4689 4440//4440
f 4691//4691 4441//4441 4442//4442
f 4691//4691 4690//4690 4441//4441
f 4692//4692 4442//4442 4443//4443
f 4692//4692 4691//4691 4442//4442
f 4693//4693 4443//4443 4444//4444
f 4693//4693 4692//4692 4443//4443
f 4694//4694 4444//4444 4445//4445
f 4694//4694 4693//4693 4444//4444
f 4695//4695 4445//4445 4446//4446
f 4695//4695 4694//4694 4445//4445
f 4696//4696 4446//4446 4447//4447
f 4696//4696 4447//4447 4448//4448
f 4696//4696 4695//4695 4446//4446
f 4697//4697 4696//4696 4448//4448
f 4698//4698 4448//4448 4449//4449
f 4698//4698 4697//4697 4448//4448
f 4699//4699 4449//4449 4450//4450
f 4699//4699 4698//4698 4449//4449
f 4700//4700 4450//4450 4451//4451
f 4700//4700 4699//4699 4450//4450
f 4701//4701 4451//4451 4452//4452
f 4701//4701 4700//4700 4451//4451
f 4702//4702 4452//4452 4453//4453
f 4702//4702 4701//4701 4452//4452
f 4703//4703 4453//4453 4454//4454
f 4703//4703 4454//4454 4455//4455
f 4703//4703 4702//4702 4453//4453
f 4704//4704 4455//4455 4456//4456
f 4704//4704 4703//4703 4455//4455
f 4705//4705 4704//4704 4456//4456
f 4705//4705 4456//4456 4457//4457
f 4706//4706 4705//4705 4457//4457
f 4706//4706 4457//4457 4458//4458
f 4707//4707 4706//4706 4458//4458
f 4707//4707 4458//4458 4459//4459
f 4708//4708 4707//4707 4459//4459
f 4708//4708 4459//4459 4460//4460
f 4709//4709 4708//4708 4460//4460
f 4709//4709 4460//4460 4461//4461
f 4710//4710 4709//4709 4461//4461
f 4710//4710 4461//4461 4462//4462
f 4711//4711 4710//4710 4462//4462
f 4711//4711 4462//4462 4463//4463
f 4711//4711 4463//4463 4464//4464
f 4712//4712 4711//4711 4464//4464
f 4712//4712 4464//4464 4465//4465
f 4713//4713 4712//4712 4465//4465
f 4713//4713 4465//4465 4466//4466
f 4714//4714 4466//4466 4467//4467
f 4714//4714 4713//4713 4466//4466
f 4715//4715 4467//4467 4468//4468
f 4715//4715 4714//4714 4467//4467
f 4716//4716 4468//4468 4469//4469
f 4716//4716 4469//4469 4470//4470
f 4716//4716 4715//4715 4468//4468
f 4717//4717 4716//4716 4470//4470
f 4717//4717 4470//4470 4471//4471
f 4718//4718 4717//4717 4471//4471
f 4719//4719 4471//4471 4472//4472
f 4719//4719 4718//4718 4471//4471
f 4720//4720 4472//4472 4473//4473
f 4720//4720 4719//4719 4472//4472
f 4721//4721 4473//4473 4474//4474
f 4721//4721 4474//4474 4475//4475
f 4721//4721 4720//4720 4473//4473
f 4722//4722 4475//4475 4476//4476
f 4722//4722 4721//4721 4475//4475
f 4723//4723 4476//4476 4477//4477
f 4723//4723 4722//4722 4476//4476
f 4724//4724 4477//4477 4478//4478
f 4724//4724 4723//4723 4477//4477
f 4725//4725 4478//4478 4479//4479
f 4725//4725 4724//4724 4478//4478
f 4726//4726 4479//4479 4480//4480
f 4726//4726 4725//4725 4479//4479
f 4727//4727 4480//4480 4481//4481
f 4727//4727 4726//4726 4480//4480
f 4728//4728 4727//4727 4481//4481
f 4728//4728 4481//4481 4482//4482
f 4221//4221 4728//4728 4482//4482
f 4221//4221 4482//4482 4483//4483
f 4222//4222 4221//4221 4483//4483
f 4222//4222 4483//4483 4484//4484
f 4223//4223 4222//4222 4484//4484
f 4223//4223 4484//4484 4485//4485
f 4224//4224 4223//4223 4485//4485
f 4224//4224 4485//4485 4486//4486
f 4225//4225 4224//4224 4486//4486
f 4225//4225 4486//4486 4487//4487
f 4226//4226 4225//4225 4487//4487
f 4226//4226 4487//4487 4488//4488
f 4227//4227 4226//4226 4488//4488
f 4227//4227 4488//4488 4489//4489
f 4228//4228 4227//4227 4489//4489
f 4228//4228 4489//4489 4490//4490
f 4229//4229 4228//4228 4490//4490
f 4229//4229 4490//4490 4491//4491
f 4230//4230 4229//4229 4491//4491
f 4230//4230 4491//4491 4492//4492
f 4231//4231 4230//4230 4492//4492
f 4231//4231 4492//4492 4493//4493
f 4232//4232 4231//4231 4493//4493
f 4232//4232 4493//4493 4494//4494
f 4233//4233 4232//4232 4494//4494
f 4233//4233 4494//4494 4495//4495
f 4234//4234 4233//4233 4495//4495
f 4234//4234 4495//4495 4496//4496
f 4235//4235 4234//4234 4496//4496
f 4235//4235 4496//4496 4497//4497
f 4235//4235 4497//4497 4498//4498
f 4236//4236 4235//4235 4498//4498
f 4236//4236 4498//4498 4499//4499
f 4237//4237 4236//4236 4499//4499
f 4237//4237 4499//4499 4500//4500
f 4238//4238 4237//4237 4500//4500
f 4238//4238 4500//4500 4501//4501
f 4239//4239 4501//4501 4502//4502
f 4239//4239 4238//4238 4501//4501
f 4240//4240 4502//4502 4503//4503
f 4240//4240 4239//4239 4502//4502
f 4243//4243 4506//4506 4507//4507
f 4243//4243 4242//4242 4506//4506
f 4244//4244 4507//4507 4508//4508
f 4244//4244 4243//4243 4507//4507
f 4245//4245 4244//4244 4508//4508
f 4245//4245 4508//4508 4509//4509
f 4246//4246 4245//4245 4509//4509
f 4246//4246 4509//4509 4248//4248
f 4247//4247 4246//4246 4248//4248
f 4729//4729 4250//4250 4511//4511
f 4729//4729 4249//4249 4250//4250
f 4729//4729 4510//4510 4249//4249
f 4729//4729 4511//4511 4510//4510
f 4730//4730 4536//4536 4535//4535
f 4730//4730 4535//4535 4274//4274
f 4730//4730 4276//4276 4536//4536
f 4730//4730 4274//4274 4275//4275
f 4730//4730 4275//4275 4276//4276
f 4731//4731 4572//4572 4571//4571
f 4731//4731 4571//4571 4313//4313
f 4731//4731 4313//4313 4314//4314
f 4732//4732 4572//4572 4731//4731
f 4732//4732 4573//4573 4572//4572
f 4732//4732 4731//4731 4314//4314
f 4732//4732 4315//4315 4573//4573
f 4732//4732 4314//4314 4315//4315
f 4733//4733 4665//4665 4664//4664
f 4733//4733 4664//4664 4413//4413
f 4733//4733 4414//4414 4665//4665
f 4733//4733 4413//4413 4414//4414
f 4734//4734 4241//4241 4240//4240
f 4734//4734 4503//4503 4504//4504
f 4734//4734 4240//4240 4503//4503
f 4735//4735 4734//4734 4504//4504
f 4735//4735 4241//4241 4734//4734
f 4735//4735 4242//4242 4241//4241
f 4735//4735 4504//4504 4505//4505
f 4735//4735 4505//4505 4506//4506
f 4735//4735 4506//4506 4242//4242
f 5015//5015 4762//4762 4763//4763
f 5016//5016 4763//4763 4764//4764
f 5016//5016 5015//5015 4763//4763
f 5017//5017 4764//4764 4765//4765
f 5017//5017 5016//5016 4764//4764
f 5018//5018 4765//4765 4766//4766
f 5018//5018 5017//5017 4765//4765
f 5019//5019 4766//4766 4767//4767
f 5019//5019 5018//5018 4766//4766
f 5020//5020 5019//5019 4767//4767
f 5021//5021 4767//4767 4768//4768
f 5021//5021 5020//5020 4767//4767
f 5022//5022 4768//4768 4769//4769
f 5022//5022 5021//5021 4768//4768
f 5023//5023 4769//4769 4770//4770
f 5023//5023 5022//5022 4769//4769
f 5024//5024 4770//4770 4771//4771
f 5024//5024 5023//5023 4770//4770
f 5025//5025 4771//4771 4772//4772
f 5025//5025 5024//5024 4771//4771
f 5026//5026 4772//4772 4773//4773
f 5026//5026 5025//5025 4772//4772
f 5027//5027 4773//4773 4774//4774
f 5027//5027 5026//5026 4773//4773
f 5028//5028 4774//4774 4775//4775
f 5028//5028 4775//4775 4776//4776
f 5028//5028 5027//5027 4774//4774
f 5029//5029 4776//4776 4777//4777
f 5029//5029 5028//5028 4776//4776
f 5030//5030 4777//4777 4778//4778
f 5030//5030 5029//5029 4777//4777
f 5031//5031 4778//4778 4779//4779
f 5031//5031 5030//5030 4778//4778
f 5032//5032 4779//4779 4780//4780
f 5032//5032 5031//5031 4779//4779
f 5033//5033 4780//4780 4781//4781
f 5033//5033 5032//5032 4780//4780
f 5034//5034 5033//5033 4781//4781
f 5035//5035 5034//5034 4781//4781
f 5035//5035 4781//4781 4782//4782
f 5035//5035 4782//4782 4783//4783
f 5036//5036 5035//5035 4783//4783
f 5036//5036 4783//4783 4784//4784
f 5037//5037 5036//5036 4784//4784
f 5037//5037 4784//4784 4785//4785
f 5038//5038 5037//5037 4785//4785
f 5038//5038 4785//4785 4786//4786
f 5039//5039 5038//5038 4786//4786
f 5039//5039 4786//4786 4787//4787
f 5039//5039 4787//4787 4788//4788
f 5040//5040 5039//5039 4788//4788
f 5040//5040 4788//4788 4789//4789
f 5040//5040 4789//4789 4790//4790
f 5041//5041 5040//5040 4790//4790
f 5041//5041 4790//4790 4791//4791
f 5042//5042 5041//5041 4791//4791
f 5042//5042 4791//4791 4792//4792
f 5042//5042 4792//4792 4793//4793
f 5043//5043 5042//5042 4793//4793
f 5043//5043 4793//4793 4794//4794
f 5044//5044 5043//5043 4794//4794
f 5044//5044 4794//4794 4795//4795
f 5045//5045 5044//5044 4795//4795
f 5045//5045 4795//4795 4796//4796
f 5045//5045 4796//4796 4797//4797
f 5046//5046 5045//5045 4797//4797
f 5047//5047 4799//4799 4800//4800
f 5048//5048 4800//4800 4801//4801
f 5048//5048 5047//5047 4800//4800
f 5049//5049 4801//4801 4802//4802
f 5049//5049 5048//5048 4801//4801
f 5050//5050 4802//4802 4803//4803
f 5050//5050 4803//4803 4804//4804
f 5050//5050 5049//5049 4802//4802
f 5051//5051 5050//5050 4804//4804
f 5051//5051 4804//4804 4805//4805
f 5052//5052 4805//4805 4806//4806
f 5052//5052 5051//5051 4805//4805
f 5053//5053 4806//4806 4807//4807
f 5053//5053 5052//5052 4806//4806
f 5054//5054 4807//4807 4808//4808
f 5054//5054 5053//5053 4807//4807
f 5055//5055 4808//4808 4809//4809
f 5055//5055 5054//5054 4808//4808
f 5056//5056 5055//5055 4809//4809
f 5056//5056 4809//4809 4810//4810
f 5057//5057 5056//5056 4810//4810
f 5057//5057 4810//4810 4811//4811
f 5058//5058 5057//5057 4811//4811
f 5058//5058 4811//4811 4812//4812
f 5059//5059 5058//5058 4812//4812
f 5059//5059 4812//4812 4813//4813
f 5059//5059 4813//4813 4814//4814
f 5060//5060 5059//5059 4814//4814
f 5060//5060 4814//4814 4815//4815
f 5061//5061 5060//5060 4815//4815
f 5061//5061 4815//4815 4816//4816
f 5061//5061 4816//4816 4817//4817
f 5062//5062 5061//5061 4817//4817
f 5062//5062 4817//4817 4818//4818
f 5063//5063 5062//5062 4818//4818
f 5063//5063 4818//4818 4819//4819
f 5064//5064 5063//5063 4819//4819
f 5065//5065 5064//5064 4819//4819
f 5065//5065 4819//4819 4820//4820
f 5066//5066 5065//5065 4820//4820
f 5066//5066 4820//4820 4821//4821
f 5066//5066 4821//4821 4822//4822
f 5067//5067 5066//5066 4822//4822
f 5067//5067 4822//4822 4823//4823
f 5068//5068 5067//5067 4823//4823
f 5068//5068 4823//4823 4824//4824
f 5068//5068 4824//4824 4825//4825
f 5069//5069 5068//5068 4825//4825
f 5069//5069 4825//4825 4826//4826
f 5070//5070 5069//5069 4826//4826
f 5070//5070 4826//4826 4827//4827
f 5071//5071 5070//5070 4827//4827
f 5071//5071 4827//4827 4828//4828
f 5072//5072 5071//5071 4828//4828
f 5073//5073 5072//5072 4828//4828
f 5073//5073 4828//4828 4829//4829
f 5074//5074 5073//5073 4829//4829
f 5074//5074 4829//4829 4830//4830
f 5075//5075 5074//5074 4830//4830
f 5077//5077 4833//4833 4834//4834
f 5078//5078 5077//5077 4834//4834
f 5078//5078 4834//4834 4835//4835
f 5079//5079 5078//5078 4835//4835
f 5079//5079 4835//4835 4836//4836
f 5080//5080 5079//5079 4836//4836
f 5080//5080 4836//4836 4837//4837
f 5081//5081 5080//5080 4837//4837
f 5081//5081 4837//4837 4838//4838
f 5082//5082 4838//4838 4839//4839
f 5082//5082 5081//5081 4838//4838
f 5083//5083 4839//4839 4840//4840
f 5083//5083 5082//5082 4839//4839
f 5084//5084 4840//4840 4841//4841
f 5084//5084 5083//5083 4840//4840
f 5085//5085 4841//4841 4842//4842
f 5085//5085 5084//5084 4841//4841
f 5086//5086 4842//4842 4843//4843
f 5086//5086 5085//5085 4842//4842
f 5087//5087 4843//4843 4844//4844
f 5087//5087 5086//5086 4843//4843
f 5088//5088 4844//4844 4845//4845
f 5088//5088 5087//5087 4844//4844
f 5089//5089 4845//4845 4846//4846
f 5089//5089 5088//5088 4845//4845
f 5090//5090 4846//4846 4847//4847
f 5090//5090 5089//5089 4846//4846
f 5091//5091 4847//4847 4848//4848
f 5091//5091 5090//5090 4847//4847
f 5092//5092 4848//4848 4849//4849
f 5092//5092 4849//4849 4850//4850
f 5092//5092 5091//5091 4848//4848
f 5093//5093 4850//4850 4851//4851
f 5093//5093 5092//5092 4850//4850
f 5094//5094 4851//4851 4852//4852
f 5094//5094 5093//5093 4851//4851
f 5095//5095 4852//4852 4853//4853
f 5095//5095 5094//5094 4852//4852
f 5096//5096 4853//4853 4854//4854
f 5096//5096 5095//5095 4853//4853
f 5097//5097 4854//4854 4855//4855
f 5097//5097 4855//4855 4856//4856
f 5097//5097 5096//5096 4854//4854
f 5098//5098 4856//4856 4857//4857
f 5098//5098 5097//5097 4856//4856
f 5099//5099 5098//5098 4857//4857
f 5100//5100 4857//4857 4858//4858
f 5100//5100 5099//5099 4857//4857
f 5101//5101 4858//4858 4859//4859
f 5101//5101 5100//5100 4858//4858
f 5102//5102 4859//4859 4860//4860
f 5102//5102 5101//5101 4859//4859
f 5103//5103 4860//4860 4861//4861
f 5103//5103 5102//5102 4860//4860
f 5104//5104 4861//4861 4862//4862
f 5104//5104 4862//4862 4863//4863
f 5104//5104 5103//5103 4861//4861
f 5105//5105 5104//5104 4863//4863
f 5106//5106 4865//4865 4866//4866
f 5107//5107 5106//5106 4866//4866
f 5107//5107 4866//4866 4867//4867
f 5108//5108 5107//5107 4867//4867
f 5108//5108 4867//4867 4868//4868
f 5109//5109 5108//5108 4868//4868
f 5109//5109 4868//4868 4869//4869
f 5109//5109 4869//4869 4870//4870
f 5110//5110 5109//5109 4870//4870
f 5110//5110 4870//4870 4871//4871
f 5110//5110 4871//4871 4872//4872
f 5111//5111 5110//5110 4872//4872
f 5111//5111 4872//4872 4873//4873
f 5112//5112 4873//4873 4874//4874
f 5112//5112 4874//4874 4875//4875
f 5112//5112 5111//5111 4873//4873
f 5113//5113 4875//4875 4876//4876
f 5113//5113 5112//5112 4875//4875
f 5114//5114 4876//4876 4877//4877
f 5114//5114 5113//5113 4876//4876
f 5115//5115 4877//4877 4878//4878
f 5115//5115 5114//5114 4877//4877
f 5116//5116 4878//4878 4879//4879
f 5116//5116 5115//5115 4878//4878
f 5117//5117 4879//4879 4880//4880
f 5117//5117 4880//4880 4881//4881
f 5117//5117 5116//5116 4879//4879
f 5118//5118 4881//4881 4882//4882
f 5118//5118 4882//4882 4883//4883
f 5118//5118 5117//5117 4881//4881
f 5119//5119 4883//4883 4884//4884
f 5119//5119 5118//5118 4883//4883
f 5120//5120 4884//4884 4885//4885
f 5120//5120 5119//5119 4884//4884
f 5121//5121 4885//4885 4886//4886
f 5121//5121 4886//4886 4887//4887
f 5121//5121 5120//5120 4885//4885
f 5122//5122 4887//4887 4888//4888
f 5122//5122 5121//5121 4887//4887
f 5123//5123 4888//4888 4889//4889
f 5123//5123 4889//4889 4890//4890
f 5123//5123 5122//5122 4888//4888
f 5124//5124 4890//4890 4891//4891
f 5124//5124 5123//5123 4890//4890
f 5125//5125 5124//5124 4891//4891
f 5125//5125 4891//4891 4892//4892
f 5126//5126 5125//5125 4892//4892
f 5126//5126 4892//4892 4893//4893
f 5127//5127 5126//5126 4893//4893
f 5127//5127 4893//4893 4894//4894
f 5128//5128 5127//5127 4894//4894
f 5128//5128 4894//4894 4895//4895
f 5128//5128 4895//4895 4896//4896
f 5129//5129 5128//5128 4896//4896
f 5130//5130 5129//5129 4896//4896
f 5130//5130 4896//4896 4897//4897
f 5131//5131 5130//5130 4897//4897
f 5131//5131 4897//4897 4898//4898
f 5132//5132 5131//5131 4898//4898
f 5132//5132 4898//4898 4899//4899
f 5132//5132 4899//4899 4900//4900
f 5133//5133 5132//5132 4900//4900
f 5133//5133 4900//4900 4901//4901
f 5134//5134 5133//5133 4901//4901
f 5134//5134 4901//4901 4902//4902
f 5135//5135 5134//5134 4902//4902
f 5135//5135 4902//4902 4903//4903
f 5136//5136 5135//5135 4903//4903
f 5136//5136 4903//4903 4904//4904
f 5136//5136 4904//4904 4905//4905
f 5137//5137 5136//5136 4905//4905
f 5137//5137 4905//4905 4906//4906
f 5138//5138 5137//5137 4906//4906
f 5138//5138 4906//4906 4907//4907
f 5138//5138 4907//4907 4908//4908
f 5139//5139 5138//5138 4908//4908
f 5139//5139 4908//4908 4909//4909
f 5140//5140 5139//5139 4909//4909
f 5140//5140 4909//4909 4910//4910
f 5141//5141 5140//5140 4910//4910
f 5141//5141 4910//4910 4911//4911
f 5142//5142 5141//5141 4911//4911
f 5142//5142 4911//4911 4912//4912
f 5143//5143 4912//4912 4913//4913
f 5143//5143 5142//5142 4912//4912
f 5144//5144 4913//4913 4914//4914
f 5144//5144 5143//5143 4913//4913
f 5145//5145 4914//4914 4915//4915
f 5145//5145 5144//5144 4914//4914
f 5146//5146 4915//4915 4916//4916
f 5146//5146 4916//4916 4917//4917
f 5146//5146 5145//5145 4915//4915
f 5147//5147 4917//4917 4918//4918
f 5147//5147 5146//5146 4917//4917
f 5148//5148 4918//4918 4919//4919
f 5148//5148 5147//5147 4918//4918
f 5149//5149 5148//5148 4919//4919
f 5149//5149 4919//4919 4920//4920
f 5150//5150 5149//5149 4920//4920
f 5150//5150 4920//4920 4921//4921
f 5150//5150 4921//4921 4922//4922
f 5151//5151 5150//5150 4922//4922
f 5151//5151 4922//4922 4923//4923
f 5152//5152 5151//5151 4923//4923
f 5152//5152 4923//4923 4924//4924
f 5153//5153 5152//5152 4924//4924
f 5153//5153 4924//4924 4925//4925
f 5154//5154 5153//5153 4925//4925
f 5154//5154 4925//4925 4926//4926
f 5155//5155 5154//5154 4926//4926
f 5155//5155 4926//4926 4927//4927
f 5156//5156 5155//5155 4927//4927
f 5156//5156 4927//4927 4928//4928
f 5156//5156 4928//4928 4929//4929
f 5157//5157 5156//5156 4929//4929
f 5157//5157 4929//4929 4930//4930
f 5158//5158 5157//5157 4930//4930
f 5158//5158 4930//4930 4931//4931
f 5159//5159 5158//5158 4931//4931
f 5159//5159 4931//4931 4932//4932
f 5159//5159 4932//4932 4933//4933
f 5160//5160 5159//5159 4933//4933
f 5160//5160 4933//4933 4934//4934
f 5161//5161 5160//5160 4934//4934
f 5161//5161 4934//4934 4935//4935
f 5162//5162 5161//5161 4935//4935
f 5162//5162 4935//4935 4936//4936
f 5163//5163 5162//5162 4936//4936
f 5163//5163 4936//4936 4937//4937
f 5164//5164 5163//5163 4937//4937
f 5164//5164 4937//4937 4938//4938
f 5165//5165 4938//4938 4939//4939
f 5165//5165 4939//4939 4940//4940
f 5165//5165 5164//5164 4938//4938
f 5166//5166 4940//4940 4941//4941
f 5166//5166 5165//5165 4940//4940
f 5167//5167 4941//4941 4942//4942
f 5167//5167 4942//4942 4943//4943
f 5167//5167 5166//5166 4941//4941
f 5168//5168 4943//4943 4944//4944
f 5168//5168 4944//4944 4945//4945
f 5168//5168 5167//5167 4943//4943
f 5169//5169 4945//4945 4946//4946
f 5169//5169 5168//5168 4945//4945
f 5170//5170 4946//4946 4947//4947
f 5170//5170 5169//5169 4946//4946
f 5171//5171 5170//5170 4947//4947
f 5171//5171 4947//4947 4948//4948
f 5172//5172 5171//5171 4948//4948
f 5172//5172 4948//4948 4949//4949
f 5173//5173 5172//5172 4949//4949
f 5173//5173 4949//4949 4950//4950
f 5174//5174 4950//4950 4951//4951
f 5174//5174 5173//5173 4950//4950
f 5174//5174 4951//4951 4952//4952
f 5175//5175 5174//5174 4952//4952
f 5176//5176 4952//4952 4953//4953
f 5176//5176 5175//5175 4952//4952
f 5177//5177 4953//4953 4954//4954
f 5177//5177 5176//5176 4953//4953
f 5178//5178 4954//4954 4955//4955
f 5178//5178 5177//5177 4954//4954
f 5179//5179 4955//4955 4956//4956
f 5179//5179 4956//4956 4957//4957
f 5179//5179 5178//5178 4955//4955
f 5180//5180 4957//4957 4958//4958
f 5180//5180 5179//5179 4957//4957
f 5181//5181 4958//4958 4959//4959
f 5181//5181 5180//5180 4958//4958
f 5182//5182 4959//4959 4960//4960
f 5182//5182 5181//5181 4959//4959
f 5183//5183 4960//4960 4961//4961
f 5183//5183 5182//5182 4960//4960
f 5184//5184 4961//4961 4962//4962
f 5184//5184 5183//5183 4961//4961
f 5185//5185 4962//4962 4963//4963
f 5185//5185 5184//5184 4962//4962
f 5186//5186 4963//4963 4964//4964
f 5186//5186 4964//4964 4965//4965
f 5186//5186 5185//5185 4963//4963
f 5187//5187 4965//4965 4966//4966
f 5187//5187 5186//5186 4965//4965
f 5188//5188 4966//4966 4967//4967
f 5188//5188 4967//4967 4968//4968
f 5188//5188 5187//5187 4966//4966
f 5189//5189 5188//5188 4968//4968
f 5190//5190 4968//4968 4969//4969
f 5190//5190 5189//5189 4968//4968
f 5191//5191 4969//4969 4970//4970
f 5191//5191 5190//5190 4969//4969
f 5192//5192 4970//4970 4971//4971
f 5192//5192 5191//5191 4970//4970
f 5193//5193 4971//4971 4972//4972
f 5193//5193 4972//4972 4973//4973
f 5193//5193 5192//5192 4971//4971
f 5194//5194 5193//5193 4973//4973
f 5194//5194 4973//4973 4974//4974
f 5195//5195 5194//5194 4974//4974
f 5195//5195 4974//4974 4975//4975
f 5196//5196 5195//5195 4975//4975
f 5196//5196 4975//4975 4976//4976
f 5197//5197 5196//5196 4976//4976
f 5197//5197 4976//4976 4977//4977
f 5199//5199 5198//5198 4978//4978
f 5199//5199 4978//4978 4979//4979
f 5200//5200 5199//5199 4979//4979
f 5200//5200 4979//4979 4980//4980
f 5201//5201 5200//5200 4980//4980
f 5201//5201 4980//4980 4981//4981
f 5202//5202 5201//5201 4981//4981
f 5202//5202 4981//4981 4982//4982
f 5203//5203 5202//5202 4982//4982
f 5203//5203 4982//4982 4983//4983
f 5204//5204 5203//5203 4983//4983
f 5204//5204 4983//4983 4984//4984
f 5205//5205 5204//5204 4984//4984
f 5205//5205 4984//4984 4985//4985
f 5206//5206 5205//5205 4985//4985
f 5206//5206 4985//4985 4986//4986
f 5207//5207 4986//4986 4987//4987
f 5207//5207 5206//5206 4986//4986
f 5208//5208 5207//5207 4987//4987
f 5209//5209 4987//4987 4988//4988
f 5209//5209 5208//5208 4987//4987
f 5210//5210 4988//4988 4989//4989
f 5210//5210 5209//5209 4988//4988
f 5211//5211 4989//4989 4990//4990
f 5211//5211 5210//5210 4989//4989
f 5212//5212 4990//4990 4991//4991
f 5212//5212 5211//5211 4990//4990
f 5213//5213 5212//5212 4991//4991
f 5214//5214 4991//4991 4992//4992
f 5214//5214 5213//5213 4991//4991
f 5215//5215 4992//4992 4993//4993
f 5215//5215 5214//5214 4992//4992
f 5216//5216 4993//4993 4994//4994
f 5216//5216 5215//5215 4993//4993
f 5217//5217 4994//4994 4995//4995
f 5217//5217 5216//5216 4994//4994
f 5218//5218 4995//4995 4996//4996
f 5218//5218 5217//5217 4995//4995
f 5219//5219 4996//4996 4997//4997
f 5219//5219 5218//5218 4996//4996
f 5220//5220 4998//4998 4999//4999
f 5221//5221 5220//5220 4999//4999
f 5221//5221 4999//4999 5000//5000
f 5222//5222 5221//5221 5000//5000
f 5222//5222 5000//5000 5001//5001
f 5223//5223 5222//5222 5001//5001
f 5223//5223 5001//5001 5002//5002
f 5223//5223 5002//5002 5003//5003
f 5224//5224 5223//5223 5003//5003
f 5224//5224 5003//5003 5004//5004
f 5224//5224 5004//5004 5005//5005
f 5225//5225 5224//5224 5005//5005
f 5225//5225 5005//5005 5006//5006
f 5226//5226 5225//5225 5006//5006
f 5227//5227 5226//5226 5006//5006
f 5227//5227 5006//5006 5007//5007
f 5228//5228 5227//5227 5007//5007
f 5228//5228 5007//5007 5008//5008
f 5229//5229 5228//5228 5008//5008
f 5229//5229 5008//5008 5009//5009
f 5230//5230 5229//5229 5009//5009
f 5230//5230 5009//5009 5010//5010
f 5231//5231 5230//5230 5010//5010
f 5231//5231 5010//5010 5011//5011
f 5232//5232 5231//5231 5011//5011
f 5232//5232 5011//5011 5012//5012
f 5233//5233 5232//5232 5012//5012
f 5233//5233 5012//5012 5013//5013
f 5234//5234 5233//5233 5013//5013
f 5234//5234 5013//5013 4760//4760
f 5235//5235 4759//4759 4758//4758
f 5235//5235 4760//4760 4759//4759
f 5235//5235 5234//5234 4760//4760
f 5236//5236 4758//4758 4757//4757
f 5236//5236 5235//5235 4758//4758
f 5237//5237 4757//4757 4756//4756
f 5237//5237 5236//5236 4757//4757
f 5238//5238 4756//4756 4755//4755
f 5238//5238 5237//5237 4756//4756
f 5239//5239 4755//4755 4754//4754
f 5239//5239 5238//5238 4755//4755
f 5240//5240 4753//4753 4752//4752
f 5240//5240 4754//4754 4753//4753
f 5240//5240 5239//5239 4754//4754
f 5241//5241 4752//4752 4751//4751
f 5241//5241 5240//5240 4752//4752
f 5242//5242 4751//4751 4750//4750
f 5242//5242 5241//5241 4751//4751
f 5243//5243 4750//4750 4749//4749
f 5243//5243 5242//5242 4750//4750
f 5244//5244 4749//4749 4748//4748
f 5244//5244 5243//5243 4749//4749
f 5245//5245 5244//5244 4748//4748
f 5245//5245 4748//4748 4747//4747
f 5246//5246 5245//5245 4747//4747
f 5246//5246 4747//4747 4746//4746
f 5247//5247 4746//4746 4745//4745
f 5247//5247 5246//5246 4746//4746
f 5248//5248 4745//4745 4744//4744
f 5248//5248 5247//5247 4745//4745
f 5249//5249 5248//5248 4744//4744
f 5250//5250 4744//4744 4743//4743
f 5250//5250 5249//5249 4744//4744
f 5251//5251 4743//4743 4742//4742
f 5251//5251 5250//5250 4743//4743
f 5252//5252 4742//4742 4741//4741
f 5252//5252 5251//5251 4742//4742
f 5253//5253 4741//4741 4740//4740
f 5253//5253 5252//5252 4741//4741
f 5254//5254 5253//5253 4740//4740
f 4739//4739 5255//5255 5254//5254
f 4739//4739 5254//5254 4740//4740
f 5256//5256 5255//5255 4739//4739
f 4738//4738 5256//5256 4739//4739
f 5257//5257 5256//5256 4738//4738
f 5258//5258 4738//4738 4737//4737
f 5258//5258 5257//5257 4738//4738
f 4736//4736 5258//5258 4737//4737
f 5259//5259 4761//4761 4762//4762
f 5259//5259 4762//4762 5015//5015
f 5259//5259 5014//5014 4761//4761
f 5259//5259 5015//5015 5014//5014
f 5260//5260 5047//5047 5046//5046
f 5260//5260 5046//5046 4797//4797
f 5260//5260 4797//4797 4798//4798
f 5260//5260 4798//4798 4799//4799
f 5260//5260 4799//4799 5047//5047
f 5261//5261 5076//5076 5075//5075
f 5261//5261 5075//5075 4830//4830
f 5261//5261 4830//4830 4831//4831
f 5261//5261 4831//4831 4832//4832
f 5262//5262 5076//5076 5261//5261
f 5262//5262 5077//5077 5076//5076
f 5262//5262 4833//4833 5077//5077
f 5262//5262 4832//4832 4833//4833
f 5262//5262 5261//5261 4832//4832
f 5263//5263 4865//4865 5106//5106
f 5263//5263 4863//4863 4864//4864
f 5263//5263 4864//4864 4865//4865
f 5263//5263 5106//5106 5105//5105
f 5263//5263 5105//5105 4863//4863
f 5264//5264 5197//5197 4977//4977
f 5264//5264 4978//4978 5198//5198
f 5264//5264 4977//4977 4978//4978
f 5264//5264 5198//5198 5197//5197
f 5265//5265 5219//5219 4997//4997
f 5265//5265 4998//4998 5220//5220
f 5265//5265 4997//4997 4998//4998
f 5265//5265 5220//5220 5219//5219
