o PRT0008
v 24 -30 0
v 24 30 0
v 60 -30 0
v 63.6161003112793 -29.781267166137695 0
v 67.1794662475586 -29.128253936767578 0
v 70.63814544677734 -28.050487518310547 0
v 73.94169616699219 -26.56368064880371 0
v 77.04193878173828 -24.689516067504883 0
v 79.8936767578125 -22.455322265625 0
v 82.455322265625 -19.893680572509766 0
v 84.68951416015625 -17.041942596435547 0
v 86.56368255615234 -13.941695213317871 0
v 88.05048370361328 -10.63814640045166 0
v 89.12825775146484 -7.179470062255859 0
v 89.78126525878906 -3.616100311279297 0
v 90 -1.5159646812607647e-14 0
v 89.78126525878906 3.616100311279297 0
v 89.12825775146484 7.179470062255859 0
v 88.05048370361328 10.63814640045166 0
v 86.56368255615234 13.941695213317871 0
v 84.68951416015625 17.041942596435547 0
v 82.455322265625 19.893680572509766 0
v 79.8936767578125 22.455322265625 0
v 77.04193878173828 24.689516067504883 0
v 73.94169616699219 26.56368064880371 0
v 70.63814544677734 28.050487518310547 0
v 67.1794662475586 29.128253936767578 0
v 63.6161003112793 29.781267166137695 0
v 60 30 0
v 73.0207748413086 0 0
v 72.79019927978516 2.3410837650299072 0
v 72.10733032226562 4.592201232910156 0
v 70.9984130859375 6.666842937469482 0
v 69.50605773925781 8.485280990600586 0
v 67.68761444091797 9.977635383605957 0
v 65.61297607421875 11.086554527282715 0
v 63.36185836791992 11.769423484802246 0
v 61.020774841308594 12 0
v 58.679691314697266 11.769423484802246 0
v 56.42857360839844 11.086554527282715 0
v 54.35393142700195 9.977635383605957 0
v 52.535491943359375 8.485280990600586 0
v 51.04314041137695 6.666842937469482 0
v 49.93421936035156 4.592201232910156 0
v 49.25135040283203 2.3410837650299072 0
v 49.020774841308594 0 0
v 49.25135040283203 -2.3410837650299072 0
v 49.93421936035156 -4.592201232910156 0
v 51.04314041137695 -6.666842937469482 0
v 52.535491943359375 -8.485280990600586 0
v 54.35393142700195 -9.977635383605957 0
v 56.42857360839844 -11.086554527282715 0
v 58.679691314697266 -11.769423484802246 0
v 61.020774841308594 -12 0
v 63.36185836791992 -11.769423484802246 0
v 65.61297607421875 -11.086554527282715 0
v 67.68761444091797 -9.977635383605957 0
v 69.50605773925781 -8.485280990600586 0
v 70.9984130859375 -6.666842937469482 0
v 72.10733032226562 -4.592201232910156 0
v 72.79019927978516 -2.3410837650299072 0
v -24 -30 0
v -24 30 0
v -60 30 0
v -63.6161003112793 29.781267166137695 0
v -67.1794662475586 29.128253936767578 0
v -70.63814544677734 28.050487518310547 0
v -73.94169616699219 26.56368064880371 0
v -77.04193878173828 24.689516067504883 0
v -79.8936767578125 22.455322265625 0
v -82.455322265625 19.893680572509766 0
v -84.68951416015625 17.041942596435547 0
v -86.56368255615234 13.941695213317871 0
v -88.05048370361328 10.63814640045166 0
v -89.12825775146484 7.179470062255859 0
v -89.78126525878906 3.616100311279297 0
v -90 1.5159646812607647e-14 0
v -89.78126525878906 -3.616100311279297 0
v -89.12825775146484 -7.179470062255859 0
v -88.05048370361328 -10.63814640045166 0
v -86.56368255615234 -13.941695213317871 0
v -84.68951416015625 -17.041942596435547 0
v -82.455322265625 -19.893680572509766 0
v -79.8936767578125 -22.455322265625 0
v -77.04193878173828 -24.689516067504883 0
v -73.94169616699219 -26.56368064880371 0
v -70.63814544677734 -28.050487518310547 0
v -67.1794662475586 -29.128253936767578 0
v -63.6161003112793 -29.781267166137695 0
v -60 -30 0
v -49.020774841308594 0 0
v -49.25135040283203 2.3410837650299072 0
v -49.93421936035156 4.592201232910156 0
v -51.04314041137695 6.666842937469482 0
v -52.535491943359375 8.485280990600586 0
v -54.35393142700195 9.977635383605957 0
v -56.42857360839844 11.086554527282715 0
v -58.679691314697266 11.769423484802246 0
v -61.020774841308594 12 0
v -63.36185836791992 11.769423484802246 0
v -65.61297607421875 11.086554527282715 0
v -67.68761444091797 9.977635383605957 0
v -69.50605773925781 8.485280990600586 0
v -70.9984130859375 6.666842937469482 0
v -72.10733032226562 4.592201232910156 0
v -72.79019927978516 2.3410837650299072 0
v -73.0207748413086 0 0
v -72.79019927978516 -2.3410837650299072 0
v -72.10733032226562 -4.592201232910156 0
v -70.9984130859375 -6.666842937469482 0
v -69.50605773925781 -8.485280990600586 0
v -67.68761444091797 -9.977635383605957 0
v -65.61297607421875 -11.086554527282715 0
v -63.36185836791992 -11.769423484802246 0
v -61.020774841308594 -12 0
v -58.679691314697266 -11.769423484802246 0
v -56.42857360839844 -11.086554527282715 0
v -54.35393142700195 -9.977635383605957 0
v -52.535491943359375 -8.485280990600586 0
v -51.04314041137695 -6.666842937469482 0
v -49.93421936035156 -4.592201232910156 0
v -49.25135040283203 -2.3410837650299072 0
v 24 30 0
v 23.77646255493164 30 3.2679996490478516
v 23.110013961791992 30 6.475122451782227
v 22.013071060180664 30 9.561626434326172
v 20.506065368652344 30 12.470014572143555
v 18.6170711517334 30 15.146110534667969
v 16.381275177001953 30 17.540063858032227
v 13.840327262878418 30 19.607276916503906
v 11.041561126708984 30 21.309246063232422
v 8.037110328674316 30 22.614261627197266
v 4.882944107055664 30 23.498018264770508
v 1.6378179788589478 30 23.944049835205078
v -1.6378179788589478 30 23.944049835205078
v -4.882944107055664 30 23.498018264770508
v -8.037110328674316 30 22.614261627197266
v -11.041561126708984 30 21.309246063232422
v -13.840327262878418 30 19.607276916503906
v -16.381275177001953 30 17.540063858032227
v -18.6170711517334 30 15.146110534667969
v -20.506065368652344 30 12.470014572143555
v -22.013071060180664 30 9.561626434326172
v -23.110013961791992 30 6.475122451782227
v -23.77646255493164 30 3.2679996490478516
v -24 30 0
v -24 -30 0
v -23.77646255493164 -30 3.2679996490478516
v -23.110013961791992 -30 6.475122451782227
v -22.013071060180664 -30 9.561626434326172
v -20.506065368652344 -30 12.470014572143555
v -18.6170711517334 -30 15.146110534667969
v -16.381275177001953 -30 17.540063858032227
v -13.840327262878418 -30 19.607276916503906
v -11.041561126708984 -30 21.309246063232422
v -8.037110328674316 -30 22.614261627197266
v -4.882944107055664 -30 23.498018264770508
v -1.6378179788589478 -30 23.944049835205078
v 1.6378179788589478 -30 23.944049835205078
v 4.882944107055664 -30 23.498018264770508
v 8.037110328674316 -30 22.614261627197266
v 11.041561126708984 -30 21.309246063232422
v 13.840327262878418 -30 19.607276916503906
v 16.381275177001953 -30 17.540063858032227
v 18.6170711517334 -30 15.146110534667969
v 20.506065368652344 -30 12.470014572143555
v 22.013071060180664 -30 9.561626434326172
v 23.110013961791992 -30 6.475122451782227
v 23.77646255493164 -30 3.2679996490478516
v 24 -30 0
v 60 30 12
v 33.941123962402344 30 12
v 60 30 0
v 24 30 0
v 23.77646255493164 30 3.2679996490478516
v 23.110013961791992 30 6.475122451782227
v 22.013071060180664 30 9.561626434326172
v 20.506065368652344 30 12.470014572143555
v 18.6170711517334 30 15.146110534667969
v 16.381275177001953 30 17.540063858032227
v 13.840327262878418 30 19.607276916503906
v 11.041561126708984 30 21.309246063232422
v 8.037110328674316 30 22.614261627197266
v 4.882944107055664 30 23.498018264770508
v 1.6378179788589478 30 23.944049835205078
v -1.6378179788589478 30 23.944049835205078
v -4.882944107055664 30 23.498018264770508
v -8.037110328674316 30 22.614261627197266
v -11.041561126708984 30 21.309246063232422
v -13.840327262878418 30 19.607276916503906
v -16.381275177001953 30 17.540063858032227
v -18.6170711517334 30 15.146110534667969
v -20.506065368652344 30 12.470014572143555
v -22.013071060180664 30 9.561626434326172
v -23.110013961791992 30 6.475122451782227
v -23.77646255493164 30 3.2679996490478516
v -24 30 0
v -60 30 0
v -60 30 12
v -33.941123962402344 30 12
v -20 30 88
v -19.7766170501709 30 90.98084259033203
v -19.1114559173584 30 93.89510345458984
v -18.019376754760742 30 96.67767333984375
v -16.5247745513916 30 99.26640319824219
v -14.66103744506836 30 101.60345458984375
v -12.469796180725098 30 103.63662719726562
v -10 30 105.32051086425781
v -7.306820392608643 30 106.61747741699219
v -4.450418472290039 30 107.4985580444336
v -1.494601845741272 30 107.94407653808594
v 1.494601845741272 30 107.94407653808594
v 4.450418472290039 30 107.4985580444336
v 7.306820392608643 30 106.61747741699219
v 10 30 105.32051086425781
v 12.469796180725098 30 103.63662719726562
v 14.66103744506836 30 101.60345458984375
v 16.5247745513916 30 99.26640319824219
v 18.019376754760742 30 96.67767333984375
v 19.1114559173584 30 93.89510345458984
v 19.7766170501709 30 90.98084259033203
v 20 30 88
v -12 30 88
v -11.769423484802246 30 85.6589126586914
v -11.086554527282715 30 83.40779876708984
v -9.977635383605957 30 81.33316040039062
v -8.485280990600586 30 79.51471710205078
v -6.666842937469482 30 78.0223617553711
v -4.592201232910156 30 76.91344451904297
v -2.3410837650299072 30 76.23057556152344
v -7.347880586115415e-16 30 76
v 2.3410837650299072 30 76.23057556152344
v 4.592201232910156 30 76.91344451904297
v 6.666842937469482 30 78.0223617553711
v 8.485280990600586 30 79.51471710205078
v 9.977635383605957 30 81.33316040039062
v 11.086554527282715 30 83.40779876708984
v 11.769423484802246 30 85.6589126586914
v 12 30 88
v 11.769423484802246 30 90.3410873413086
v 11.086554527282715 30 92.59220123291016
v 9.977635383605957 30 94.66683959960938
v 8.485280990600586 30 96.48528289794922
v 6.666842937469482 30 97.9776382446289
v 4.592201232910156 30 99.08655548095703
v 2.3410837650299072 30 99.76942443847656
v 7.347880586115415e-16 30 100
v -2.3410837650299072 30 99.76942443847656
v -4.592201232910156 30 99.08655548095703
v -6.666842937469482 30 97.9776382446289
v -8.485280990600586 30 96.48528289794922
v -9.977635383605957 30 94.66683959960938
v -11.086554527282715 30 92.59220123291016
v -11.769423484802246 30 90.3410873413086
v 12 30 88
v 11.769423484802246 30 90.3410873413086
v 11.086554527282715 30 92.59220123291016
v 9.977635383605957 30 94.66683959960938
v 8.485280990600586 30 96.48528289794922
v 6.666842937469482 30 97.9776382446289
v 4.592201232910156 30 99.08655548095703
v 2.3410837650299072 30 99.76942443847656
v 7.347880586115415e-16 30 100
v -2.3410837650299072 30 99.76942443847656
v -4.592201232910156 30 99.08655548095703
v -6.666842937469482 30 97.9776382446289
v -8.485280990600586 30 96.48528289794922
v -9.977635383605957 30 94.66683959960938
v -11.086554527282715 30 92.59220123291016
v -11.769423484802246 30 90.3410873413086
v -12 30 88
v -12 6 88
v 12 6 88
v 11.769423484802246 6 90.3410873413086
v 11.086554527282715 6 92.59220123291016
v 9.977635383605957 6 94.66683959960938
v 8.485280990600586 6 96.48528289794922
v 6.666842937469482 6 97.9776382446289
v 4.592201232910156 6 99.08655548095703
v 2.3410837650299072 6 99.76942443847656
v 7.347880586115415e-16 6 100
v -2.3410837650299072 6 99.76942443847656
v -4.592201232910156 6 99.08655548095703
v -6.666842937469482 6 97.9776382446289
v -8.485280990600586 6 96.48528289794922
v -9.977635383605957 6 94.66683959960938
v -11.086554527282715 6 92.59220123291016
v -11.769423484802246 6 90.3410873413086
v -12 30 88
v -11.769423484802246 30 85.6589126586914
v -11.086554527282715 30 83.40779876708984
v -9.977635383605957 30 81.33316040039062
v -8.485280990600586 30 79.51471710205078
v -6.666842937469482 30 78.0223617553711
v -4.592201232910156 30 76.91344451904297
v -2.3410837650299072 30 76.23057556152344
v -7.347880586115415e-16 30 76
v 2.3410837650299072 30 76.23057556152344
v 4.592201232910156 30 76.91344451904297
v 6.666842937469482 30 78.0223617553711
v 8.485280990600586 30 79.51471710205078
v 9.977635383605957 30 81.33316040039062
v 11.086554527282715 30 83.40779876708984
v 11.769423484802246 30 85.6589126586914
v 12 30 88
v 12 6 88
v -12 6 88
v -11.769423484802246 6 85.6589126586914
v -11.086554527282715 6 83.40779876708984
v -9.977635383605957 6 81.33316040039062
v -8.485280990600586 6 79.51471710205078
v -6.666842937469482 6 78.0223617553711
v -4.592201232910156 6 76.91344451904297
v -2.3410837650299072 6 76.23057556152344
v -7.347880586115415e-16 6 76
v 2.3410837650299072 6 76.23057556152344
v 4.592201232910156 6 76.91344451904297
v 6.666842937469482 6 78.0223617553711
v 8.485280990600586 6 79.51471710205078
v 9.977635383605957 6 81.33316040039062
v 11.086554527282715 6 83.40779876708984
v 11.769423484802246 6 85.6589126586914
v 0 6 68
v 3.0285556316375732 6 68.23063659667969
v 5.98726224899292 6 68.9172134399414
v 8.807883262634277 6 70.04390716552734
v 11.42536449432373 6 71.58473205566406
v 13.779338836669922 6 73.50414276123047
v 15.81551456451416 6 75.75788116455078
v 17.4869327545166 6 78.29396057128906
v 18.755043029785156 6 81.05389404296875
v 19.590599060058594 6 83.97402954101562
v 19.97433090209961 6 86.98701477050781
v 19.89738655090332 6 90.02336883544922
v 19.361541748046875 6 93.01305389404297
v 18.3791561126709 6 95.88711547851562
v 16.972885131835938 6 98.57927703857422
v 15.175162315368652 6 101.02745056152344
v 13.027449607849121 6 103.17516326904297
v 10.579279899597168 6 104.97288513183594
v 7.8871169090271 6 106.37915802001953
v 5.013050556182861 6 107.36154174804688
v 2.0233664512634277 6 107.89738464355469
v -1.0129833221435547 6 107.97432708740234
v -4.025970458984375 6 107.5905990600586
v -6.946105003356934 6 106.75504302978516
v -9.706039428710938 6 105.48693084716797
v -12.242119789123535 6 103.81551361083984
v -14.495855331420898 6 101.77933502197266
v -16.415267944335938 6 99.42536163330078
v -17.956090927124023 6 96.8078842163086
v -19.08278465270996 6 93.98725891113281
v -19.769367218017578 6 91.02855682373047
v -20 6 88
v -2.846296787261963 6 68.20356750488281
v -5.634651184082031 6 68.81014251708984
v -8.308300018310547 6 69.80735778808594
v -10.812816619873047 6 71.1749267578125
v -13.097214698791504 6 72.885009765625
v -15.114991188049316 6 74.90278625488281
v -16.825071334838867 6 77.18718719482422
v -18.19264030456543 6 79.69169616699219
v -19.18985939025879 6 82.36534881591797
v -19.796428680419922 6 85.15370178222656
v 12 6 88
v 11.769423484802246 6 90.3410873413086
v 11.086554527282715 6 92.59220123291016
v 9.977635383605957 6 94.66683959960938
v 8.485280990600586 6 96.48528289794922
v 6.666842937469482 6 97.9776382446289
v 4.592201232910156 6 99.08655548095703
v 2.3410837650299072 6 99.76942443847656
v 7.347880586115415e-16 6 100
v -2.3410837650299072 6 99.76942443847656
v -4.592201232910156 6 99.08655548095703
v -6.666842937469482 6 97.9776382446289
v -8.485280990600586 6 96.48528289794922
v -9.977635383605957 6 94.66683959960938
v -11.086554527282715 6 92.59220123291016
v -11.769423484802246 6 90.3410873413086
v -12 6 88
v -11.769423484802246 6 85.6589126586914
v -11.086554527282715 6 83.40779876708984
v -9.977635383605957 6 81.33316040039062
v -8.485280990600586 6 79.51471710205078
v -6.666842937469482 6 78.0223617553711
v -4.592201232910156 6 76.91344451904297
v -2.3410837650299072 6 76.23057556152344
v -7.347880586115415e-16 6 76
v 2.3410837650299072 6 76.23057556152344
v 4.592201232910156 6 76.91344451904297
v 6.666842937469482 6 78.0223617553711
v 8.485280990600586 6 79.51471710205078
v 9.977635383605957 6 81.33316040039062
v 11.086554527282715 6 83.40779876708984
v 11.769423484802246 6 85.6589126586914
v -20 30 88
v -19.7766170501709 30 90.98084259033203
v -19.1114559173584 30 93.89510345458984
v -18.019376754760742 30 96.67767333984375
v -16.5247745513916 30 99.26640319824219
v -14.66103744506836 30 101.60345458984375
v -12.469796180725098 30 103.63662719726562
v -10 30 105.32051086425781
v -7.306820392608643 30 106.61747741699219
v -4.450418472290039 30 107.4985580444336
v -1.494601845741272 30 107.94407653808594
v 1.494601845741272 30 107.94407653808594
v 4.450418472290039 30 107.4985580444336
v 7.306820392608643 30 106.61747741699219
v 10 30 105.32051086425781
v 12.469796180725098 30 103.63662719726562
v 14.66103744506836 30 101.60345458984375
v 16.5247745513916 30 99.26640319824219
v 18.019376754760742 30 96.67767333984375
v 19.1114559173584 30 93.89510345458984
v 19.7766170501709 30 90.98084259033203
v 20 30 88
v -20 18 88
v -20 6 88
v 0 6 68
v 3.0285556316375732 6 68.23063659667969
v 5.98726224899292 6 68.9172134399414
v 8.807883262634277 6 70.04390716552734
v 11.42536449432373 6 71.58473205566406
v 13.779338836669922 6 73.50414276123047
v 15.81551456451416 6 75.75788116455078
v 17.4869327545166 6 78.29396057128906
v 18.755043029785156 6 81.05389404296875
v 19.590599060058594 6 83.97402954101562
v 19.97433090209961 6 86.98701477050781
v 19.89738655090332 6 90.02336883544922
v 19.361541748046875 6 93.01305389404297
v 18.3791561126709 6 95.88711547851562
v 16.972885131835938 6 98.57927703857422
v 15.175162315368652 6 101.02745056152344
v 13.027449607849121 6 103.17516326904297
v 10.579279899597168 6 104.97288513183594
v 7.8871169090271 6 106.37915802001953
v 5.013050556182861 6 107.36154174804688
v 2.0233664512634277 6 107.89738464355469
v -1.0129833221435547 6 107.97432708740234
v -4.025970458984375 6 107.5905990600586
v -6.946105003356934 6 106.75504302978516
v -9.706039428710938 6 105.48693084716797
v -12.242119789123535 6 103.81551361083984
v -14.495855331420898 6 101.77933502197266
v -16.415267944335938 6 99.42536163330078
v -17.956090927124023 6 96.8078842163086
v -19.08278465270996 6 93.98725891113281
v -19.769367218017578 6 91.02855682373047
v 6 7.32962703704834 68.92121887207031
v 3.9339873790740967 6.566694259643555 68.39068603515625
v 1.9448649883270264 6.137815475463867 68.09474182128906
v 6 18 68.92121887207031
v 20 18 88
v 19.80242347717285 18 85.19570922851562
v 19.213594436645508 18 82.44682312011719
v 18.245149612426758 18 79.80765533447266
v 16.91621971130371 18 77.3303451538086
v 15.253066062927246 18 75.06385040283203
v 13.288545608520508 18 73.05294036865234
v 11.06147289276123 18 71.33735656738281
v 8.615851402282715 18 69.95098114013672
v 20 30 88
v 33.941123962402344 30 12
v 20 18 88
v 33.941123962402344 18 12
v -33.941123962402344 30 12
v -60 30 12
v -63.6161003112793 29.781267166137695 12
v -67.1794662475586 29.128253936767578 12
v -70.63814544677734 28.050487518310547 12
v -73.94169616699219 26.56368064880371 12
v -77.04193878173828 24.689516067504883 12
v -79.8936767578125 22.455322265625 12
v -82.455322265625 19.893680572509766 12
v -84.68951416015625 17.041942596435547 12
v -86.56368255615234 13.941695213317871 12
v -88.05048370361328 10.63814640045166 12
v -89.12825775146484 7.179470062255859 12
v -89.78126525878906 3.616100311279297 12
v -90 1.5159646812607647e-14 12
v -89.78126525878906 -3.616100311279297 12
v -89.12825775146484 -7.179470062255859 12
v -88.05048370361328 -10.63814640045166 12
v -86.56368255615234 -13.941695213317871 12
v -84.68951416015625 -17.041942596435547 12
v -82.455322265625 -19.893680572509766 12
v -79.8936767578125 -22.455322265625 12
v -77.04193878173828 -24.689516067504883 12
v -73.94169616699219 -26.56368064880371 12
v -70.63814544677734 -28.050487518310547 12
v -67.1794662475586 -29.128253936767578 12
v -63.6161003112793 -29.781267166137695 12
v -60 -30 12
v -33.941123962402344 -30 12
v -33.941123962402344 18 12
v -73.0207748413086 0 12
v -72.79019927978516 -2.3410837650299072 12
v -72.10733032226562 -4.592201232910156 12
v -70.9984130859375 -6.666842937469482 12
v -69.50605773925781 -8.485280990600586 12
v -67.68761444091797 -9.977635383605957 12
v -65.61297607421875 -11.086554527282715 12
v -63.36185836791992 -11.769423484802246 12
v -61.020774841308594 -12 12
v -58.679691314697266 -11.769423484802246 12
v -56.42857360839844 -11.086554527282715 12
v -54.35393142700195 -9.977635383605957 12
v -52.535491943359375 -8.485280990600586 12
v -51.04314041137695 -6.666842937469482 12
v -49.93421936035156 -4.592201232910156 12
v -49.25135040283203 -2.3410837650299072 12
v -49.020774841308594 0 12
v -49.25135040283203 2.3410837650299072 12
v -49.93421936035156 4.592201232910156 12
v -51.04314041137695 6.666842937469482 12
v -52.535491943359375 8.485280990600586 12
v -54.35393142700195 9.977635383605957 12
v -56.42857360839844 11.086554527282715 12
v -58.679691314697266 11.769423484802246 12
v -61.020774841308594 12 12
v -63.36185836791992 11.769423484802246 12
v -65.61297607421875 11.086554527282715 12
v -67.68761444091797 9.977635383605957 12
v -69.50605773925781 8.485280990600586 12
v -70.9984130859375 6.666842937469482 12
v -72.10733032226562 4.592201232910156 12
v -72.79019927978516 2.3410837650299072 12
v 33.941123962402344 -30 12
v 33.941123962402344 18 12
v 60 -30 12
v 63.6161003112793 -29.781267166137695 12
v 67.1794662475586 -29.128253936767578 12
v 70.63814544677734 -28.050487518310547 12
v 73.94169616699219 -26.56368064880371 12
v 77.04193878173828 -24.689516067504883 12
v 79.8936767578125 -22.455322265625 12
v 82.455322265625 -19.893680572509766 12
v 84.68951416015625 -17.041942596435547 12
v 86.56368255615234 -13.941695213317871 12
v 88.05048370361328 -10.63814640045166 12
v 89.12825775146484 -7.179470062255859 12
v 89.78126525878906 -3.616100311279297 12
v 90 -1.5159646812607647e-14 12
v 89.78126525878906 3.616100311279297 12
v 89.12825775146484 7.179470062255859 12
v 88.05048370361328 10.63814640045166 12
v 86.56368255615234 13.941695213317871 12
v 84.68951416015625 17.041942596435547 12
v 82.455322265625 19.893680572509766 12
v 79.8936767578125 22.455322265625 12
v 77.04193878173828 24.689516067504883 12
v 73.94169616699219 26.56368064880371 12
v 70.63814544677734 28.050487518310547 12
v 67.1794662475586 29.128253936767578 12
v 63.6161003112793 29.781267166137695 12
v 60 30 12
v 33.941123962402344 30 12
v 49.020774841308594 0 12
v 49.25135040283203 -2.3410837650299072 12
v 49.93421936035156 -4.592201232910156 12
v 51.04314041137695 -6.666842937469482 12
v 52.535491943359375 -8.485280990600586 12
v 54.35393142700195 -9.977635383605957 12
v 56.42857360839844 -11.086554527282715 12
v 58.679691314697266 -11.769423484802246 12
v 61.020774841308594 -12 12
v 63.36185836791992 -11.769423484802246 12
v 65.61297607421875 -11.086554527282715 12
v 67.68761444091797 -9.977635383605957 12
v 69.50605773925781 -8.485280990600586 12
v 70.9984130859375 -6.666842937469482 12
v 72.10733032226562 -4.592201232910156 12
v 72.79019927978516 -2.3410837650299072 12
v 73.0207748413086 0 12
v 72.79019927978516 2.3410837650299072 12
v 72.10733032226562 4.592201232910156 12
v 70.9984130859375 6.666842937469482 12
v 69.50605773925781 8.485280990600586 12
v 67.68761444091797 9.977635383605957 12
v 65.61297607421875 11.086554527282715 12
v 63.36185836791992 11.769423484802246 12
v 61.020774841308594 12 12
v 58.679691314697266 11.769423484802246 12
v 56.42857360839844 11.086554527282715 12
v 54.35393142700195 9.977635383605957 12
v 52.535491943359375 8.485280990600586 12
v 51.04314041137695 6.666842937469482 12
v 49.93421936035156 4.592201232910156 12
v 49.25135040283203 2.3410837650299072 12
v -33.941123962402344 18 12
v -20 18 88
v -20 30 88
v -33.941123962402344 30 12
v 6 18 68.92121887207031
v 6 18 35.49647903442383
v 20 18 88
v 19.80242347717285 18 85.19570922851562
v 19.213594436645508 18 82.44682312011719
v 18.245149612426758 18 79.80765533447266
v 16.91621971130371 18 77.3303451538086
v 15.253066062927246 18 75.06385040283203
v 13.288545608520508 18 73.05294036865234
v 11.06147289276123 18 71.33735656738281
v 8.615851402282715 18 69.95098114013672
v 33.941123962402344 18 12
v 9.734078407287598 18 34.659019470214844
v 13.358162879943848 18 33.4299201965332
v 16.831300735473633 18 31.823062896728516
v 20.114248275756836 18 29.85660743713379
v 23.169904708862305 18 27.552776336669922
v 25.9637451171875 18 24.93760108947754
v 28.464195251464844 18 22.040634155273438
v 30.64300537109375 18 18.894609451293945
v 32.47555160522461 18 15.535077095031738
v -6 18 68.92121887207031
v -6 18 35.49647903442383
v -33.941123962402344 18 12
v -32.47555160522461 18 15.535077095031738
v -30.64300537109375 18 18.894609451293945
v -28.464195251464844 18 22.040634155273438
v -25.9637451171875 18 24.93760108947754
v -23.169904708862305 18 27.552776336669922
v -20.114248275756836 18 29.85660743713379
v -16.831300735473633 18 31.823062896728516
v -13.358162879943848 18 33.4299201965332
v -9.734078407287598 18 34.659019470214844
v -20 18 88
v -8.615851402282715 18 69.95098114013672
v -11.06147289276123 18 71.33735656738281
v -13.288545608520508 18 73.05294036865234
v -15.253066062927246 18 75.06385040283203
v -16.91621971130371 18 77.3303451538086
v -18.245149612426758 18 79.80765533447266
v -19.213594436645508 18 82.44682312011719
v -19.80242347717285 18 85.19570922851562
v 6 18 68.92121887207031
v 6 18 35.49647903442383
v 6 7.32962703704834 68.92121887207031
v 6 -30 35.49647903442383
v 6 -25.330944061279297 39.699424743652344
v 6 -20.651090621948242 43.902034759521484
v 6 -11.319464683532715 52.261627197265625
v 6 -1.989790439605713 60.60166549682617
v 6 -30 35.49647903442383
v 9.734078407287598 -30 34.659019470214844
v 13.358162879943848 -30 33.4299201965332
v 16.831300735473633 -30 31.823062896728516
v 20.114248275756836 -30 29.85660743713379
v 23.169904708862305 -30 27.552776336669922
v 25.9637451171875 -30 24.93760108947754
v 28.464195251464844 -30 22.040634155273438
v 30.64300537109375 -30 18.894609451293945
v 32.47555160522461 -30 15.535077095031738
v 33.941123962402344 -30 12
v 33.941123962402344 18 12
v 6 18 35.49647903442383
v 9.734078407287598 18 34.659019470214844
v 13.358162879943848 18 33.4299201965332
v 16.831300735473633 18 31.823062896728516
v 20.114248275756836 18 29.85660743713379
v 23.169904708862305 18 27.552776336669922
v 25.9637451171875 18 24.93760108947754
v 28.464195251464844 18 22.040634155273438
v 30.64300537109375 18 18.894609451293945
v 32.47555160522461 18 15.535077095031738
v -33.941123962402344 18 12
v -32.47555160522461 18 15.535077095031738
v -30.64300537109375 18 18.894609451293945
v -28.464195251464844 18 22.040634155273438
v -25.9637451171875 18 24.93760108947754
v -23.169904708862305 18 27.552776336669922
v -20.114248275756836 18 29.85660743713379
v -16.831300735473633 18 31.823062896728516
v -13.358162879943848 18 33.4299201965332
v -9.734078407287598 18 34.659019470214844
v -6 18 35.49647903442383
v -33.941123962402344 -30 12
v -32.47555160522461 -30 15.535077095031738
v -30.64300537109375 -30 18.894609451293945
v -28.464195251464844 -30 22.040634155273438
v -25.9637451171875 -30 24.93760108947754
v -23.169904708862305 -30 27.552776336669922
v -20.114248275756836 -30 29.85660743713379
v -16.831300735473633 -30 31.823062896728516
v -13.358162879943848 -30 33.4299201965332
v -9.734078407287598 -30 34.659019470214844
v -6 -30 35.49647903442383
v -33.941123962402344 -30 12
v -32.47555160522461 -30 15.535077095031738
v -30.64300537109375 -30 18.894609451293945
v -28.464195251464844 -30 22.040634155273438
v -25.9637451171875 -30 24.93760108947754
v -23.169904708862305 -30 27.552776336669922
v -20.114248275756836 -30 29.85660743713379
v -16.831300735473633 -30 31.823062896728516
v -13.358162879943848 -30 33.4299201965332
v -9.734078407287598 -30 34.659019470214844
v -6 -30 35.49647903442383
v -60 -30 12
v -60 -30 0
v -24 -30 0
v -23.77646255493164 -30 3.2679996490478516
v -23.110013961791992 -30 6.475122451782227
v -22.013071060180664 -30 9.561626434326172
v -20.506065368652344 -30 12.470014572143555
v -18.6170711517334 -30 15.146110534667969
v -16.381275177001953 -30 17.540063858032227
v -13.840327262878418 -30 19.607276916503906
v -11.041561126708984 -30 21.309246063232422
v -8.037110328674316 -30 22.614261627197266
v -4.882944107055664 -30 23.498018264770508
v -1.6378179788589478 -30 23.944049835205078
v 1.6378179788589478 -30 23.944049835205078
v 4.882944107055664 -30 23.498018264770508
v 8.037110328674316 -30 22.614261627197266
v 11.041561126708984 -30 21.309246063232422
v 13.840327262878418 -30 19.607276916503906
v 16.381275177001953 -30 17.540063858032227
v 18.6170711517334 -30 15.146110534667969
v 20.506065368652344 -30 12.470014572143555
v 22.013071060180664 -30 9.561626434326172
v 23.110013961791992 -30 6.475122451782227
v 23.77646255493164 -30 3.2679996490478516
v 24 -30 0
v 60 -30 0
v 60 -30 12
v 33.941123962402344 -30 12
v 6 -30 35.49647903442383
v 9.734078407287598 -30 34.659019470214844
v 13.358162879943848 -30 33.4299201965332
v 16.831300735473633 -30 31.823062896728516
v 20.114248275756836 -30 29.85660743713379
v 23.169904708862305 -30 27.552776336669922
v 25.9637451171875 -30 24.93760108947754
v 28.464195251464844 -30 22.040634155273438
v 30.64300537109375 -30 18.894609451293945
v 32.47555160522461 -30 15.535077095031738
v 2.008333683013916 -30 35.94393539428711
v -2.008333683013916 -30 35.94393539428711
v 6 -30 35.49647903442383
v 6 -25.330944061279297 39.699424743652344
v 6 -20.651090621948242 43.902034759521484
v 6 -11.319464683532715 52.261627197265625
v 6 -1.989790439605713 60.60166549682617
v 6 7.32962703704834 68.92121887207031
v 3.9339873790740967 6.566694259643555 68.39068603515625
v 1.9448649883270264 6.137815475463867 68.09474182128906
v 0 6 68
v -1.954625129699707 6.139216899871826 68.09571075439453
v -3.9409732818603516 6.568694591522217 68.3920669555664
v -6 7.32962703704834 68.92121887207031
v -6 -30 35.49647903442383
v -6 -25.330944061279297 39.699424743652344
v -6 -20.651090621948242 43.902034759521484
v -6 -11.319464683532715 52.261627197265625
v -6 -1.989790439605713 60.60166549682617
v 2.008333683013916 -30 35.94393539428711
v -2.008333683013916 -30 35.94393539428711
v -2.3785576820373535 -22.534074783325195 42.56998062133789
v 2.3785576820373535 -22.534074783325195 42.56998062133789
v -2.748781681060791 -15.06814956665039 49.196022033691406
v 2.748781681060791 -15.06814956665039 49.196022033691406
v -3.1190056800842285 -7.602223873138428 55.82206726074219
v 3.1190056800842285 -7.602223873138428 55.82206726074219
v -3.489229679107666 -0.1362982988357544 62.4481086730957
v 3.489229679107666 -0.1362982988357544 62.4481086730957
v -6 7.32962703704834 68.92121887207031
v -6 18 68.92121887207031
v -6 -30 35.49647903442383
v -6 -25.330944061279297 39.699424743652344
v -6 -20.651090621948242 43.902034759521484
v -6 -11.319464683532715 52.261627197265625
v -6 -1.989790439605713 60.60166549682617
v -6 18 35.49647903442383
v 0 6 68
v -2.846296787261963 6 68.20356750488281
v -5.634651184082031 6 68.81014251708984
v -8.308300018310547 6 69.80735778808594
v -10.812816619873047 6 71.1749267578125
v -13.097214698791504 6 72.885009765625
v -15.114991188049316 6 74.90278625488281
v -16.825071334838867 6 77.18718719482422
v -18.19264030456543 6 79.69169616699219
v -19.18985939025879 6 82.36534881591797
v -19.796428680419922 6 85.15370178222656
v -20 6 88
v -20 18 88
v -6 18 68.92121887207031
v -8.615851402282715 18 69.95098114013672
v -11.06147289276123 18 71.33735656738281
v -13.288545608520508 18 73.05294036865234
v -15.253066062927246 18 75.06385040283203
v -16.91621971130371 18 77.3303451538086
v -18.245149612426758 18 79.80765533447266
v -19.213594436645508 18 82.44682312011719
v -19.80242347717285 18 85.19570922851562
v -6 7.32962703704834 68.92121887207031
v -1.954625129699707 6.139216899871826 68.09571075439453
v -3.9409732818603516 6.568694591522217 68.3920669555664
v 60 30 0
v 60 30 12
v 60 -30 12
v 63.6161003112793 -29.781267166137695 12
v 67.1794662475586 -29.128253936767578 12
v 70.63814544677734 -28.050487518310547 12
v 73.94169616699219 -26.56368064880371 12
v 77.04193878173828 -24.689516067504883 12
v 79.8936767578125 -22.455322265625 12
v 82.455322265625 -19.893680572509766 12
v 84.68951416015625 -17.041942596435547 12
v 86.56368255615234 -13.941695213317871 12
v 88.05048370361328 -10.63814640045166 12
v 89.12825775146484 -7.179470062255859 12
v 89.78126525878906 -3.616100311279297 12
v 90 -1.5159646812607647e-14 12
v 89.78126525878906 3.616100311279297 12
v 89.12825775146484 7.179470062255859 12
v 88.05048370361328 10.63814640045166 12
v 86.56368255615234 13.941695213317871 12
v 84.68951416015625 17.041942596435547 12
v 82.455322265625 19.893680572509766 12
v 79.8936767578125 22.455322265625 12
v 77.04193878173828 24.689516067504883 12
v 73.94169616699219 26.56368064880371 12
v 70.63814544677734 28.050487518310547 12
v 67.1794662475586 29.128253936767578 12
v 63.6161003112793 29.781267166137695 12
v 60 -30 0
v 63.6161003112793 -29.781267166137695 0
v 67.1794662475586 -29.128253936767578 0
v 70.63814544677734 -28.050487518310547 0
v 73.94169616699219 -26.56368064880371 0
v 77.04193878173828 -24.689516067504883 0
v 79.8936767578125 -22.455322265625 0
v 82.455322265625 -19.893680572509766 0
v 84.68951416015625 -17.041942596435547 0
v 86.56368255615234 -13.941695213317871 0
v 88.05048370361328 -10.63814640045166 0
v 89.12825775146484 -7.179470062255859 0
v 89.78126525878906 -3.616100311279297 0
v 90 -1.5159646812607647e-14 0
v 89.78126525878906 3.616100311279297 0
v 89.12825775146484 7.179470062255859 0
v 88.05048370361328 10.63814640045166 0
v 86.56368255615234 13.941695213317871 0
v 84.68951416015625 17.041942596435547 0
v 82.455322265625 19.893680572509766 0
v 79.8936767578125 22.455322265625 0
v 77.04193878173828 24.689516067504883 0
v 73.94169616699219 26.56368064880371 0
v 70.63814544677734 28.050487518310547 0
v 67.1794662475586 29.128253936767578 0
v 63.6161003112793 29.781267166137695 0
v -60 -30 0
v -60 -30 12
v -60 30 12
v -63.6161003112793 29.781267166137695 12
v -67.1794662475586 29.128253936767578 12
v -70.63814544677734 28.050487518310547 12
v -73.94169616699219 26.56368064880371 12
v -77.04193878173828 24.689516067504883 12
v -79.8936767578125 22.455322265625 12
v -82.455322265625 19.893680572509766 12
v -84.68951416015625 17.041942596435547 12
v -86.56368255615234 13.941695213317871 12
v -88.05048370361328 10.63814640045166 12
v -89.12825775146484 7.179470062255859 12
v -89.78126525878906 3.616100311279297 12
v -90 1.5159646812607647e-14 12
v -89.78126525878906 -3.616100311279297 12
v -89.12825775146484 -7.179470062255859 12
v -88.05048370361328 -10.63814640045166 12
v -86.56368255615234 -13.941695213317871 12
v -84.68951416015625 -17.041942596435547 12
v -82.455322265625 -19.893680572509766 12
v -79.8936767578125 -22.455322265625 12
v -77.04193878173828 -24.689516067504883 12
v -73.94169616699219 -26.56368064880371 12
v -70.63814544677734 -28.050487518310547 12
v -67.1794662475586 -29.128253936767578 12
v -63.6161003112793 -29.781267166137695 12
v -60 30 0
v -63.6161003112793 29.781267166137695 0
v -67.1794662475586 29.128253936767578 0
v -70.63814544677734 28.050487518310547 0
v -73.94169616699219 26.56368064880371 0
v -77.04193878173828 24.689516067504883 0
v -79.8936767578125 22.455322265625 0
v -82.455322265625 19.893680572509766 0
v -84.68951416015625 17.041942596435547 0
v -86.56368255615234 13.941695213317871 0
v -88.05048370361328 10.63814640045166 0
v -89.12825775146484 7.179470062255859 0
v -89.78126525878906 3.616100311279297 0
v -90 1.5159646812607647e-14 0
v -89.78126525878906 -3.616100311279297 0
v -89.12825775146484 -7.179470062255859 0
v -88.05048370361328 -10.63814640045166 0
v -86.56368255615234 -13.941695213317871 0
v -84.68951416015625 -17.041942596435547 0
v -82.455322265625 -19.893680572509766 0
v -79.8936767578125 -22.455322265625 0
v -77.04193878173828 -24.689516067504883 0
v -73.94169616699219 -26.56368064880371 0
v -70.63814544677734 -28.050487518310547 0
v -67.1794662475586 -29.128253936767578 0
v -63.6161003112793 -29.781267166137695 0
v -49.020774841308594 0 0
v -49.25135040283203 2.3410837650299072 0
v -49.93421936035156 4.592201232910156 0
v -51.04314041137695 6.666842937469482 0
v -52.535491943359375 8.485280990600586 0
v -54.35393142700195 9.977635383605957 0
v -56.42857360839844 11.086554527282715 0
v -58.679691314697266 11.769423484802246 0
v -61.020774841308594 12 0
v -63.36185836791992 11.769423484802246 0
v -65.61297607421875 11.086554527282715 0
v -67.68761444091797 9.977635383605957 0
v -69.50605773925781 8.485280990600586 0
v -70.9984130859375 6.666842937469482 0
v -72.10733032226562 4.592201232910156 0
v -72.79019927978516 2.3410837650299072 0
v -73.0207748413086 0 0
v -73.0207748413086 0 12
v -49.020774841308594 0 12
v -49.25135040283203 2.3410837650299072 12
v -49.93421936035156 4.592201232910156 12
v -51.04314041137695 6.666842937469482 12
v -52.535491943359375 8.485280990600586 12
v -54.35393142700195 9.977635383605957 12
v -56.42857360839844 11.086554527282715 12
v -58.679691314697266 11.769423484802246 12
v -61.020774841308594 12 12
v -63.36185836791992 11.769423484802246 12
v -65.61297607421875 11.086554527282715 12
v -67.68761444091797 9.977635383605957 12
v -69.50605773925781 8.485280990600586 12
v -70.9984130859375 6.666842937469482 12
v -72.10733032226562 4.592201232910156 12
v -72.79019927978516 2.3410837650299072 12
v -73.0207748413086 0 0
v -72.79019927978516 -2.3410837650299072 0
v -72.10733032226562 -4.592201232910156 0
v -70.9984130859375 -6.666842937469482 0
v -69.50605773925781 -8.485280990600586 0
v -67.68761444091797 -9.977635383605957 0
v -65.61297607421875 -11.086554527282715 0
v -63.36185836791992 -11.769423484802246 0
v -61.020774841308594 -12 0
v -58.679691314697266 -11.769423484802246 0
v -56.42857360839844 -11.086554527282715 0
v -54.35393142700195 -9.977635383605957 0
v -52.535491943359375 -8.485280990600586 0
v -51.04314041137695 -6.666842937469482 0
v -49.93421936035156 -4.592201232910156 0
v -49.25135040283203 -2.3410837650299072 0
v -49.020774841308594 0 0
v -49.020774841308594 0 12
v -73.0207748413086 0 12
v -72.79019927978516 -2.3410837650299072 12
v -72.10733032226562 -4.592201232910156 12
v -70.9984130859375 -6.666842937469482 12
v -69.50605773925781 -8.485280990600586 12
v -67.68761444091797 -9.977635383605957 12
v -65.61297607421875 -11.086554527282715 12
v -63.36185836791992 -11.769423484802246 12
v -61.020774841308594 -12 12
v -58.679691314697266 -11.769423484802246 12
v -56.42857360839844 -11.086554527282715 12
v -54.35393142700195 -9.977635383605957 12
v -52.535491943359375 -8.485280990600586 12
v -51.04314041137695 -6.666842937469482 12
v -49.93421936035156 -4.592201232910156 12
v -49.25135040283203 -2.3410837650299072 12
v 73.0207748413086 0 0
v 72.79019927978516 2.3410837650299072 0
v 72.10733032226562 4.592201232910156 0
v 70.9984130859375 6.666842937469482 0
v 69.50605773925781 8.485280990600586 0
v 67.68761444091797 9.977635383605957 0
v 65.61297607421875 11.086554527282715 0
v 63.36185836791992 11.769423484802246 0
v 61.020774841308594 12 0
v 58.679691314697266 11.769423484802246 0
v 56.42857360839844 11.086554527282715 0
v 54.35393142700195 9.977635383605957 0
v 52.535491943359375 8.485280990600586 0
v 51.04314041137695 6.666842937469482 0
v 49.93421936035156 4.592201232910156 0
v 49.25135040283203 2.3410837650299072 0
v 49.020774841308594 0 0
v 49.020774841308594 0 12
v 73.0207748413086 0 12
v 72.79019927978516 2.3410837650299072 12
v 72.10733032226562 4.592201232910156 12
v 70.9984130859375 6.666842937469482 12
v 69.50605773925781 8.485280990600586 12
v 67.68761444091797 9.977635383605957 12
v 65.61297607421875 11.086554527282715 12
v 63.36185836791992 11.769423484802246 12
v 61.020774841308594 12 12
v 58.679691314697266 11.769423484802246 12
v 56.42857360839844 11.086554527282715 12
v 54.35393142700195 9.977635383605957 12
v 52.535491943359375 8.485280990600586 12
v 51.04314041137695 6.666842937469482 12
v 49.93421936035156 4.592201232910156 12
v 49.25135040283203 2.3410837650299072 12
v 49.020774841308594 0 0
v 49.25135040283203 -2.3410837650299072 0
v 49.93421936035156 -4.592201232910156 0
v 51.04314041137695 -6.666842937469482 0
v 52.535491943359375 -8.485280990600586 0
v 54.35393142700195 -9.977635383605957 0
v 56.42857360839844 -11.086554527282715 0
v 58.679691314697266 -11.769423484802246 0
v 61.020774841308594 -12 0
v 63.36185836791992 -11.769423484802246 0
v 65.61297607421875 -11.086554527282715 0
v 67.68761444091797 -9.977635383605957 0
v 69.50605773925781 -8.485280990600586 0
v 70.9984130859375 -6.666842937469482 0
v 72.10733032226562 -4.592201232910156 0
v 72.79019927978516 -2.3410837650299072 0
v 73.0207748413086 0 0
v 73.0207748413086 0 12
v 49.020774841308594 0 12
v 49.25135040283203 -2.3410837650299072 12
v 49.93421936035156 -4.592201232910156 12
v 51.04314041137695 -6.666842937469482 12
v 52.535491943359375 -8.485280990600586 12
v 54.35393142700195 -9.977635383605957 12
v 56.42857360839844 -11.086554527282715 12
v 58.679691314697266 -11.769423484802246 12
v 61.020774841308594 -12 12
v 63.36185836791992 -11.769423484802246 12
v 65.61297607421875 -11.086554527282715 12
v 67.68761444091797 -9.977635383605957 12
v 69.50605773925781 -8.485280990600586 12
v 70.9984130859375 -6.666842937469482 12
v 72.10733032226562 -4.592201232910156 12
v 72.79019927978516 -2.3410837650299072 12
vn 0 0 -1
vn 0 0 -1
vn 0 0 -1
vn 0 0 -1
vn 0 0 -1
vn 0 0 -1
vn 0 0 -1
vn 0 0 -1
vn 0 0 -1
vn 0 0 -1
vn 0 0 -1
vn 0 0 -1
vn 0 0 -1
vn 0 0 -1
vn 0 0 -1
vn 0 0 -1
vn 0 0 -1
vn 0 0 -1
vn 0 0 -1
vn 0 0 -1
vn 0 0 -1
vn 0 0 -1
vn 0 0 -1
vn 0 0 -1
vn 0 0 -1
vn 0 0 -1
vn 0 0 -1
vn 0 0 -1
vn 0 0 -1
vn 0 0 -1
vn 0 0 -1
vn 0 0 -1
vn 0 0 -1
vn 0 0 -1
vn 0 0 -1
vn 0 0 -1
vn 0 0 -1
vn 0 0 -1
vn 0 0 -1
vn 0 0 -1
vn 0 0 -1
vn 0 0 -1
vn 0 0 -1
vn 0 0 -1
vn 0 0 -1
vn 0 0 -1
vn 0 0 -1
vn 0 0 -1
vn 0 0 -1
vn 0 0 -1
vn 0 0 -1
vn 0 0 -1
vn 0 0 -1
vn 0 0 -1
vn 0 0 -1
vn 0 0 -1
vn 0 0 -1
vn 0 0 -1
vn 0 0 -1
vn 0 0 -1
vn 0 0 -1
vn 0 0 -1
vn 0 0 -1
vn 0 0 -1
vn 0 0 -1
vn 0 0 -1
vn 0 0 -1
vn 0 0 -1
vn 0 0 -1
vn 0 0 -1
vn 0 0 -1
vn 0 0 -1
vn 0 0 -1
vn 0 0 -1
vn 0 0 -1
vn 0 0 -1
vn 0 0 -1
vn 0 0 -1
vn 0 0 -1
vn 0 0 -1
vn 0 0 -1
vn 0 0 -1
vn 0 0 -1
vn 0 0 -1
vn 0 0 -1
vn 0 0 -1
vn 0 0 -1
vn 0 0 -1
vn 0 0 -1
vn 0 0 -1
vn 0 0 -1
vn 0 0 -1
vn 0 0 -1
vn 0 0 -1
vn 0 0 -1
vn 0 0 -1
vn 0 0 -1
vn 0 0 -1
vn 0 0 -1
vn 0 0 -1
vn 0 0 -1
vn 0 0 -1
vn 0 0 -1
vn 0 0 -1
vn 0 0 -1
vn 0 0 -1
vn 0 0 -1
vn 0 0 -1
vn 0 0 -1
vn 0 0 -1
vn 0 0 -1
vn 0 0 -1
vn 0 0 -1
vn 0 0 -1
vn 0 0 -1
vn 0 0 -1
vn 0 0 -1
vn 0 0 -1
vn 0 0 -1
vn 0 0 -1
vn 0 0 -1
vn 0 0 -1
vn -0.9976687689043533 1.6664235467159793e-17 -0.06824241754856118
vn -0.9873246535369503 1.993908275579503e-17 -0.15871366834063452
vn -0.9629172814040033 2.143062538069712e-17 -0.2697967923707086
vn -0.9172113033690057 -9.803936624162582e-18 -0.39840108555591236
vn -0.8423536428307105 -6.933338979449395e-18 -0.5389251714383286
vn -0.7757112627749289 3.290923943012176e-17 -0.6310879786560071
vn -0.6825531218572521 2.6711783236356107e-17 -0.7308359842282802
vn -0.5766803192275053 9.173085014346966e-18 -0.8169698950485647
vn -0.46006503941264515 2.5481760055847213e-18 -0.8878852175310957
vn -0.31331404972984506 -2.848778590348522e-17 -0.9496495702320326
vn -0.20345600268134528 -3.4919569072388383e-17 -0.9790840898375013
vn -0.09096624844264219 -4.203473196538529e-17 -0.9958539760649007
vn 0.0454831245417273 1.2470337383002203e-18 -0.9989651071893961
vn 0.20345600268134528 3.523654137936257e-17 -0.9790840898375013
vn 0.33487960789892396 3.878072200169022e-17 -0.9422609236371118
vn 0.43970641528631765 -8.418514885642006e-18 -0.8981415636502168
vn 0.5579078781624998 -1.8135106056567473e-17 -0.8299028855740997
vn 0.6657166243279381 -3.136170477202118e-17 -0.7462046475956947
vn 0.7611242419247816 -4.0149387571013125e-17 -0.6486061118694665
vn 0.8423536428307105 5.8244189947886735e-18 -0.5389251714383286
vn 0.9078915288490579 1.2044046901230369e-17 -0.4192051667669669
vn 0.9565171470535032 -1.893540639153868e-17 -0.2916761001395671
vn 0.9873246535369503 -2.043039660603234e-17 -0.15871366834063452
vn 0.9976687689043533 -1.6656999290974262e-17 -0.06824241754856118
vn 0.9976687689043533 0 -0.06824241754856118
vn 0.9935324092357846 -4.839257997785175e-18 -0.11354889606745389
vn 0.9688170219313349 -8.491056367747249e-18 -0.2477772750195206
vn 0.9260544202733278 7.030522371319315e-18 -0.3773899981348614
vn 0.8660411561534302 3.520926260876253e-17 -0.4999727151039641
vn 0.7898951643294874 -3.820527985780041e-18 -0.6132419011849177
vn 0.6990349852865821 -2.503996304258866e-17 -0.7150874697163891
vn 0.5951530886182597 -9.589484912944887e-18 -0.8036123450446403
vn 0.4801845862461435 -7.17043335864744e-18 -0.8771674658419679
vn 0.33487960789892396 2.1561453688879864e-17 -0.9422609236371118
vn 0.20345600268134528 3.4629490061910883e-17 -0.9790840898375013
vn 0.09096624844264219 4.203473196538529e-17 -0.9958539760649007
vn -0.0454831245417273 -1.2470333247099047e-18 -0.9989651071893961
vn -0.20345600268134528 -3.523701783540287e-17 -0.9790840898375013
vn -0.35627114656292 -2.7046660235529452e-17 -0.9343826144180671
vn -0.46006501591827703 1.7439219228349462e-17 -0.8878852297048959
vn -0.5766803192275053 1.684989124736219e-17 -0.8169698950485647
vn -0.6825531218572521 3.183850977684857e-17 -0.7308359842282802
vn -0.7757112627749289 1.5186940571045365e-17 -0.6310879786560071
vn -0.8660411561534302 -3.542211602599291e-17 -0.4999727151039641
vn -0.9172113033690057 -9.330778555690998e-18 -0.39840108555591236
vn -0.9629172736615982 9.115462572504905e-18 -0.26979682000371075
vn -0.9935324092357846 4.844092454826733e-18 -0.11354889606745389
vn -0.9976687689043533 0 -0.06824241754856118
vn 0 1 0
vn 0 1 0
vn 0 1 0
vn 0 1 0
vn 0 1 0
vn 0 1 0
vn 0 1 0
vn 0 1 0
vn 0 1 0
vn 0 1 0
vn 0 1 0
vn 0 1 0
vn 0 1 0
vn 0 1 0
vn 0 1 0
vn 0 1 0
vn 0 1 0
vn 0 1 0
vn 0 1 0
vn 0 1 0
vn 0 1 0
vn 0 1 0
vn 0 1 0
vn 0 1 0
vn 0 1 0
vn 0 1 0
vn 0 1 0
vn 0 1 0
vn 0 1 0
vn 0 1 0
vn 0 1 0
vn 0 1 0
vn 0 1 0
vn 0 1 0
vn 0 1 0
vn 0 1 0
vn 0 1 0
vn 0 1 0
vn 0 1 0
vn 0 1 0
vn 0 1 0
vn 0 1 0
vn 0 1 0
vn 0 1 0
vn 0 1 0
vn 0 1 0
vn 0 1 0
vn 0 1 0
vn 0 1 0
vn 0 1 0
vn 0 1 0
vn 0 1 0
vn 0 1 0
vn 0 1 0
vn 0 1 0
vn 0 1 0
vn 0 1 0
vn 0 1 0
vn 0 1 0
vn 0 1 0
vn 0 1 0
vn 0 1 0
vn 0 1 0
vn 0 1 0
vn 0 1 0
vn 0 1 0
vn 0 1 0
vn 0 1 0
vn 0 1 0
vn 0 1 0
vn 0 1 0
vn 0 1 0
vn 0 1 0
vn 0 1 0
vn 0 1 0
vn 0 1 0
vn 0 1 0
vn 0 1 0
vn 0 1 0
vn 0 1 0
vn 0 1 0
vn 0 1 0
vn 0 1 0
vn 0 1 0
vn -0.9951847265167456 0 -0.09801714190788421
vn -0.9738556862609168 0 -0.22716756444809408
vn -0.9108251217075813 0 -0.412792438964632
vn -0.8127920584358029 0 -0.5825539200311763
vn -0.7071067811865476 0 -0.7071067811865476
vn -0.5825538806545026 0 -0.8127920866583161
vn -0.3826834370613369 0 -0.9238795305660377
vn -0.16280298341553193 0 -0.9866585977890235
vn 0.03281278483043951 0 -0.9994615155931073
vn 0.19509032931342324 0 -0.9807852789517083
vn 0.3826834370613369 0 -0.9238795305660377
vn 0.5825539200311763 0 -0.8127920584358029
vn 0.7071067811865476 0 -0.7071067811865476
vn 0.8314696016585884 0 -0.555570248949409
vn 0.9359389483154859 0 -0.3521622992685364
vn 0.9807852789517083 0 -0.19509032931342324
vn 0.9951847265167456 0 -0.09801714190788421
vn 0.9951847265167456 0 -0.09801714190788421
vn -0.9951847265167456 0 -0.09801714190788421
vn -0.9866585977890235 0 -0.16280298341553193
vn -0.9359389483154859 0 -0.3521622992685364
vn -0.8492516763971769 0 -0.5279882481046189
vn -0.7071067513842252 0 -0.7071068109888685
vn -0.5279882481046189 0 -0.8492516763971769
vn -0.3826834370613369 0 -0.9238795305660377
vn -0.22716756444809408 0 -0.9738556862609168
vn -0.03281278483043951 0 -0.9994615155931073
vn 0.19509032931342324 0 -0.9807852789517083
vn 0.3826834370613369 0 -0.9238795305660377
vn 0.5279882481046189 0 -0.8492516763971769
vn 0.7071068109888685 0 -0.7071067513842252
vn 0.8314696016585884 0 -0.555570248949409
vn 0.9108251217075813 0 -0.412792438964632
vn 0.9807852789517083 0 -0.19509032931342324
vn 0.9951847265167456 0 0.09801714190788421
vn 0.9807852789517083 0 0.19509032931342324
vn 0.9238795305660377 0 0.3826834370613369
vn 0.8127920584358029 0 0.5825539200311763
vn 0.7071067811865476 0 0.7071067811865476
vn 0.555570248949409 0 0.8314696016585884
vn 0.3521622992685364 0 0.9359389483154859
vn 0.16280298341553193 0 0.9866585977890235
vn -0.03281278483043951 0 0.9994615155931073
vn -0.22716756444809408 0 0.9738556862609168
vn -0.3826834370613369 0 0.9238795305660377
vn -0.555570248949409 0 0.8314696016585884
vn -0.7071067811865476 0 0.7071067811865476
vn -0.8314696016585884 0 0.555570248949409
vn -0.9359389483154859 0 0.3521622992685364
vn -0.9807852789517083 0 0.19509032931342324
vn -0.9951847265167456 0 0.09801714190788421
vn -0.9951847265167456 0 0.09801714190788421
vn 0.9951847265167456 0 0.09801714190788421
vn 0.9807852789517083 0 0.19509032931342324
vn 0.9238795305660377 0 0.3826834370613369
vn 0.8492516763971769 0 0.5279882481046189
vn 0.7071067513842252 0 0.7071068109888685
vn 0.555570248949409 0 0.8314696016585884
vn 0.412792438964632 0 0.9108251217075813
vn 0.22716756444809408 0 0.9738556862609168
vn 0.03281278483043951 0 0.9994615155931073
vn -0.16280298341553193 0 0.9866585977890235
vn -0.3826834370613369 0 0.9238795305660377
vn -0.555570248949409 0 0.8314696016585884
vn -0.7071068109888685 0 0.7071067513842252
vn -0.8314696016585884 0 0.555570248949409
vn -0.9108251217075813 0 0.412792438964632
vn -0.9807852789517083 0 0.19509032931342324
vn 0 -1 0
vn 0 -1 0
vn 0 -1 0
vn 0 -1 0
vn 0 -1 0
vn 0 -1 0
vn 0 -1 0
vn 0 -1 0
vn 0 -1 0
vn 0 -1 0
vn 0 -1 0
vn 0 -1 0
vn 0 -1 0
vn 0 -1 0
vn 0 -1 0
vn 0 -1 0
vn 0 -1 0
vn 0 -1 0
vn 0 -1 0
vn 0 -1 0
vn 0 -1 0
vn 0 -1 0
vn 0 -1 0
vn 0 -1 0
vn 0 -1 0
vn 0 -1 0
vn 0 -1 0
vn 0 -1 0
vn 0 -1 0
vn 0 -1 0
vn 0 -1 0
vn 0 -1 0
vn 0 -1 0
vn 0 -1 0
vn 0 -1 0
vn 0 -1 0
vn 0 -1 0
vn 0 -1 0
vn 0 -1 0
vn 0 -1 0
vn 0 -1 0
vn 0 -1 0
vn 0 -1 0
vn 0 -1 0
vn 0 -1 0
vn 0 -1 0
vn 0 -1 0
vn 0 -1 0
vn 0 -1 0
vn 0 -1 0
vn 0 -1 0
vn 0 -1 0
vn 0 -1 0
vn 0 -1 0
vn 0 -1 0
vn 0 -1 0
vn 0 -1 0
vn 0 -1 0
vn 0 -1 0
vn 0 -1 0
vn 0 -1 0
vn 0 -1 0
vn 0 -1 0
vn 0 -1 0
vn 0 -1 0
vn 0 -1 0
vn 0 -1 0
vn 0 -1 0
vn 0 -1 0
vn 0 -1 0
vn 0 -1 0
vn 0 -1 0
vn 0 -1 0
vn 0 -1 0
vn -0.9972037975550465 0 0.07473008859752536
vn -0.9909463501781235 -0.0000019342100995854263 0.1342584487654867
vn -0.962376572944582 0.00004594697281043716 0.27171921120214804
vn -0.9107941955483418 0.00009191597170778093 0.41286066040118546
vn -0.8386446147820961 0.00013629895547303736 0.5446789802439457
vn -0.7475570255192295 0.0001790960769759974 0.6641976072837339
vn -0.6395883718142676 0.0002203073872646894 0.7687175463748888
vn -0.5171766723665 0.0002599329668708828 0.8558786257377659
vn -0.3830863005926482 0.00029797293763578545 0.9237125080404441
vn -0.24034516106576584 0.0003344273079863023 0.9706874325500702
vn -0.09217659272480727 0.0003692961427868311 0.9957426069893784
vn 0.05807349425955997 0.0004025796347667947 0.9983122293121138
vn 0.20701219649452113 0.000434277735363854 0.9783382655837205
vn 0.3512762547540958 0.0004643905347707166 0.9362717432387708
vn 0.4876078900858384 0.0004929180659582543 0.8730625994496711
vn 0.6129284498527496 0.0005198605356439298 0.7901382443004066
vn 0.7244081233661692 0.0005452177521800935 0.6893711435349666
vn 0.8195294078935185 0.0005689899509919731 0.573036845105212
vn 0.8961442632646991 0.0005911771390529591 0.44376244763089173
vn 0.95252268238282 0.0006117793300694207 0.30446701836535384
vn 0.9890644877681755 0.0005672719408321733 0.14748259978187964
vn 0.9972037975550465 0 0.07473008859752536
vn -0.9971581705518395 -0.00007573160843754375 0.07533642655735769
vn -0.9971129135822618 0 0.0759331124575617
vn 0.07083697479523629 -0.3601705063987655 -0.9301931677465254
vn 0.1797866661017205 -0.08966881725655872 -0.9796102581658884
vn 0.30228495816073264 -0.01747151290572864 -0.9530574748180454
vn 0.45447223879985316 -0.0008754552013120981 -0.8907604715850608
vn 0.5837755837736947 -0.0012551921036796324 -0.8119140916885634
vn 0.6974198424634669 -0.0015516257131178747 -0.7166611164252455
vn 0.7957288662704943 -0.0017693103379698477 -0.6056504279902739
vn 0.8765412347950621 -0.0019082541794679202 -0.48132299162821435
vn 0.938080233025453 -0.0019684629133085245 -0.34641247315977347
vn 0.9789928687083659 -0.001949938807780022 -0.2038851656124354
vn 0.9983796038776545 -0.0018526815403098107 -0.05687472313961563
vn 0.9945135109124204 -0.0009562674087756515 0.10460383437185415
vn 0.9704305959030393 -0.0007261364828924106 0.2413792270703518
vn 0.9229954517683853 -0.0007054644548337282 0.38481021079848876
vn 0.8544952116761894 -0.0006831382508916571 0.5194588208362569
vn 0.7664932528548399 -0.0006591579225918063 0.6422520212804624
vn 0.6609978784427392 -0.0006335237516785276 0.7503875021226392
vn 0.5404168322446813 -0.0006062352863019553 0.8413972188600349
vn 0.407502191898292 -0.0005772928533314679 0.9132040463834188
vn 0.26528715279911985 -0.0005466961135470488 0.964169294098861
vn 0.11701758705420391 -0.0005144450589174803 0.9931297093865901
vn -0.03392262784560572 -0.00048053975144285655 0.999424346512329
vn -0.18408867324604591 -0.0004449800668014467 0.982909539263533
vn -0.3300533957840529 -0.00040776588968316013 0.9439621759680812
vn -0.4684853764155326 -0.0003688971268386821 0.883471174402259
vn -0.5962254409768868 -0.00032837380448424655 0.8028169876768687
vn -0.7103580375054183 -0.00028619581111395665 0.7038404482859794
vn -0.8082784518771817 -0.00024236303892813434 0.5888003783042126
vn -0.8877518200346851 -0.00019687540822677967 0.46032235147250666
vn -0.9469644013403832 -0.00014973285139308594 0.3213384511292154
vn -0.9869717680076365 -0.00008667039704945577 0.1608935102610496
vn 0.3642974833003796 -0.0006437987391073884 -0.9312824110785048
vn 0.2250691177715678 -0.018186453507273825 -0.9741730570767988
vn 0.11193589198350394 -0.09512989288652653 -0.9891514846398682
vn 0.366302078011726 0 -0.9304959901280023
vn 0.9995192556848611 0.0007132015498304363 0.030995949069689572
vn 0.9907983854842016 0.000923475282460974 -0.13534292192538852
vn 0.9609389394250639 0.0009705259089045033 -0.27675876278104306
vn 0.9110055135974534 0.0009535862074030838 -0.4123930708297422
vn 0.8420412480458528 0.000872655299795653 -0.539412435027327
vn 0.7554869032015816 0.0007277296949600814 -0.65516334566303
vn 0.6531505551542849 0.0005188023179496235 -0.7572278937980325
vn 0.5371702856171513 0.00024586322007761577 -0.8434737837071553
vn 0.41169047684551435 -0.0000641192823997915 -0.9113237334577822
vn 0.9835886642396142 0 0.18042544049920356
vn 0.9835886642396142 0 0.18042544049920356
vn 0.9835886642396142 0 0.18042544049920356
vn 0.9835886642396142 0 0.18042544049920356
vn 0 0 1
vn 0 0 1
vn 0 0 1
vn 0 0 1
vn 0 0 1
vn 0 0 1
vn 0 0 1
vn 0 0 1
vn 0 0 1
vn 0 0 1
vn 0 0 1
vn 0 0 1
vn 0 0 1
vn 0 0 1
vn 0 0 1
vn 0 0 1
vn 0 0 1
vn 0 0 1
vn 0 0 1
vn 0 0 1
vn 0 0 1
vn 0 0 1
vn 0 0 1
vn 0 0 1
vn 0 0 1
vn 0 0 1
vn 0 0 1
vn 0 0 1
vn 0 0 1
vn 0 0 1
vn 0 0 1
vn 0 0 1
vn 0 0 1
vn 0 0 1
vn 0 0 1
vn 0 0 1
vn 0 0 1
vn 0 0 1
vn 0 0 1
vn 0 0 1
vn 0 0 1
vn 0 0 1
vn 0 0 1
vn 0 0 1
vn 0 0 1
vn 0 0 1
vn 0 0 1
vn 0 0 1
vn 0 0 1
vn 0 0 1
vn 0 0 1
vn 0 0 1
vn 0 0 1
vn 0 0 1
vn 0 0 1
vn 0 0 1
vn 0 0 1
vn 0 0 1
vn 0 0 1
vn 0 0 1
vn 0 0 1
vn 0 0 1
vn 0 0 1
vn 0 0 1
vn 0 0 1
vn 0 0 1
vn 0 0 1
vn 0 0 1
vn 0 0 1
vn 0 0 1
vn 0 0 1
vn 0 0 1
vn 0 0 1
vn 0 0 1
vn 0 0 1
vn 0 0 1
vn 0 0 1
vn 0 0 1
vn 0 0 1
vn 0 0 1
vn 0 0 1
vn 0 0 1
vn 0 0 1
vn 0 0 1
vn 0 0 1
vn 0 0 1
vn 0 0 1
vn 0 0 1
vn 0 0 1
vn 0 0 1
vn 0 0 1
vn 0 0 1
vn 0 0 1
vn 0 0 1
vn 0 0 1
vn 0 0 1
vn 0 0 1
vn 0 0 1
vn 0 0 1
vn 0 0 1
vn 0 0 1
vn 0 0 1
vn 0 0 1
vn 0 0 1
vn 0 0 1
vn 0 0 1
vn 0 0 1
vn 0 0 1
vn 0 0 1
vn 0 0 1
vn 0 0 1
vn 0 0 1
vn 0 0 1
vn 0 0 1
vn 0 0 1
vn 0 0 1
vn 0 0 1
vn 0 0 1
vn 0 0 1
vn 0 0 1
vn 0 0 1
vn 0 0 1
vn 0 0 1
vn 0 0 1
vn -0.9835886642396142 0 0.18042544049920356
vn -0.9835886642396142 0 0.18042544049920356
vn -0.9835886642396142 0 0.18042544049920356
vn -0.9835886642396142 0 0.18042544049920356
vn 0 -1 0
vn 0 -1 0
vn 0 -1 0
vn 0 -1 0
vn 0 -1 0
vn 0 -1 0
vn 0 -1 0
vn 0 -1 0
vn 0 -1 0
vn 0 -1 0
vn 0 -1 0
vn 0 -1 0
vn 0 -1 0
vn 0 -1 0
vn 0 -1 0
vn 0 -1 0
vn 0 -1 0
vn 0 -1 0
vn 0 -1 0
vn 0 -1 0
vn 0 -1 0
vn 0 -1 0
vn 0 -1 0
vn 0 -1 0
vn 0 -1 0
vn 0 -1 0
vn 0 -1 0
vn 0 -1 0
vn 0 -1 0
vn 0 -1 0
vn 0 -1 0
vn 0 -1 0
vn 0 -1 0
vn 0 -1 0
vn 0 -1 0
vn 0 -1 0
vn 0 -1 0
vn 0 -1 0
vn 0 -1 0
vn 0 -1 0
vn 0 -1 0
vn 0 -1 0
vn 1 0 0
vn 1 0 0
vn 1 0 0
vn 1 0 0
vn 1 0 0
vn 1 0 0
vn 1 0 0
vn 1 0 0
vn 0.21883819683183903 0 0.975761161149279
vn 0.2874268853497193 0 0.9578025817349622
vn 0.38747445453055857 0 0.9218804407764849
vn 0.4831434938298019 0 0.8755411837086432
vn 0.5733531267542064 0 0.8193083619988112
vn 0.6570839513192444 0 0.7538174055556749
vn 0.7333897294039406 0 0.6798084324313833
vn 0.7906721133217902 0 0.612239829817739
vn 0.8417502657519883 0 0.5398671041158712
vn 0.9020986459676321 0 0.43152987491408357
vn 0.9237595690425002 0 0.38297292150022055
vn 0.9237595690425002 0 0.38297292150022055
vn 0.21883819683183903 0 0.975761161149279
vn 0.2532701463859842 0 0.967395592790055
vn 0.35452899931712123 0 0.9350450195809829
vn 0.4517816653826993 0 0.8921285371649282
vn 0.5439292811205808 0 0.8391310607644363
vn 0.6299304357994822 0 0.7766515602594734
vn 0.7088135813784819 0 0.705395851173942
vn 0.7906721133217902 0 0.612239829817739
vn 0.8603710557306851 0 0.5096681728937626
vn 0.902098634366109 0 0.4315298991666754
vn -0.9237595690425002 0 0.38297292150022055
vn -0.8943017238033825 0 0.44746444194181345
vn -0.8417502657519883 0 0.5398671041158712
vn -0.7906721133217902 0 0.612239829817739
vn -0.7333897294039406 0 0.6798084324313833
vn -0.6570839513192444 0 0.7538174055556749
vn -0.5733531267542064 0 0.8193083619988112
vn -0.4831435418889198 0 0.8755411571885295
vn -0.38747440791156745 0 0.9218804603708552
vn -0.2874268853497193 0 0.9578025817349622
vn -0.21883819683183903 0 0.975761161149279
vn -0.9237595690425002 0 0.38297292150022055
vn -0.9096116437529046 0 0.41545957390477717
vn -0.8603710557306851 0 0.5096681728937626
vn -0.7906721133217902 0 0.612239829817739
vn -0.7088135517202049 0 0.7053958809759158
vn -0.6299305009130309 0 0.7766515074468456
vn -0.5439292811205808 0 0.8391310607644363
vn -0.4517816891021686 0 0.8921285251531819
vn -0.35452899931712123 0 0.9350450195809829
vn -0.2532701463859842 0 0.967395592790055
vn -0.21883819683183903 0 0.975761161149279
vn 0 -1 0
vn 0 -1 0
vn 0 -1 0
vn 0 -1 0
vn 0 -1 0
vn 0 -1 0
vn 0 -1 0
vn 0 -1 0
vn 0 -1 0
vn 0 -1 0
vn 0 -1 0
vn 0 -1 0
vn 0 -1 0
vn 0 -1 0
vn 0 -1 0
vn 0 -1 0
vn 0 -1 0
vn 0 -1 0
vn 0 -1 0
vn 0 -1 0
vn 0 -1 0
vn 0 -1 0
vn 0 -1 0
vn 0 -1 0
vn 0 -1 0
vn 0 -1 0
vn 0 -1 0
vn 0 -1 0
vn 0 -1 0
vn 0 -1 0
vn 0 -1 0
vn 0 -1 0
vn 0 -1 0
vn 0 -1 0
vn 0 -1 0
vn 0 -1 0
vn 0 -1 0
vn 0 -1 0
vn 0 -1 0
vn 0 -1 0
vn 0 -1 0
vn 0 -1 0
vn 0 -1 0
vn 0 -1 0
vn 0 -1 0
vn 0 -1 0
vn 0 -1 0
vn 0 -1 0
vn 0 -1 0
vn 0 -1 0
vn 0 -1 0
vn 0 -1 0
vn 0.08302712582954916 -0.6667247528990581 0.7406649716627446
vn 0.07776627412794603 -0.6654079915662758 0.7424180839446142
vn 0.0700789323017506 -0.6652901821172059 0.7432885824670667
vn 0.0640626087917084 -0.6651298846448885 0.7439746089128835
vn 0.015921715474877408 -0.6646874475155726 0.7469518699967018
vn 0.05581687408707078 -0.6647114775043199 0.7450121665054688
vn 0.04318766742923152 -0.6643717999599246 0.7461534271180641
vn 0.021848468205471552 -0.6658239989775642 0.7457888755020414
vn -0.00002041616005829007 -0.6696457677490424 0.7426806482728466
vn -0.021884605733330564 -0.6658185259731099 0.7457927020981713
vn -0.043240691731505236 -0.6643727308832494 0.7461495272646861
vn -0.05583509859120551 -0.6647142834933761 0.7450082973264107
vn -0.08302712582954916 -0.6667247528990581 0.7406649716627446
vn -0.07776627412794603 -0.6654079915662758 0.7424180839446142
vn -0.0700789323017506 -0.6652901821172059 0.7432885824670667
vn -0.0640626087917084 -0.6651298846448885 0.7439746089128835
vn -0.02137999231275233 -0.6645126922320581 0.7469710689117811
vn 0.04846761532794442 -0.6650670386394296 0.7452091816260733
vn -0.03317400348286924 -0.6648317390505154 0.7462561518969112
vn -0.03726386262989482 -0.6646352381996168 0.7462381688745484
vn 0.024884190591635276 -0.6644554186583391 0.746913498120211
vn -0.022107783051178522 -0.6644370359376472 0.7470171826691511
vn 0.03330752933242606 -0.6646430958047607 0.7464182230417699
vn -0.01581777771269934 -0.6564416093319477 0.7542109860283888
vn 0.018127858791217075 -0.6612701471627843 0.7499287787563264
vn -0.018387255700444964 -0.677810650892148 0.73500655123949
vn 0.02199699979007976 -0.672172565657004 0.7400676820253103
vn -1 0 0
vn -1 0 0
vn -1 0 0
vn -1 0 0
vn -1 0 0
vn -1 0 0
vn -1 0 0
vn -1 0 0
vn -0.06802604363788123 -0.30120989752556027 -0.9511283062866012
vn -0.1713366493425288 -0.07951620151252044 -0.9819984349728341
vn -0.2884150120062427 -0.021458817442225744 -0.9572650103306921
vn -0.4199834679445781 -0.001018580261599264 -0.907531183567538
vn -0.5251206786379004 -0.0006135139883089765 -0.8510275532951075
vn -0.6403512722029845 -0.0005454516305761156 -0.7680819947574203
vn -0.7426736163807243 -0.0004748350352852696 -0.6696533984559968
vn -0.8300251604694864 -0.00040166389659958453 -0.5577258032884239
vn -0.900644942944352 -0.00032593827381932904 -0.4345556126815147
vn -0.9531095022000671 -0.0002476579682759463 -0.3026255367305794
vn -0.9863612143890569 -0.00016682288118184414 -0.1645950391690802
vn -0.9974895212276702 -0.00012517829716474882 -0.07081411844672608
vn -0.9975272260348064 0 -0.07028110214918581
vn -0.366302078011726 0 -0.9304959901280023
vn -0.4292761863366598 0.0003958015768378114 -0.9031731833847622
vn -0.5688575687091796 0.00043411015865526945 -0.8224359416213832
vn -0.6790806318716905 0.000367480780993822 -0.7340635942305143
vn -0.7757500002221559 0.0002983967787796288 -0.6310402904052068
vn -0.856936375712454 0.00022685812503994333 -0.5154221536917046
vn -0.9210193320697162 0.00015286467076632647 -0.38951683735911347
vn -0.9667198539657409 0.00007641627505248793 -0.25583728834751457
vn -0.9931258405830891 -0.000002487154422634466 -0.1170515474478947
vn -0.3576397894365464 0.0004066222462088671 -0.9338595267330798
vn -0.10887186087949924 -0.07089397964272155 -0.9915245642741548
vn -0.2181114704067431 -0.01099656150073005 -0.9758619072964009
vn 0.06037849888792025 0.9981755541346629 0
vn 0.06037849888792025 0.9981755541346629 0
vn 0.06037849888792025 -0.9981755541346629 0
vn 0.10050031043125253 -0.9949370269535766 0
vn 0.21969396101451502 -0.9755688409813796 0
vn 0.3546049074985718 -0.9350162349274633 0
vn 0.46472319367512127 -0.8854560143001997 0
vn 0.5513588612144374 -0.8342681859931604 0
vn 0.6478987246436793 -0.7617264880553214 0
vn 0.7349908341461584 -0.6780770411399684 0
vn 0.822983863131343 -0.5680647507330577 0
vn 0.8854560143001997 -0.46472319367512127 0
vn 0.9350162523037244 -0.3546048616811362 0
vn 0.9709418166215136 -0.2393156675516985 0
vn 0.9927088733532464 -0.12053668638936571 0
vn 1 0 0
vn 0.992708875136287 0.12053667170470467 0
vn 0.9709418166215136 0.2393156675516985 0
vn 0.9419746629619753 0.3356839798645045 0
vn 0.8946443801126384 0.44677895332353457 0
vn 0.822983863131343 0.5680647507330577 0
vn 0.7349908341461584 0.6780770411399684 0
vn 0.6478987540598605 0.7617264630349139 0
vn 0.5680647507330577 0.822983863131343 0
vn 0.48247848887789935 0.875907819219636 0
vn 0.3733816753691111 0.9276778128739286 0
vn 0.2393156535039567 0.9709418200839708 0
vn 0.1205366790470352 0.9927088742447667 0
vn 0.06037849888792025 -0.9981755541346629 0
vn 0.14052406048638894 -0.9900772638660165 0
vn 0.2588401065768757 -0.9659201826379195 0
vn 0.3546049074985718 -0.9350162349274633 0
vn 0.46472314694315014 -0.8854560388270304 0
vn 0.5845397659716894 -0.8113650608682644 0
vn 0.6780770411399684 -0.7349908341461584 0
vn 0.7617264630349139 -0.6478987540598605 0
vn 0.822983863131343 -0.5680647507330577 0
vn 0.8854560143001997 -0.46472319367512127 0
vn 0.9350162349274633 -0.3546049074985718 0
vn 0.9709418200839708 -0.2393156535039567 0
vn 0.9927088742447667 -0.1205366790470352 0
vn 1 0 0
vn 0.9927088742447667 0.1205366790470352 0
vn 0.9709418166215136 0.2393156675516985 0
vn 0.9276778025510626 0.3733817010165759 0
vn 0.875907819219636 0.48247848887789935 0
vn 0.822983863131343 0.5680647507330577 0
vn 0.7617264880553214 0.6478987246436793 0
vn 0.6780770411399684 0.7349908341461584 0
vn 0.5680646824970297 0.8229839102312685 0
vn 0.4467789771769721 0.894644368200403 0
vn 0.3356839798645045 0.9419746629619753 0
vn 0.2393156675516985 0.9709418166215136 0
vn 0.12053668638936571 0.9927088733532464 0
vn -0.06037849888792025 -0.9981755541346629 0
vn -0.06037849888792025 -0.9981755541346629 0
vn -0.06037849888792025 0.9981755541346629 0
vn -0.10050031043125253 0.9949370269535766 0
vn -0.21969396101451502 0.9755688409813796 0
vn -0.3546049074985718 0.9350162349274633 0
vn -0.46472319367512127 0.8854560143001997 0
vn -0.5680647507330577 0.822983863131343 0
vn -0.6780770411399684 0.7349908341461584 0
vn -0.7485107371801073 0.6631226706470623 0
vn -0.822983863131343 0.5680647507330577 0
vn -0.8854560143001997 0.46472319367512127 0
vn -0.9350162523037244 0.3546048616811362 0
vn -0.9709418166215136 0.2393156675516985 0
vn -0.9927088733532464 0.12053668638936571 0
vn -1 0 0
vn -0.992708875136287 -0.12053667170470467 0
vn -0.9709418166215136 -0.2393156675516985 0
vn -0.9419746629619753 -0.3356839798645045 0
vn -0.8946443801126384 -0.44677895332353457 0
vn -0.822983863131343 -0.5680647507330577 0
vn -0.7349908341461584 -0.6780770411399684 0
vn -0.6631226706470623 -0.7485107371801073 0
vn -0.5845396984641593 -0.8113651095033786 0
vn -0.46472319367512127 -0.8854560143001997 0
vn -0.3546049074985718 -0.9350162349274633 0
vn -0.2588401065768757 -0.9659201826379195 0
vn -0.14052408970020452 -0.9900772597196286 0
vn -0.06037849888792025 0.9981755541346629 0
vn -0.14052406048638894 0.9900772638660165 0
vn -0.2588401065768757 0.9659201826379195 0
vn -0.3546049074985718 0.9350162349274633 0
vn -0.46472314694315014 0.8854560388270304 0
vn -0.5680647507330577 0.822983863131343 0
vn -0.6478987540598605 0.7617264630349139 0
vn -0.7485107371801073 0.6631226706470623 0
vn -0.822983863131343 0.5680647507330577 0
vn -0.8854560143001997 0.46472319367512127 0
vn -0.9350162349274633 0.3546049074985718 0
vn -0.9709418200839708 0.2393156535039567 0
vn -0.9927088742447667 0.1205366790470352 0
vn -1 0 0
vn -0.9927088742447667 -0.1205366790470352 0
vn -0.9709418166215136 -0.2393156675516985 0
vn -0.9276778025510626 -0.3733817010165759 0
vn -0.875907819219636 -0.48247848887789935 0
vn -0.822983863131343 -0.5680647507330577 0
vn -0.7617264880553214 -0.6478987246436793 0
vn -0.6631226706470623 -0.7485107371801073 0
vn -0.5513588612144374 -0.8342681859931604 0
vn -0.46472319367512127 -0.8854560143001997 0
vn -0.3546048616811362 -0.9350162523037244 0
vn -0.21969396101451502 -0.9755688409813796 0
vn -0.1005003178065801 -0.9949370262085819 0
vn -0.9951847265167456 -0.09801714190788421 0
vn -0.9807852789517083 -0.19509032931342324 0
vn -0.9359389483154859 -0.3521622992685364 0
vn -0.8314696016585884 -0.555570248949409 0
vn -0.6835238946118218 -0.7299281372126212 0
vn -0.555570248949409 -0.8314696016585884 0
vn -0.3826834370613369 -0.9238795305660377 0
vn -0.16280298341553193 -0.9866585977890235 0
vn 0.03281278483043951 -0.9994615155931073 0
vn 0.22716756444809408 -0.9738556862609168 0
vn 0.412792438964632 -0.9108251217075813 0
vn 0.555570248949409 -0.8314696016585884 0
vn 0.7071067513842252 -0.7071068109888685 0
vn 0.8492516763971769 -0.5279882481046189 0
vn 0.9359389483154859 -0.3521622992685364 0
vn 0.9807852789517083 -0.19509032931342324 0
vn 0.9951847265167456 -0.09801714190788421 0
vn 0.9951847265167456 -0.09801714190788421 0
vn -0.9951847265167456 -0.09801714190788421 0
vn -0.9807852789517083 -0.19509032931342324 0
vn -0.9108251217075813 -0.412792438964632 0
vn -0.8314696016585884 -0.555570248949409 0
vn -0.7299281372126212 -0.6835238946118218 0
vn -0.555570248949409 -0.8314696016585884 0
vn -0.3826834370613369 -0.9238795305660377 0
vn -0.22716756444809408 -0.9738556862609168 0
vn -0.03281278483043951 -0.9994615155931073 0
vn 0.16280298341553193 -0.9866585977890235 0
vn 0.3521622992685364 -0.9359389483154859 0
vn 0.555570248949409 -0.8314696016585884 0
vn 0.7071067811865476 -0.7071067811865476 0
vn 0.8127920584358029 -0.5825539200311763 0
vn 0.9108251217075813 -0.412792438964632 0
vn 0.9807852789517083 -0.19509032931342324 0
vn 0.9951847265167456 0.09801714190788421 0
vn 0.9807852789517083 0.19509032931342324 0
vn 0.9108251217075813 0.412792438964632 0
vn 0.8314696016585884 0.555570248949409 0
vn 0.7071068109888685 0.7071067513842252 0
vn 0.5279882481046189 0.8492516763971769 0
vn 0.3826834370613369 0.9238795305660377 0
vn 0.19509032931342324 0.9807852789517083 0
vn -0.03281278483043951 0.9994615155931073 0
vn -0.22716756444809408 0.9738556862609168 0
vn -0.3826834370613369 0.9238795305660377 0
vn -0.5279882481046189 0.8492516763971769 0
vn -0.7071067513842252 0.7071068109888685 0
vn -0.8492516763971769 0.5279882481046189 0
vn -0.9359389483154859 0.3521622992685364 0
vn -0.9807852789517083 0.19509032931342324 0
vn -0.9951847265167456 0.09801714190788421 0
vn -0.9951847265167456 0.09801714190788421 0
vn 0.9951847265167456 0.09801714190788421 0
vn 0.9807852789517083 0.19509032931342324 0
vn 0.9359389483154859 0.3521622992685364 0
vn 0.8314696016585884 0.555570248949409 0
vn 0.7071067811865476 0.7071067811865476 0
vn 0.5825539200311763 0.8127920584358029 0
vn 0.3826834370613369 0.9238795305660377 0
vn 0.19509032931342324 0.9807852789517083 0
vn 0.03281278483043951 0.9994615155931073 0
vn -0.16280298341553193 0.9866585977890235 0
vn -0.3826834370613369 0.9238795305660377 0
vn -0.5825538806545026 0.8127920866583161 0
vn -0.7071067811865476 0.7071067811865476 0
vn -0.8127920584358029 0.5825539200311763 0
vn -0.9108251217075813 0.412792438964632 0
vn -0.9807852789517083 0.19509032931342324 0
vn -0.9951847265167456 -0.09801714190788421 0
vn -0.9807852789517083 -0.19509032931342324 0
vn -0.9359389483154859 -0.3521622992685364 0
vn -0.8314696016585884 -0.555570248949409 0
vn -0.6835238946118218 -0.7299281372126212 0
vn -0.555570248949409 -0.8314696016585884 0
vn -0.3826834370613369 -0.9238795305660377 0
vn -0.16280298341553193 -0.9866585977890235 0
vn 0.03281278483043951 -0.9994615155931073 0
vn 0.22716756444809408 -0.9738556862609168 0
vn 0.412792438964632 -0.9108251217075813 0
vn 0.555570248949409 -0.8314696016585884 0
vn 0.7071067513842252 -0.7071068109888685 0
vn 0.8492516763971769 -0.5279882481046189 0
vn 0.9359389483154859 -0.3521622992685364 0
vn 0.9807852789517083 -0.19509032931342324 0
vn 0.9951847265167456 -0.09801714190788421 0
vn 0.9951847265167456 -0.09801714190788421 0
vn -0.9951847265167456 -0.09801714190788421 0
vn -0.9807852789517083 -0.19509032931342324 0
vn -0.9108251217075813 -0.412792438964632 0
vn -0.8314696016585884 -0.555570248949409 0
vn -0.7299281372126212 -0.6835238946118218 0
vn -0.555570248949409 -0.8314696016585884 0
vn -0.3826834370613369 -0.9238795305660377 0
vn -0.22716756444809408 -0.9738556862609168 0
vn -0.03281278483043951 -0.9994615155931073 0
vn 0.16280298341553193 -0.9866585977890235 0
vn 0.3521622992685364 -0.9359389483154859 0
vn 0.555570248949409 -0.8314696016585884 0
vn 0.7071067811865476 -0.7071067811865476 0
vn 0.8127920584358029 -0.5825539200311763 0
vn 0.9108251217075813 -0.412792438964632 0
vn 0.9807852789517083 -0.19509032931342324 0
vn 0.9951847265167456 0.09801714190788421 0
vn 0.9807852789517083 0.19509032931342324 0
vn 0.9108251217075813 0.412792438964632 0
vn 0.8314696016585884 0.555570248949409 0
vn 0.7071068109888685 0.7071067513842252 0
vn 0.5279882481046189 0.8492516763971769 0
vn 0.3826834370613369 0.9238795305660377 0
vn 0.19509032931342324 0.9807852789517083 0
vn -0.03281278483043951 0.9994615155931073 0
vn -0.22716756444809408 0.9738556862609168 0
vn -0.3826834370613369 0.9238795305660377 0
vn -0.5279882481046189 0.8492516763971769 0
vn -0.7071067513842252 0.7071068109888685 0
vn -0.8492516763971769 0.5279882481046189 0
vn -0.9359389483154859 0.3521622992685364 0
vn -0.9807852789517083 0.19509032931342324 0
vn -0.9951847265167456 0.09801714190788421 0
vn -0.9951847265167456 0.09801714190788421 0
vn 0.9951847265167456 0.09801714190788421 0
vn 0.9807852789517083 0.19509032931342324 0
vn 0.9359389483154859 0.3521622992685364 0
vn 0.8314696016585884 0.555570248949409 0
vn 0.7071067811865476 0.7071067811865476 0
vn 0.5825539200311763 0.8127920584358029 0
vn 0.3826834370613369 0.9238795305660377 0
vn 0.19509032931342324 0.9807852789517083 0
vn 0.03281278483043951 0.9994615155931073 0
vn -0.16280298341553193 0.9866585977890235 0
vn -0.3826834370613369 0.9238795305660377 0
vn -0.5825538806545026 0.8127920866583161 0
vn -0.7071067811865476 0.7071067811865476 0
vn -0.8127920584358029 0.5825539200311763 0
vn -0.9108251217075813 0.412792438964632 0
vn -0.9807852789517083 0.19509032931342324 0
f 51//51 3//3 1//1
f 51//51 1//1 50//50
f 49//49 50//50 1//1
f 52//52 3//3 51//51
f 48//48 49//49 1//1
f 53//53 3//3 52//52
f 47//47 48//48 1//1
f 54//54 4//4 3//3
f 54//54 3//3 53//53
f 46//46 47//47 1//1
f 55//55 5//5 4//4
f 55//55 6//6 5//5
f 55//55 4//4 54//54
f 2//2 45//45 46//46
f 2//2 46//46 1//1
f 56//56 7//7 6//6
f 56//56 6//6 55//55
f 44//44 45//45 2//2
f 57//57 8//8 7//7
f 57//57 9//9 8//8
f 57//57 7//7 56//56
f 43//43 44//44 2//2
f 58//58 9//9 57//57
f 42//42 43//43 2//2
f 10//10 9//9 58//58
f 41//41 42//42 2//2
f 11//11 10//10 58//58
f 11//11 58//58 59//59
f 12//12 11//11 59//59
f 12//12 59//59 60//60
f 13//13 12//12 60//60
f 14//14 13//13 60//60
f 14//14 60//60 61//61
f 15//15 14//14 61//61
f 15//15 61//61 30//30
f 16//16 15//15 30//30
f 29//29 41//41 2//2
f 29//29 38//38 39//39
f 29//29 39//39 40//40
f 29//29 40//40 41//41
f 17//17 30//30 31//31
f 17//17 16//16 30//30
f 28//28 38//38 29//29
f 28//28 37//37 38//38
f 18//18 31//31 32//32
f 18//18 17//17 31//31
f 27//27 37//37 28//28
f 19//19 18//18 32//32
f 26//26 36//36 37//37
f 26//26 37//37 27//27
f 20//20 32//32 33//33
f 20//20 19//19 32//32
f 25//25 35//35 36//36
f 25//25 36//36 26//26
f 21//21 33//33 34//34
f 21//21 20//20 33//33
f 24//24 35//35 25//25
f 22//22 21//21 34//34
f 23//23 34//34 35//35
f 23//23 35//35 24//24
f 23//23 22//22 34//34
f 111//111 83//83 82//82
f 111//111 84//84 83//83
f 112//112 85//85 84//84
f 112//112 86//86 85//85
f 112//112 84//84 111//111
f 110//110 82//82 81//81
f 110//110 111//111 82//82
f 113//113 87//87 86//86
f 113//113 86//86 112//112
f 109//109 110//110 81//81
f 109//109 80//80 79//79
f 109//109 81//81 80//80
f 114//114 87//87 113//113
f 114//114 88//88 87//87
f 114//114 89//89 88//88
f 108//108 79//79 78//78
f 108//108 109//109 79//79
f 115//115 90//90 89//89
f 115//115 89//89 114//114
f 107//107 108//108 78//78
f 107//107 77//77 76//76
f 107//107 78//78 77//77
f 116//116 90//90 115//115
f 106//106 76//76 75//75
f 106//106 107//107 76//76
f 117//117 90//90 116//116
f 105//105 74//74 73//73
f 105//105 75//75 74//74
f 105//105 106//106 75//75
f 118//118 90//90 117//117
f 104//104 73//73 72//72
f 104//104 105//105 73//73
f 103//103 72//72 71//71
f 103//103 104//104 72//72
f 70//70 103//103 71//71
f 70//70 102//102 103//103
f 62//62 118//118 119//119
f 62//62 119//119 120//120
f 62//62 120//120 121//121
f 62//62 90//90 118//118
f 69//69 102//102 70//70
f 122//122 62//62 121//121
f 91//91 62//62 122//122
f 68//68 101//101 102//102
f 68//68 102//102 69//69
f 67//67 100//100 101//101
f 67//67 101//101 68//68
f 66//66 100//100 67//67
f 65//65 99//99 100//100
f 65//65 100//100 66//66
f 64//64 96//96 97//97
f 64//64 97//97 98//98
f 64//64 98//98 99//99
f 64//64 99//99 65//65
f 63//63 91//91 92//92
f 63//63 92//92 93//93
f 63//63 93//93 94//94
f 63//63 94//94 95//95
f 63//63 95//95 96//96
f 63//63 96//96 64//64
f 63//63 62//62 91//91
f 146//146 148//148 147//147
f 145//145 149//149 148//148
f 145//145 148//148 146//146
f 144//144 150//150 149//149
f 144//144 149//149 145//145
f 143//143 151//151 150//150
f 143//143 150//150 144//144
f 142//142 152//152 151//151
f 142//142 151//151 143//143
f 141//141 153//153 152//152
f 141//141 152//152 142//142
f 140//140 154//154 153//153
f 140//140 153//153 141//141
f 139//139 155//155 154//154
f 139//139 154//154 140//140
f 138//138 156//156 155//155
f 138//138 155//155 139//139
f 137//137 156//156 138//138
f 136//136 157//157 156//156
f 136//136 158//158 157//157
f 136//136 156//156 137//137
f 135//135 159//159 158//158
f 135//135 158//158 136//136
f 134//134 159//159 135//135
f 134//134 160//160 159//159
f 133//133 160//160 134//134
f 132//132 160//160 133//133
f 132//132 161//161 160//160
f 131//131 161//161 132//132
f 131//131 162//162 161//161
f 131//131 163//163 162//162
f 130//130 163//163 131//131
f 129//129 163//163 130//130
f 129//129 164//164 163//163
f 129//129 165//165 164//164
f 128//128 165//165 129//129
f 127//127 165//165 128//128
f 127//127 166//166 165//165
f 126//126 166//166 127//127
f 126//126 167//167 166//166
f 126//126 168//168 167//167
f 125//125 168//168 126//126
f 124//124 168//168 125//125
f 124//124 169//169 168//168
f 123//123 169//169 124//124
f 123//123 170//170 169//169
f 172//172 171//171 173//173
f 172//172 173//173 174//174
f 175//175 172//172 174//174
f 176//176 172//172 175//175
f 177//177 172//172 176//176
f 178//178 172//172 177//177
f 179//179 172//172 178//178
f 180//180 172//172 179//179
f 181//181 172//172 180//180
f 200//200 190//190 191//191
f 200//200 191//191 192//192
f 200//200 192//192 193//193
f 200//200 193//193 194//194
f 200//200 194//194 195//195
f 200//200 195//195 196//196
f 200//200 196//196 197//197
f 198//198 200//200 197//197
f 235//235 172//172 181//181
f 235//235 181//181 182//182
f 235//235 222//222 172//172
f 236//236 222//222 235//235
f 234//234 182//182 183//183
f 234//234 235//235 182//182
f 199//199 200//200 198//198
f 233//233 183//183 184//184
f 233//233 234//234 183//183
f 237//237 222//222 236//236
f 232//232 184//184 185//185
f 232//232 233//233 184//184
f 238//238 222//222 237//237
f 231//231 232//232 185//185
f 231//231 185//185 186//186
f 239//239 221//221 222//222
f 239//239 222//222 238//238
f 230//230 186//186 187//187
f 230//230 231//231 186//186
f 240//240 220//220 221//221
f 240//240 221//221 239//239
f 241//241 219//219 220//220
f 241//241 220//220 240//240
f 229//229 187//187 188//188
f 229//229 230//230 187//187
f 228//228 188//188 189//189
f 228//228 229//229 188//188
f 242//242 218//218 219//219
f 242//242 219//219 241//241
f 217//217 218//218 242//242
f 227//227 189//189 190//190
f 227//227 190//190 200//200
f 227//227 228//228 189//189
f 243//243 217//217 242//242
f 216//216 217//217 243//243
f 244//244 216//216 243//243
f 215//215 244//244 245//245
f 215//215 216//216 244//244
f 214//214 215//215 245//245
f 213//213 245//245 246//246
f 213//213 214//214 245//245
f 212//212 213//213 246//246
f 212//212 246//246 247//247
f 201//201 223//223 224//224
f 201//201 224//224 225//225
f 201//201 225//225 226//226
f 201//201 226//226 227//227
f 201//201 227//227 200//200
f 211//211 212//212 247//247
f 211//211 247//247 248//248
f 202//202 223//223 201//201
f 202//202 254//254 223//223
f 210//210 211//211 248//248
f 210//210 248//248 249//249
f 203//203 254//254 202//202
f 203//203 253//253 254//254
f 209//209 210//210 249//249
f 204//204 253//253 203//203
f 204//204 252//252 253//253
f 208//208 209//209 249//249
f 208//208 249//249 250//250
f 205//205 252//252 204//204
f 207//207 208//208 250//250
f 207//207 250//250 251//251
f 206//206 252//252 205//205
f 206//206 207//207 251//251
f 206//206 251//251 252//252
f 271//271 288//288 272//272
f 270//270 288//288 271//271
f 269//269 287//287 288//288
f 269//269 288//288 270//270
f 268//268 285//285 286//286
f 268//268 286//286 287//287
f 268//268 287//287 269//269
f 267//267 285//285 268//268
f 266//266 284//284 285//285
f 266//266 285//285 267//267
f 265//265 282//282 283//283
f 265//265 283//283 284//284
f 265//265 284//284 266//266
f 264//264 282//282 265//265
f 263//263 281//281 282//282
f 263//263 282//282 264//264
f 262//262 280//280 281//281
f 262//262 281//281 263//263
f 261//261 278//278 279//279
f 261//261 279//279 280//280
f 261//261 280//280 262//262
f 260//260 277//277 278//278
f 260//260 278//278 261//261
f 259//259 277//277 260//260
f 258//258 276//276 277//277
f 258//258 277//277 259//259
f 257//257 275//275 276//276
f 257//257 276//276 258//258
f 256//256 274//274 275//275
f 256//256 275//275 257//257
f 255//255 274//274 256//256
f 255//255 273//273 274//274
f 305//305 322//322 306//306
f 304//304 322//322 305//305
f 303//303 321//321 322//322
f 303//303 322//322 304//304
f 302//302 319//319 320//320
f 302//302 320//320 321//321
f 302//302 321//321 303//303
f 301//301 319//319 302//302
f 300//300 317//317 318//318
f 300//300 318//318 319//319
f 300//300 319//319 301//301
f 299//299 317//317 300//300
f 298//298 316//316 317//317
f 298//298 317//317 299//299
f 297//297 315//315 316//316
f 297//297 316//316 298//298
f 296//296 314//314 315//315
f 296//296 315//315 297//297
f 295//295 313//313 314//314
f 295//295 314//314 296//296
f 294//294 311//311 312//312
f 294//294 312//312 313//313
f 294//294 313//313 295//295
f 293//293 311//311 294//294
f 292//292 310//310 311//311
f 292//292 311//311 293//293
f 291//291 308//308 309//309
f 291//291 309//309 310//310
f 291//291 310//310 292//292
f 290//290 308//308 291//291
f 289//289 308//308 290//290
f 289//289 307//307 308//308
f 377//377 348//348 349//349
f 378//378 349//349 350//350
f 378//378 350//350 351//351
f 378//378 377//377 349//349
f 376//376 347//347 348//348
f 376//376 348//348 377//377
f 375//375 346//346 347//347
f 375//375 347//347 376//376
f 379//379 351//351 352//352
f 379//379 378//378 351//351
f 380//380 379//379 352//352
f 380//380 352//352 353//353
f 374//374 346//346 375//375
f 374//374 344//344 345//345
f 374//374 345//345 346//346
f 373//373 344//344 374//374
f 373//373 343//343 344//344
f 381//381 380//380 353//353
f 381//381 353//353 354//354
f 381//381 354//354 364//364
f 382//382 381//381 364//364
f 382//382 364//364 363//363
f 372//372 343//343 373//373
f 372//372 342//342 343//343
f 383//383 382//382 363//363
f 383//383 363//363 362//362
f 371//371 341//341 342//342
f 371//371 342//342 372//372
f 340//340 341//341 371//371
f 384//384 383//383 362//362
f 384//384 362//362 361//361
f 370//370 340//340 371//371
f 339//339 340//340 370//370
f 360//360 384//384 361//361
f 385//385 384//384 360//360
f 369//369 339//339 370//370
f 359//359 385//385 360//360
f 338//338 339//339 369//369
f 386//386 385//385 359//359
f 368//368 338//338 369//369
f 358//358 386//386 359//359
f 337//337 338//338 368//368
f 367//367 337//337 368//368
f 357//357 386//386 358//358
f 357//357 387//387 386//386
f 336//336 337//337 367//367
f 356//356 388//388 387//387
f 356//356 387//387 357//357
f 335//335 336//336 367//367
f 335//335 367//367 366//366
f 355//355 389//389 388//388
f 355//355 388//388 356//356
f 334//334 366//366 365//365
f 334//334 335//335 366//366
f 323//323 389//389 355//355
f 333//333 365//365 396//396
f 333//333 334//334 365//365
f 324//324 390//390 389//389
f 324//324 389//389 323//323
f 332//332 333//333 396//396
f 325//325 391//391 390//390
f 325//325 390//390 324//324
f 331//331 396//396 395//395
f 331//331 332//332 396//396
f 326//326 391//391 325//325
f 326//326 392//392 391//391
f 330//330 331//331 395//395
f 330//330 395//395 394//394
f 327//327 392//392 326//326
f 329//329 330//330 394//394
f 329//329 394//394 393//393
f 328//328 392//392 327//327
f 328//328 329//329 393//393
f 328//328 393//393 392//392
f 451//451 419//419 420//420
f 398//398 397//397 419//419
f 398//398 419//419 451//451
f 399//399 451//451 450//450
f 399//399 398//398 451//451
f 400//400 450//450 449//449
f 400//400 399//399 450//450
f 401//401 449//449 448//448
f 401//401 400//400 449//449
f 402//402 448//448 447//447
f 402//402 401//401 448//448
f 403//403 447//447 446//446
f 403//403 402//402 447//447
f 404//404 403//403 446//446
f 404//404 446//446 445//445
f 405//405 404//404 445//445
f 405//405 445//445 444//444
f 406//406 405//405 444//444
f 406//406 444//444 443//443
f 407//407 406//406 443//443
f 407//407 443//443 442//442
f 408//408 407//407 442//442
f 408//408 442//442 441//441
f 409//409 408//408 441//441
f 409//409 441//441 440//440
f 410//410 409//409 440//440
f 410//410 440//440 439//439
f 411//411 410//410 439//439
f 411//411 439//439 438//438
f 412//412 411//411 438//438
f 412//412 438//438 437//437
f 413//413 437//437 436//436
f 413//413 412//412 437//437
f 414//414 413//413 436//436
f 414//414 436//436 435//435
f 415//415 435//435 434//434
f 415//415 414//414 435//435
f 416//416 434//434 433//433
f 416//416 415//415 434//434
f 417//417 433//433 432//432
f 417//417 416//416 433//433
f 456//456 432//432 431//431
f 456//456 417//417 432//432
f 418//418 417//417 456//456
f 457//457 431//431 430//430
f 457//457 456//456 431//431
f 458//458 430//430 429//429
f 458//458 457//457 430//430
f 459//459 429//429 428//428
f 459//459 458//458 429//429
f 460//460 428//428 427//427
f 460//460 459//459 428//428
f 461//461 427//427 426//426
f 461//461 460//460 427//427
f 462//462 461//461 426//426
f 425//425 462//462 426//426
f 463//463 462//462 425//425
f 424//424 463//463 425//425
f 464//464 463//463 424//424
f 452//452 424//424 423//423
f 452//452 464//464 424//424
f 455//455 464//464 452//452
f 453//453 452//452 423//423
f 422//422 453//453 423//423
f 421//421 454//454 422//422
f 454//454 453//453 422//422
f 468//468 465//465 467//467
f 466//466 465//465 468//468
f 503//503 488//488 489//489
f 503//503 489//489 490//490
f 504//504 490//490 491//491
f 504//504 491//491 492//492
f 504//504 503//503 490//490
f 502//502 487//487 488//488
f 502//502 488//488 503//503
f 505//505 492//492 493//493
f 505//505 504//504 492//492
f 501//501 485//485 486//486
f 501//501 486//486 487//487
f 501//501 487//487 502//502
f 506//506 505//505 493//493
f 506//506 493//493 494//494
f 506//506 494//494 495//495
f 500//500 484//484 485//485
f 500//500 485//485 501//501
f 499//499 484//484 500//500
f 499//499 482//482 483//483
f 499//499 483//483 484//484
f 507//507 495//495 496//496
f 507//507 506//506 495//495
f 530//530 481//481 482//482
f 530//530 482//482 499//499
f 508//508 507//507 496//496
f 529//529 479//479 480//480
f 529//529 480//480 481//481
f 529//529 481//481 530//530
f 509//509 508//508 496//496
f 528//528 478//478 479//479
f 528//528 479//479 529//529
f 510//510 509//509 496//496
f 497//497 510//510 496//496
f 527//527 477//477 478//478
f 527//527 478//478 528//528
f 511//511 510//510 497//497
f 512//512 511//511 497//497
f 476//476 477//477 527//527
f 476//476 527//527 526//526
f 513//513 512//512 497//497
f 475//475 476//476 526//526
f 514//514 513//513 497//497
f 474//474 475//475 526//526
f 474//474 526//526 525//525
f 473//473 525//525 524//524
f 473//473 474//474 525//525
f 472//472 473//473 524//524
f 471//471 524//524 523//523
f 471//471 472//472 524//524
f 470//470 521//521 520//520
f 470//470 522//522 521//521
f 470//470 523//523 522//522
f 470//470 471//471 523//523
f 498//498 514//514 497//497
f 498//498 515//515 514//514
f 498//498 516//516 515//515
f 498//498 517//517 516//516
f 498//498 518//518 517//517
f 498//498 519//519 518//518
f 498//498 520//520 519//519
f 498//498 470//470 520//520
f 469//469 470//470 498//498
f 566//566 531//531 533//533
f 566//566 565//565 531//531
f 564//564 531//531 565//565
f 563//563 531//531 564//564
f 567//567 566//566 533//533
f 562//562 531//531 563//563
f 568//568 567//567 533//533
f 569//569 533//533 534//534
f 569//569 568//568 533//533
f 570//570 534//534 535//535
f 570//570 535//535 536//536
f 570//570 569//569 534//534
f 532//532 562//562 561//561
f 532//532 561//561 592//592
f 532//532 531//531 562//562
f 591//591 532//532 592//592
f 571//571 536//536 537//537
f 571//571 570//570 536//536
f 590//590 532//532 591//591
f 572//572 537//537 538//538
f 572//572 538//538 539//539
f 572//572 571//571 537//537
f 589//589 532//532 590//590
f 573//573 572//572 539//539
f 540//540 573//573 539//539
f 588//588 532//532 589//589
f 541//541 573//573 540//540
f 541//541 574//574 573//573
f 542//542 574//574 541//541
f 542//542 575//575 574//574
f 543//543 575//575 542//542
f 544//544 575//575 543//543
f 544//544 576//576 575//575
f 545//545 577//577 576//576
f 545//545 576//576 544//544
f 559//559 532//532 588//588
f 559//559 560//560 532//532
f 559//559 586//586 585//585
f 559//559 587//587 586//586
f 559//559 588//588 587//587
f 546//546 577//577 545//545
f 547//547 578//578 577//577
f 547//547 577//577 546//546
f 558//558 559//559 585//585
f 558//558 585//585 584//584
f 548//548 579//579 578//578
f 548//548 578//578 547//547
f 557//557 558//558 584//584
f 549//549 579//579 548//548
f 556//556 557//557 584//584
f 556//556 584//584 583//583
f 555//555 556//556 583//583
f 555//555 583//583 582//582
f 550//550 580//580 579//579
f 550//550 579//579 549//549
f 551//551 581//581 580//580
f 551//551 580//580 550//550
f 554//554 555//555 582//582
f 553//553 582//582 581//581
f 553//553 554//554 582//582
f 552//552 553//553 581//581
f 552//552 581//581 551//551
f 594//594 596//596 593//593
f 595//595 596//596 594//594
f 609//609 597//597 598//598
f 609//609 607//607 597//597
f 610//610 606//606 607//607
f 610//610 607//607 609//609
f 611//611 605//605 606//606
f 611//611 606//606 610//610
f 612//612 604//604 605//605
f 612//612 605//605 611//611
f 613//613 603//603 604//604
f 613//613 604//604 612//612
f 614//614 602//602 603//603
f 614//614 603//603 613//613
f 615//615 601//601 602//602
f 615//615 602//602 614//614
f 599//599 600//600 608//608
f 600//600 617//617 608//608
f 600//600 601//601 617//617
f 601//601 616//616 617//617
f 601//601 615//615 616//616
f 624//624 635//635 636//636
f 625//625 634//634 635//635
f 625//625 635//635 624//624
f 623//623 636//636 637//637
f 623//623 624//624 636//636
f 626//626 633//633 634//634
f 626//626 634//634 625//625
f 627//627 632//632 633//633
f 627//627 633//633 626//626
f 628//628 631//631 632//632
f 628//628 632//632 627//627
f 629//629 618//618 631//631
f 629//629 631//631 628//628
f 619//619 618//618 629//629
f 620//620 638//638 630//630
f 620//620 621//621 638//638
f 621//621 637//637 638//638
f 621//621 622//622 637//637
f 622//622 623//623 637//637
f 646//646 640//640 639//639
f 646//646 639//639 641//641
f 645//645 640//640 646//646
f 644//644 640//640 645//645
f 643//643 640//640 644//644
f 642//642 640//640 643//643
f 660//660 647//647 648//648
f 660//660 659//659 647//647
f 661//661 648//648 649//649
f 661//661 660//660 648//648
f 662//662 649//649 650//650
f 662//662 661//661 649//649
f 663//663 650//650 651//651
f 663//663 662//662 650//650
f 664//664 651//651 652//652
f 664//664 663//663 651//651
f 665//665 652//652 653//653
f 665//665 664//664 652//652
f 666//666 653//653 654//654
f 666//666 654//654 655//655
f 666//666 665//665 653//653
f 667//667 655//655 656//656
f 667//667 666//666 655//655
f 668//668 667//667 656//656
f 658//658 656//656 657//657
f 658//658 668//668 656//656
f 669//669 680//680 681//681
f 670//670 681//681 682//682
f 670//670 669//669 681//681
f 671//671 682//682 683//683
f 671//671 670//670 682//682
f 672//672 671//671 683//683
f 673//673 683//683 684//684
f 673//673 672//672 683//683
f 674//674 684//684 685//685
f 674//674 673//673 684//684
f 675//675 685//685 686//686
f 675//675 674//674 685//685
f 676//676 686//686 687//687
f 676//676 675//675 686//686
f 677//677 687//687 688//688
f 677//677 676//676 687//687
f 678//678 688//688 689//689
f 678//678 677//677 688//688
f 679//679 689//689 690//690
f 679//679 678//678 689//689
f 691//691 702//702 703//703
f 691//691 703//703 704//704
f 705//705 691//691 704//704
f 706//706 691//691 705//705
f 707//707 692//692 691//691
f 707//707 691//691 706//706
f 708//708 693//693 692//692
f 708//708 692//692 707//707
f 694//694 693//693 708//708
f 709//709 694//694 708//708
f 695//695 694//694 709//709
f 710//710 695//695 709//709
f 696//696 695//695 710//710
f 711//711 696//696 710//710
f 697//697 696//696 711//711
f 712//712 697//697 711//711
f 698//698 697//697 712//712
f 699//699 712//712 713//713
f 699//699 698//698 712//712
f 700//700 713//713 714//714
f 700//700 699//699 713//713
f 701//701 714//714 715//715
f 701//701 700//700 714//714
f 742//742 701//701 715//715
f 742//742 715//715 716//716
f 741//741 742//742 716//716
f 731//731 741//741 716//716
f 731//731 716//716 717//717
f 732//732 717//717 718//718
f 732//732 731//731 717//717
f 730//730 724//724 725//725
f 730//730 725//725 726//726
f 730//730 726//726 727//727
f 733//733 718//718 719//719
f 733//733 732//732 718//718
f 740//740 723//723 724//724
f 740//740 724//724 730//730
f 734//734 733//733 719//719
f 739//739 723//723 740//740
f 735//735 719//719 720//720
f 735//735 734//734 719//719
f 738//738 722//722 723//723
f 738//738 723//723 739//739
f 736//736 720//720 721//721
f 736//736 735//735 720//720
f 737//737 721//721 722//722
f 737//737 736//736 721//721
f 737//737 722//722 738//738
f 728//728 730//730 727//727
f 729//729 730//730 728//728
f 756//756 755//755 761//761
f 744//744 760//760 743//743
f 762//762 757//757 756//756
f 762//762 756//756 761//761
f 763//763 744//744 745//745
f 763//763 761//761 760//760
f 763//763 760//760 744//744
f 763//763 762//762 761//761
f 764//764 758//758 757//757
f 764//764 762//762 763//763
f 764//764 757//757 762//762
f 765//765 745//745 746//746
f 765//765 764//764 763//763
f 765//765 763//763 745//745
f 766//766 759//759 758//758
f 766//766 758//758 764//764
f 766//766 747//747 759//759
f 767//767 746//746 747//747
f 767//767 765//765 746//746
f 767//767 766//766 764//764
f 767//767 747//747 766//766
f 767//767 764//764 765//765
f 768//768 751//751 752//752
f 768//768 752//752 753//753
f 768//768 753//753 754//754
f 768//768 754//754 759//759
f 768//768 759//759 747//747
f 769//769 747//747 748//748
f 769//769 748//748 749//749
f 769//769 749//749 750//750
f 769//769 750//750 751//751
f 769//769 751//751 768//768
f 769//769 768//768 747//747
f 776//776 770//770 771//771
f 776//776 771//771 777//777
f 775//775 776//776 777//777
f 774//774 775//775 777//777
f 773//773 774//774 777//777
f 772//772 773//773 777//777
f 779//779 801//801 778//778
f 780//780 802//802 779//779
f 800//800 802//802 780//780
f 781//781 800//800 780//780
f 792//792 781//781 782//782
f 792//792 791//791 800//800
f 792//792 800//800 781//781
f 793//793 782//782 783//783
f 793//793 792//792 782//782
f 794//794 783//783 784//784
f 794//794 793//793 783//783
f 795//795 784//784 785//785
f 795//795 794//794 784//784
f 796//796 785//785 786//786
f 796//796 795//795 785//785
f 797//797 786//786 787//787
f 797//797 796//796 786//786
f 798//798 787//787 788//788
f 798//798 797//797 787//787
f 799//799 788//788 789//789
f 799//799 798//798 788//788
f 790//790 799//799 789//789
f 802//802 801//801 779//779
f 806//806 805//805 831//831
f 806//806 831//831 832//832
f 807//807 832//832 833//833
f 807//807 806//806 832//832
f 808//808 833//833 834//834
f 808//808 834//834 835//835
f 808//808 807//807 833//833
f 809//809 808//808 835//835
f 810//810 835//835 836//836
f 810//810 809//809 835//835
f 811//811 836//836 837//837
f 811//811 810//810 836//836
f 812//812 837//837 838//838
f 812//812 811//811 837//837
f 813//813 838//838 839//839
f 813//813 839//839 840//840
f 813//813 812//812 838//838
f 814//814 813//813 840//840
f 815//815 840//840 841//841
f 815//815 841//841 842//842
f 815//815 814//814 840//840
f 816//816 815//815 842//842
f 817//817 816//816 842//842
f 817//817 842//842 843//843
f 817//817 843//843 844//844
f 818//818 817//817 844//844
f 819//819 818//818 844//844
f 819//819 844//844 845//845
f 819//819 845//845 846//846
f 820//820 819//819 846//846
f 821//821 820//820 846//846
f 821//821 846//846 847//847
f 822//822 821//821 847//847
f 822//822 847//847 848//848
f 823//823 822//822 848//848
f 823//823 848//848 849//849
f 823//823 849//849 850//850
f 824//824 823//823 850//850
f 824//824 850//850 851//851
f 825//825 824//824 851//851
f 825//825 851//851 852//852
f 826//826 825//825 852//852
f 827//827 826//826 852//852
f 827//827 852//852 853//853
f 828//828 853//853 854//854
f 828//828 827//827 853//853
f 829//829 854//854 855//855
f 829//829 855//855 856//856
f 829//829 828//828 854//854
f 830//830 829//829 856//856
f 804//804 856//856 803//803
f 804//804 830//830 856//856
f 860//860 859//859 885//885
f 860//860 885//885 886//886
f 861//861 886//886 887//887
f 861//861 860//860 886//886
f 862//862 887//887 888//888
f 862//862 888//888 889//889
f 862//862 861//861 887//887
f 863//863 862//862 889//889
f 864//864 889//889 890//890
f 864//864 890//890 891//891
f 864//864 863//863 889//889
f 865//865 891//891 892//892
f 865//865 864//864 891//891
f 866//866 865//865 892//892
f 867//867 892//892 893//893
f 867//867 893//893 894//894
f 867//867 866//866 892//892
f 868//868 867//867 894//894
f 869//869 894//894 895//895
f 869//869 895//895 896//896
f 869//869 868//868 894//894
f 870//870 869//869 896//896
f 871//871 870//870 896//896
f 871//871 896//896 897//897
f 871//871 897//897 898//898
f 872//872 871//871 898//898
f 873//873 872//872 898//898
f 873//873 898//898 899//899
f 873//873 899//899 900//900
f 874//874 873//873 900//900
f 875//875 874//874 900//900
f 875//875 900//900 901//901
f 876//876 875//875 901//901
f 876//876 901//901 902//902
f 877//877 876//876 902//902
f 877//877 902//902 903//903
f 877//877 903//903 904//904
f 878//878 877//877 904//904
f 878//878 904//904 905//905
f 879//879 878//878 905//905
f 880//880 879//879 905//905
f 880//880 905//905 906//906
f 881//881 880//880 906//906
f 881//881 906//906 907//907
f 881//881 907//907 908//908
f 882//882 881//881 908//908
f 883//883 908//908 909//909
f 883//883 882//882 908//908
f 884//884 909//909 910//910
f 884//884 883//883 909//909
f 858//858 910//910 857//857
f 858//858 884//884 910//910
f 930//930 912//912 911//911
f 930//930 913//913 912//912
f 930//930 911//911 929//929
f 931//931 914//914 913//913
f 931//931 913//913 930//930
f 932//932 914//914 931//931
f 933//933 915//915 914//914
f 933//933 914//914 932//932
f 934//934 916//916 915//915
f 934//934 917//917 916//916
f 934//934 915//915 933//933
f 935//935 917//917 934//934
f 936//936 918//918 917//917
f 936//936 917//917 935//935
f 937//937 919//919 918//918
f 937//937 918//918 936//936
f 938//938 920//920 919//919
f 938//938 919//919 937//937
f 939//939 921//921 920//920
f 939//939 920//920 938//938
f 940//940 922//922 921//921
f 940//940 923//923 922//922
f 940//940 921//921 939//939
f 941//941 923//923 940//940
f 942//942 924//924 923//923
f 942//942 923//923 941//941
f 943//943 925//925 924//924
f 943//943 924//924 942//942
f 944//944 926//926 925//925
f 944//944 927//927 926//926
f 944//944 925//925 943//943
f 928//928 927//927 944//944
f 963//963 946//946 945//945
f 964//964 946//946 963//963
f 965//965 947//947 946//946
f 965//965 946//946 964//964
f 966//966 948//948 947//947
f 966//966 949//949 948//948
f 966//966 947//947 965//965
f 967//967 949//949 966//966
f 968//968 950//950 949//949
f 968//968 949//949 967//967
f 969//969 951//951 950//950
f 969//969 952//952 951//951
f 969//969 950//950 968//968
f 970//970 952//952 969//969
f 971//971 953//953 952//952
f 971//971 952//952 970//970
f 972//972 954//954 953//953
f 972//972 953//953 971//971
f 973//973 955//955 954//954
f 973//973 956//956 955//955
f 973//973 954//954 972//972
f 974//974 957//957 956//956
f 974//974 956//956 973//973
f 975//975 957//957 974//974
f 976//976 958//958 957//957
f 976//976 957//957 975//975
f 977//977 959//959 958//958
f 977//977 958//958 976//976
f 978//978 960//960 959//959
f 978//978 961//961 960//960
f 978//978 959//959 977//977
f 962//962 961//961 978//978
f 998//998 980//980 979//979
f 998//998 981//981 980//980
f 998//998 979//979 997//997
f 999//999 982//982 981//981
f 999//999 981//981 998//998
f 1000//1000 982//982 999//999
f 1001//1001 983//983 982//982
f 1001//1001 982//982 1000//1000
f 1002//1002 984//984 983//983
f 1002//1002 985//985 984//984
f 1002//1002 983//983 1001//1001
f 1003//1003 985//985 1002//1002
f 1004//1004 986//986 985//985
f 1004//1004 985//985 1003//1003
f 1005//1005 987//987 986//986
f 1005//1005 986//986 1004//1004
f 1006//1006 988//988 987//987
f 1006//1006 987//987 1005//1005
f 1007//1007 989//989 988//988
f 1007//1007 988//988 1006//1006
f 1008//1008 990//990 989//989
f 1008//1008 991//991 990//990
f 1008//1008 989//989 1007//1007
f 1009//1009 991//991 1008//1008
f 1010//1010 992//992 991//991
f 1010//1010 991//991 1009//1009
f 1011//1011 993//993 992//992
f 1011//1011 992//992 1010//1010
f 1012//1012 994//994 993//993
f 1012//1012 995//995 994//994
f 1012//1012 993//993 1011//1011
f 996//996 995//995 1012//1012
f 1031//1031 1014//1014 1013//1013
f 1032//1032 1014//1014 1031//1031
f 1033//1033 1015//1015 1014//1014
f 1033//1033 1014//1014 1032//1032
f 1034//1034 1016//1016 1015//1015
f 1034//1034 1017//1017 1016//1016
f 1034//1034 1015//1015 1033//1033
f 1035//1035 1017//1017 1034//1034
f 1036//1036 1018//1018 1017//1017
f 1036//1036 1017//1017 1035//1035
f 1037//1037 1019//1019 1018//1018
f 1037//1037 1020//1020 1019//1019
f 1037//1037 1018//1018 1036//1036
f 1038//1038 1020//1020 1037//1037
f 1039//1039 1021//1021 1020//1020
f 1039//1039 1020//1020 1038//1038
f 1040//1040 1022//1022 1021//1021
f 1040//1040 1021//1021 1039//1039
f 1041//1041 1023//1023 1022//1022
f 1041//1041 1024//1024 1023//1023
f 1041//1041 1022//1022 1040//1040
f 1042//1042 1025//1025 1024//1024
f 1042//1042 1024//1024 1041//1041
f 1043//1043 1025//1025 1042//1042
f 1044//1044 1026//1026 1025//1025
f 1044//1044 1025//1025 1043//1043
f 1045//1045 1027//1027 1026//1026
f 1045//1045 1026//1026 1044//1044
f 1046//1046 1028//1028 1027//1027
f 1046//1046 1029//1029 1028//1028
f 1046//1046 1027//1027 1045//1045
f 1030//1030 1029//1029 1046//1046
